{
 "type": "FeatureCollection",
 "metadata": {
  "source": "OpenStreetMap, Overpass API",
  "license": "ODbL, © участники OpenStreetMap",
  "snapshot": "2025-12-25T00:00:00Z",
  "endpoints": {
   "17": "https://maps.mail.ru/osm/tools/overpass/api/interpreter",
   "25": "https://overpass-api.de/api/interpreter",
   "26": "https://overpass-api.de/api/interpreter",
   "28": "https://overpass-api.de/api/interpreter",
   "50": "https://overpass-api.de/api/interpreter"
  },
  "fetched_at": "2026-09-25T20:34:07+00:00"
 },
 "features": [
  {
   "type": "Feature",
   "geometry": {
    "type": "MultiLineString",
    "coordinates": [
     [
      [
       37.6157775,
       55.8235904
      ],
      [
       37.6161024,
       55.8234051
      ],
      [
       37.6161286,
       55.8233705
      ],
      [
       37.6161504,
       55.8233339
      ],
      [
       37.6161623,
       55.8232943
      ],
      [
       37.6161643,
       55.823251
      ],
      [
       37.616159,
       55.8229922
      ],
      [
       37.616161,
       55.822978
      ],
      [
       37.6161644,
       55.8229633
      ],
      [
       37.6161677,
       55.8229495
      ],
      [
       37.6161722,
       55.8229361
      ],
      [
       37.616178,
       55.8229224
      ],
      [
       37.6161839,
       55.82291
      ],
      [
       37.6161938,
       55.8228957
      ],
      [
       37.6162032,
       55.8228819
      ],
      [
       37.6162138,
       55.8228689
      ],
      [
       37.6162257,
       55.8228552
      ],
      [
       37.6162379,
       55.8228436
      ],
      [
       37.6162504,
       55.8228331
      ],
      [
       37.6162683,
       55.8228207
      ],
      [
       37.6162837,
       55.8228106
      ],
      [
       37.6163029,
       55.822801
      ],
      [
       37.6163239,
       55.822792
      ],
      [
       37.6163465,
       55.8227842
      ],
      [
       37.6163687,
       55.8227774
      ],
      [
       37.6163887,
       55.822772
      ],
      [
       37.6164093,
       55.8227668
      ],
      [
       37.6164286,
       55.8227622
      ],
      [
       37.6164478,
       55.8227581
      ],
      [
       37.6164683,
       55.822754
      ],
      [
       37.61649,
       55.8227503
      ],
      [
       37.616511,
       55.8227471
      ],
      [
       37.6165325,
       55.8227448
      ],
      [
       37.616572,
       55.8227415
      ],
      [
       37.6166112,
       55.8227389
      ],
      [
       37.6167583,
       55.8227297
      ]
     ],
     [
      [
       37.6167583,
       55.8227297
      ],
      [
       37.6169106,
       55.8227225
      ],
      [
       37.6184454,
       55.8226463
      ],
      [
       37.6187994,
       55.8226269
      ]
     ],
     [
      [
       37.6187994,
       55.8226269
      ],
      [
       37.6188309,
       55.8226249
      ],
      [
       37.6188598,
       55.8226222
      ],
      [
       37.6188898,
       55.8226184
      ],
      [
       37.6189187,
       55.8226134
      ],
      [
       37.6189473,
       55.8226067
      ],
      [
       37.6189744,
       55.8225983
      ],
      [
       37.6189976,
       55.8225892
      ],
      [
       37.6190178,
       55.8225782
      ],
      [
       37.6190363,
       55.8225672
      ],
      [
       37.6190529,
       55.8225546
      ],
      [
       37.6190646,
       55.8225412
      ],
      [
       37.6190733,
       55.8225269
      ],
      [
       37.6190803,
       55.822512
      ],
      [
       37.6190868,
       55.8224954
      ],
      [
       37.6190921,
       55.8224794
      ],
      [
       37.6190955,
       55.8224621
      ],
      [
       37.6190984,
       55.8224429
      ],
      [
       37.6191004,
       55.8224238
      ],
      [
       37.6191016,
       55.8224054
      ],
      [
       37.6191028,
       55.8223864
      ],
      [
       37.619111,
       55.8221299
      ],
      [
       37.6191115,
       55.8221165
      ],
      [
       37.6191124,
       55.8221011
      ],
      [
       37.6191142,
       55.8220858
      ],
      [
       37.6191171,
       55.8220703
      ],
      [
       37.6191226,
       55.8220546
      ],
      [
       37.6191293,
       55.8220384
      ],
      [
       37.6191372,
       55.8220218
      ],
      [
       37.6191484,
       55.8220046
      ],
      [
       37.6191639,
       55.8219897
      ],
      [
       37.6191815,
       55.8219757
      ],
      [
       37.6191992,
       55.821963
      ],
      [
       37.6192196,
       55.8219498
      ],
      [
       37.6192379,
       55.8219385
      ],
      [
       37.6192575,
       55.8219276
      ],
      [
       37.6192787,
       55.8219172
      ],
      [
       37.6193008,
       55.8219077
      ],
      [
       37.6193291,
       55.8218981
      ],
      [
       37.6193549,
       55.8218911
      ],
      [
       37.6193824,
       55.8218841
      ],
      [
       37.6194141,
       55.8218777
      ],
      [
       37.6194444,
       55.8218733
      ],
      [
       37.619474,
       55.8218698
      ],
      [
       37.6195035,
       55.8218669
      ],
      [
       37.6195329,
       55.8218648
      ],
      [
       37.6195617,
       55.8218631
      ],
      [
       37.6195904,
       55.8218619
      ]
     ],
     [
      [
       37.6195904,
       55.8218619
      ],
      [
       37.6196411,
       55.8218613
      ],
      [
       37.6197215,
       55.82186
      ],
      [
       37.6199601,
       55.8218596
      ],
      [
       37.6213391,
       55.8218598
      ],
      [
       37.6216494,
       55.8218581
      ],
      [
       37.6225746,
       55.8218533
      ],
      [
       37.6232309,
       55.8218498
      ],
      [
       37.6248767,
       55.8218382
      ],
      [
       37.6251321,
       55.8218364
      ],
      [
       37.6257419,
       55.8218361
      ],
      [
       37.628137,
       55.821823
      ],
      [
       37.628395,
       55.8218218
      ],
      [
       37.6286167,
       55.8218207
      ],
      [
       37.6293166,
       55.8218181
      ]
     ],
     [
      [
       37.6293166,
       55.8218181
      ],
      [
       37.6297555,
       55.8218737
      ]
     ],
     [
      [
       37.6297555,
       55.8218737
      ],
      [
       37.6308429,
       55.8220841
      ]
     ],
     [
      [
       37.6308429,
       55.8220841
      ],
      [
       37.6309151,
       55.8220987
      ],
      [
       37.6309732,
       55.8221096
      ],
      [
       37.631359,
       55.8221376
      ]
     ],
     [
      [
       37.631359,
       55.8221376
      ],
      [
       37.6322135,
       55.8221247
      ],
      [
       37.6336906,
       55.8220741
      ],
      [
       37.6341742,
       55.8220599
      ],
      [
       37.634611,
       55.8220488
      ],
      [
       37.6348512,
       55.82204
      ]
     ],
     [
      [
       37.6348512,
       55.82204
      ],
      [
       37.6349103,
       55.8220404
      ],
      [
       37.6349645,
       55.8220408
      ],
      [
       37.6350573,
       55.8220626
      ],
      [
       37.6350957,
       55.8220752
      ],
      [
       37.6351948,
       55.8221196
      ]
     ],
     [
      [
       37.6351948,
       55.8221196
      ],
      [
       37.6352872,
       55.8221685
      ],
      [
       37.6352984,
       55.8221732
      ],
      [
       37.6354016,
       55.8222273
      ],
      [
       37.6355549,
       55.8223225
      ]
     ],
     [
      [
       37.6355549,
       55.8223225
      ],
      [
       37.6358671,
       55.8225022
      ],
      [
       37.6362515,
       55.8227165
      ],
      [
       37.6365254,
       55.8228662
      ]
     ],
     [
      [
       37.6365254,
       55.8228662
      ],
      [
       37.6368124,
       55.8230171
      ],
      [
       37.6376169,
       55.823421
      ],
      [
       37.6378156,
       55.82353
      ]
     ],
     [
      [
       37.6378156,
       55.82353
      ],
      [
       37.6378652,
       55.8235545
      ],
      [
       37.6379857,
       55.8236157
      ],
      [
       37.6387399,
       55.8240069
      ],
      [
       37.6393533,
       55.8243166
      ],
      [
       37.6395005,
       55.8243951
      ],
      [
       37.640992,
       55.825164
      ],
      [
       37.6422676,
       55.8258303
      ],
      [
       37.6425047,
       55.825945
      ],
      [
       37.6439343,
       55.8266629
      ],
      [
       37.6449118,
       55.8271784
      ],
      [
       37.6450162,
       55.8272334
      ],
      [
       37.6451337,
       55.8272974
      ]
     ],
     [
      [
       37.6451337,
       55.8272974
      ],
      [
       37.6451732,
       55.8273176
      ],
      [
       37.6452128,
       55.8273351
      ],
      [
       37.6452492,
       55.8273483
      ],
      [
       37.6452899,
       55.8273583
      ],
      [
       37.6453307,
       55.8273635
      ],
      [
       37.6453694,
       55.8273656
      ],
      [
       37.6454079,
       55.8273663
      ],
      [
       37.6454452,
       55.827366
      ],
      [
       37.6454894,
       55.8273644
      ],
      [
       37.6455328,
       55.82736
      ],
      [
       37.6455727,
       55.8273548
      ],
      [
       37.6456111,
       55.8273481
      ],
      [
       37.6456912,
       55.8273294
      ]
     ],
     [
      [
       37.6456912,
       55.8273294
      ],
      [
       37.645764,
       55.8273078
      ],
      [
       37.6458887,
       55.8272703
      ],
      [
       37.6460711,
       55.8272146
      ],
      [
       37.646509,
       55.8270846
      ]
     ],
     [
      [
       37.646509,
       55.8270846
      ],
      [
       37.6466173,
       55.8270669
      ],
      [
       37.6467201,
       55.8270603
      ],
      [
       37.6468074,
       55.8270637
      ],
      [
       37.6468805,
       55.8270778
      ],
      [
       37.6469338,
       55.8270976
      ],
      [
       37.6469488,
       55.8271056
      ],
      [
       37.6469778,
       55.8271186
      ],
      [
       37.6470189,
       55.8271533
      ]
     ],
     [
      [
       37.6470189,
       55.8271533
      ],
      [
       37.6473318,
       55.8274636
      ],
      [
       37.6478176,
       55.8279586
      ],
      [
       37.6483574,
       55.8285029
      ],
      [
       37.6488419,
       55.8289817
      ],
      [
       37.6489721,
       55.82912
      ],
      [
       37.6490715,
       55.8292109
      ],
      [
       37.6492256,
       55.8293659
      ]
     ],
     [
      [
       37.6492256,
       55.8293659
      ],
      [
       37.6493124,
       55.8294536
      ],
      [
       37.6494107,
       55.8295432
      ]
     ],
     [
      [
       37.6494107,
       55.8295432
      ],
      [
       37.6496715,
       55.8297808
      ]
     ],
     [
      [
       37.6496715,
       55.8297808
      ],
      [
       37.6510813,
       55.8310939
      ],
      [
       37.6513586,
       55.8312831
      ]
     ],
     [
      [
       37.6513586,
       55.8312831
      ],
      [
       37.6515016,
       55.8313613
      ],
      [
       37.6516383,
       55.8314702
      ]
     ],
     [
      [
       37.6516383,
       55.8314702
      ],
      [
       37.6519639,
       55.8318212
      ],
      [
       37.6521102,
       55.8319672
      ]
     ],
     [
      [
       37.6521102,
       55.8319672
      ],
      [
       37.6521947,
       55.8320515
      ]
     ],
     [
      [
       37.6521947,
       55.8320515
      ],
      [
       37.6526717,
       55.832537
      ],
      [
       37.6534088,
       55.8332601
      ]
     ],
     [
      [
       37.6534088,
       55.8332601
      ],
      [
       37.6535365,
       55.8333825
      ],
      [
       37.6536044,
       55.8334512
      ],
      [
       37.6536979,
       55.8335335
      ]
     ],
     [
      [
       37.6536979,
       55.8335335
      ],
      [
       37.653967,
       55.8337869
      ]
     ],
     [
      [
       37.653967,
       55.8337869
      ],
      [
       37.653988,
       55.8338062
      ],
      [
       37.6543403,
       55.834112
      ]
     ],
     [
      [
       37.6543403,
       55.834112
      ],
      [
       37.6548887,
       55.8346357
      ]
     ],
     [
      [
       37.6548887,
       55.8346357
      ],
      [
       37.655072,
       55.8348224
      ],
      [
       37.6556561,
       55.8354123
      ]
     ],
     [
      [
       37.6556561,
       55.8354123
      ],
      [
       37.6556905,
       55.8354462
      ],
      [
       37.6557293,
       55.8354846
      ]
     ],
     [
      [
       37.6557293,
       55.8354846
      ],
      [
       37.6561635,
       55.8359217
      ]
     ],
     [
      [
       37.6561635,
       55.8359217
      ],
      [
       37.6562219,
       55.835979
      ],
      [
       37.6563005,
       55.8360574
      ],
      [
       37.6563919,
       55.8361255
      ],
      [
       37.656509,
       55.8361954
      ],
      [
       37.6566515,
       55.8362666
      ],
      [
       37.6571226,
       55.8364344
      ],
      [
       37.6574309,
       55.836539
      ],
      [
       37.6575827,
       55.8366015
      ],
      [
       37.6577242,
       55.8366681
      ],
      [
       37.6578523,
       55.8367654
      ]
     ],
     [
      [
       37.6578523,
       55.8367654
      ],
      [
       37.6582215,
       55.8370466
      ],
      [
       37.6584199,
       55.8371939
      ],
      [
       37.6587547,
       55.8374442
      ]
     ],
     [
      [
       37.6587547,
       55.8374442
      ],
      [
       37.6590313,
       55.8376437
      ],
      [
       37.6591476,
       55.8377314
      ]
     ],
     [
      [
       37.6591476,
       55.8377314
      ],
      [
       37.6605695,
       55.8388037
      ],
      [
       37.6616658,
       55.8396259
      ],
      [
       37.6623714,
       55.8402084
      ]
     ],
     [
      [
       37.6623714,
       55.8402084
      ],
      [
       37.6626285,
       55.8404175
      ],
      [
       37.6627786,
       55.8405396
      ]
     ],
     [
      [
       37.6627786,
       55.8405396
      ],
      [
       37.6635749,
       55.8411622
      ],
      [
       37.6640072,
       55.8415235
      ],
      [
       37.6642063,
       55.8416836
      ]
     ],
     [
      [
       37.6642063,
       55.8416836
      ],
      [
       37.6643785,
       55.8418434
      ],
      [
       37.664507,
       55.8419748
      ],
      [
       37.6645418,
       55.8420468
      ],
      [
       37.6645508,
       55.842116
      ],
      [
       37.664562,
       55.8422907
      ],
      [
       37.6645759,
       55.8423603
      ],
      [
       37.6646009,
       55.8424214
      ],
      [
       37.6646352,
       55.8424702
      ],
      [
       37.66468,
       55.8425143
      ],
      [
       37.6648027,
       55.842613
      ]
     ],
     [
      [
       37.6648027,
       55.842613
      ],
      [
       37.6652471,
       55.842943
      ],
      [
       37.6653327,
       55.8430081
      ],
      [
       37.6654477,
       55.8430957
      ],
      [
       37.6656518,
       55.8432383
      ],
      [
       37.6657776,
       55.8433305
      ]
     ],
     [
      [
       37.6657776,
       55.8433305
      ],
      [
       37.6658529,
       55.8433929
      ],
      [
       37.665913,
       55.8434396
      ],
      [
       37.6659548,
       55.8434678
      ]
     ],
     [
      [
       37.6659548,
       55.8434678
      ],
      [
       37.6660297,
       55.8435223
      ],
      [
       37.6660829,
       55.8435606
      ],
      [
       37.6661727,
       55.8436146
      ],
      [
       37.666463,
       55.8437798
      ],
      [
       37.6667238,
       55.8439392
      ],
      [
       37.6668423,
       55.844031
      ]
     ],
     [
      [
       37.6668423,
       55.844031
      ],
      [
       37.6683789,
       55.8451638
      ]
     ],
     [
      [
       37.6683789,
       55.8451638
      ],
      [
       37.6685073,
       55.8452567
      ],
      [
       37.6685445,
       55.8452828
      ],
      [
       37.6685773,
       55.8453058
      ]
     ],
     [
      [
       37.6685773,
       55.8453058
      ],
      [
       37.6690302,
       55.8456395
      ],
      [
       37.6692223,
       55.845779
      ],
      [
       37.6694964,
       55.8459816
      ],
      [
       37.6696425,
       55.8460883
      ]
     ],
     [
      [
       37.6696425,
       55.8460883
      ],
      [
       37.669738,
       55.8461689
      ],
      [
       37.6698059,
       55.846228
      ],
      [
       37.6698729,
       55.846293
      ],
      [
       37.6699268,
       55.846355
      ],
      [
       37.6699762,
       55.8464179
      ],
      [
       37.6700435,
       55.8465106
      ],
      [
       37.6700851,
       55.8465799
      ],
      [
       37.6701237,
       55.8466461
      ],
      [
       37.6701279,
       55.8466576
      ],
      [
       37.6701785,
       55.8467648
      ]
     ],
     [
      [
       37.6701785,
       55.8467648
      ],
      [
       37.6703335,
       55.847216
      ],
      [
       37.6706273,
       55.847849
      ],
      [
       37.6707424,
       55.8481591
      ],
      [
       37.6708012,
       55.8484216
      ],
      [
       37.6708525,
       55.8486606
      ],
      [
       37.6708837,
       55.849157
      ],
      [
       37.6708403,
       55.8495331
      ],
      [
       37.6707806,
       55.849874
      ],
      [
       37.6707494,
       55.8500133
      ],
      [
       37.6706813,
       55.8503485
      ],
      [
       37.6706063,
       55.8507675
      ]
     ],
     [
      [
       37.6706063,
       55.8507675
      ],
      [
       37.6705844,
       55.8508303
      ],
      [
       37.6705556,
       55.8509043
      ],
      [
       37.6704456,
       55.8510549
      ],
      [
       37.6702593,
       55.8511991
      ]
     ],
     [
      [
       37.6702593,
       55.8511991
      ],
      [
       37.6698148,
       55.8514912
      ],
      [
       37.6680008,
       55.8526829
      ],
      [
       37.6669835,
       55.8533339
      ],
      [
       37.6662528,
       55.8538044
      ],
      [
       37.6652632,
       55.8544358
      ],
      [
       37.6647293,
       55.8547765
      ],
      [
       37.6646373,
       55.8548309
      ],
      [
       37.6644367,
       55.8549497
      ],
      [
       37.6642204,
       55.8550844
      ],
      [
       37.664088,
       55.8551669
      ],
      [
       37.6628227,
       55.8559888
      ],
      [
       37.662296,
       55.8564121
      ],
      [
       37.6619052,
       55.8567262
      ],
      [
       37.66184,
       55.8567844
      ],
      [
       37.6617193,
       55.8568895
      ],
      [
       37.6613808,
       55.8572319
      ],
      [
       37.6610796,
       55.8576023
      ],
      [
       37.6608091,
       55.8580167
      ],
      [
       37.660551,
       55.8585019
      ],
      [
       37.660529,
       55.8585432
      ],
      [
       37.6603118,
       55.8590801
      ],
      [
       37.6602088,
       55.8594542
      ],
      [
       37.6601795,
       55.8595638
      ],
      [
       37.6601566,
       55.8596503
      ],
      [
       37.6601191,
       55.8598248
      ]
     ],
     [
      [
       37.6601191,
       55.8598248
      ],
      [
       37.6601112,
       55.8598618
      ],
      [
       37.6600696,
       55.8601659
      ],
      [
       37.6600601,
       55.8604205
      ],
      [
       37.6600774,
       55.8607638
      ],
      [
       37.6601157,
       55.8610318
      ],
      [
       37.6602824,
       55.8616518
      ],
      [
       37.6606836,
       55.8625395
      ]
     ],
     [
      [
       37.6606836,
       55.8625395
      ],
      [
       37.6609334,
       55.8630554
      ]
     ],
     [
      [
       37.6609334,
       55.8630554
      ],
      [
       37.6609691,
       55.8631297
      ],
      [
       37.6609942,
       55.8631818
      ],
      [
       37.6613235,
       55.8638544
      ],
      [
       37.6616972,
       55.8645961
      ],
      [
       37.6617375,
       55.8646752
      ],
      [
       37.6617428,
       55.8646855
      ],
      [
       37.6617936,
       55.8647804
      ],
      [
       37.6630165,
       55.8671601
      ],
      [
       37.663058,
       55.8672438
      ],
      [
       37.6635791,
       55.8682878
      ],
      [
       37.6636014,
       55.8683389
      ],
      [
       37.6638045,
       55.8687537
      ],
      [
       37.6638224,
       55.8687887
      ],
      [
       37.6638401,
       55.8688328
      ]
     ],
     [
      [
       37.6638401,
       55.8688328
      ],
      [
       37.6638463,
       55.8688805
      ],
      [
       37.6638456,
       55.8689057
      ],
      [
       37.6638436,
       55.8689708
      ],
      [
       37.6638125,
       55.8690861
      ],
      [
       37.6637898,
       55.8691195
      ],
      [
       37.6637677,
       55.8691615
      ],
      [
       37.6637375,
       55.8692105
      ],
      [
       37.6637305,
       55.8692318
      ],
      [
       37.6636798,
       55.8692856
      ],
      [
       37.6636483,
       55.8693225
      ],
      [
       37.6635277,
       55.8694371
      ],
      [
       37.6634525,
       55.8694949
      ],
      [
       37.663372,
       55.8695467
      ],
      [
       37.6632087,
       55.869637
      ],
      [
       37.6630854,
       55.8696876
      ],
      [
       37.6629946,
       55.8697192
      ],
      [
       37.6629224,
       55.8697409
      ],
      [
       37.6628319,
       55.8697658
      ],
      [
       37.6627458,
       55.8697877
      ],
      [
       37.6626198,
       55.8698163
      ],
      [
       37.6624892,
       55.8698419
      ]
     ],
     [
      [
       37.6624892,
       55.8698419
      ],
      [
       37.6623662,
       55.8698645
      ],
      [
       37.6622139,
       55.8698911
      ],
      [
       37.6596176,
       55.8702948
      ],
      [
       37.6587104,
       55.8704391
      ],
      [
       37.6571094,
       55.8706938
      ],
      [
       37.6569094,
       55.8707256
      ]
     ],
     [
      [
       37.6569094,
       55.8707256
      ],
      [
       37.6556496,
       55.8709247
      ],
      [
       37.6554966,
       55.8709486
      ]
     ],
     [
      [
       37.6554966,
       55.8709486
      ],
      [
       37.6540847,
       55.8711661
      ]
     ],
     [
      [
       37.6540847,
       55.8711661
      ],
      [
       37.6524715,
       55.8713951
      ],
      [
       37.6523153,
       55.8714122
      ],
      [
       37.6521872,
       55.8714263
      ],
      [
       37.6517412,
       55.8714753
      ],
      [
       37.650602,
       55.8715998
      ],
      [
       37.6505223,
       55.8716049
      ],
      [
       37.6493947,
       55.8716765
      ],
      [
       37.649303,
       55.8716771
      ],
      [
       37.6488588,
       55.8716798
      ],
      [
       37.6481314,
       55.8716849
      ],
      [
       37.6477798,
       55.8716874
      ],
      [
       37.6470982,
       55.8716572
      ],
      [
       37.6469464,
       55.8716463
      ],
      [
       37.6467347,
       55.8716311
      ],
      [
       37.646464,
       55.8716101
      ],
      [
       37.646391,
       55.8716045
      ],
      [
       37.6451271,
       55.871486
      ],
      [
       37.6445527,
       55.8714322
      ],
      [
       37.6420031,
       55.8711896
      ],
      [
       37.6393373,
       55.870936
      ],
      [
       37.6389016,
       55.8708917
      ]
     ],
     [
      [
       37.6389016,
       55.8708917
      ],
      [
       37.6387909,
       55.8708933
      ],
      [
       37.638631,
       55.8708957
      ],
      [
       37.6385064,
       55.8709201
      ],
      [
       37.6384059,
       55.8709397
      ],
      [
       37.6383849,
       55.8709457
      ],
      [
       37.6383067,
       55.8709755
      ],
      [
       37.6382007,
       55.8710255
      ],
      [
       37.6380772,
       55.871111
      ],
      [
       37.6380276,
       55.8711946
      ],
      [
       37.638019,
       55.8712091
      ]
     ],
     [
      [
       37.638019,
       55.8712091
      ],
      [
       37.6378787,
       55.8716961
      ],
      [
       37.6378601,
       55.8717588
      ],
      [
       37.6374451,
       55.8731573
      ],
      [
       37.6370817,
       55.8743664
      ],
      [
       37.6370669,
       55.8744172
      ],
      [
       37.636673,
       55.8757719
      ],
      [
       37.6360426,
       55.8779406
      ],
      [
       37.6360129,
       55.8780374
      ],
      [
       37.6359606,
       55.8782075
      ]
     ],
     [
      [
       37.6359606,
       55.8782075
      ],
      [
       37.6359575,
       55.8782279
      ],
      [
       37.6359519,
       55.8783779
      ],
      [
       37.636017,
       55.8785491
      ],
      [
       37.6360803,
       55.8786376
      ],
      [
       37.636123,
       55.8786974
      ],
      [
       37.6361565,
       55.8787375
      ]
     ],
     [
      [
       37.6361565,
       55.8787375
      ],
      [
       37.636263,
       55.878839
      ],
      [
       37.6388938,
       55.8815736
      ],
      [
       37.6389947,
       55.8816795
      ],
      [
       37.6393888,
       55.8820745
      ],
      [
       37.6412091,
       55.8839975
      ],
      [
       37.6413755,
       55.8841738
      ],
      [
       37.6418655,
       55.8846928
      ],
      [
       37.642734,
       55.8856073
      ],
      [
       37.6430122,
       55.8859019
      ],
      [
       37.6430233,
       55.8859136
      ],
      [
       37.6432114,
       55.8861057
      ]
     ],
     [
      [
       37.6432114,
       55.8861057
      ],
      [
       37.6433917,
       55.8862975
      ]
     ],
     [
      [
       37.6433917,
       55.8862975
      ],
      [
       37.6440118,
       55.8869342
      ],
      [
       37.6441976,
       55.8871441
      ],
      [
       37.644195,
       55.8872436
      ],
      [
       37.6441068,
       55.8873266
      ],
      [
       37.6440834,
       55.8873486
      ],
      [
       37.6438796,
       55.8874129
      ],
      [
       37.6429789,
       55.8875052
      ]
     ]
    ]
   },
   "properties": {
    "kind": "track",
    "route": 17,
    "direction_id": 0,
    "from": "Останкино",
    "to": "Медведково",
    "osm_relation_id": 540033
   }
  },
  {
   "type": "Feature",
   "geometry": {
    "type": "Point",
    "coordinates": [
     37.6157775,
     55.8235904
    ]
   },
   "properties": {
    "kind": "stop",
    "route": 17,
    "direction_id": 0,
    "from": "Останкино",
    "to": "Медведково",
    "osm_relation_id": 540033,
    "stop_sequence": 1,
    "stop_name": "Останкино",
    "osm_node_id": 444863659
   }
  },
  {
   "type": "Feature",
   "geometry": {
    "type": "Point",
    "coordinates": [
     37.6213391,
     55.8218598
    ]
   },
   "properties": {
    "kind": "stop",
    "route": 17,
    "direction_id": 0,
    "from": "Останкино",
    "to": "Медведково",
    "osm_relation_id": 540033,
    "stop_sequence": 2,
    "stop_name": "Аргуновская улица",
    "osm_node_id": 535844745
   }
  },
  {
   "type": "Feature",
   "geometry": {
    "type": "Point",
    "coordinates": [
     37.628137,
     55.821823
    ]
   },
   "properties": {
    "kind": "stop",
    "route": 17,
    "direction_id": 0,
    "from": "Останкино",
    "to": "Медведково",
    "osm_relation_id": 540033,
    "stop_sequence": 3,
    "stop_name": "Улица Цандера",
    "osm_node_id": 639572174
   }
  },
  {
   "type": "Feature",
   "geometry": {
    "type": "Point",
    "coordinates": [
     37.6336906,
     55.8220741
    ]
   },
   "properties": {
    "kind": "stop",
    "route": 17,
    "direction_id": 0,
    "from": "Останкино",
    "to": "Медведково",
    "osm_relation_id": 540033,
    "stop_sequence": 4,
    "stop_name": "ВДНХ (южный вход)",
    "osm_node_id": 535844754
   }
  },
  {
   "type": "Feature",
   "geometry": {
    "type": "Point",
    "coordinates": [
     37.6387399,
     55.8240069
    ]
   },
   "properties": {
    "kind": "stop",
    "route": 17,
    "direction_id": 0,
    "from": "Останкино",
    "to": "Медведково",
    "osm_relation_id": 540033,
    "stop_sequence": 5,
    "stop_name": "Метро «ВДНХ»",
    "osm_node_id": 535844761
   }
  },
  {
   "type": "Feature",
   "geometry": {
    "type": "Point",
    "coordinates": [
     37.6460711,
     55.8272146
    ]
   },
   "properties": {
    "kind": "stop",
    "route": 17,
    "direction_id": 0,
    "from": "Останкино",
    "to": "Медведково",
    "osm_relation_id": 540033,
    "stop_sequence": 6,
    "stop_name": "ВДНХ (северный вход)",
    "osm_node_id": 243894862
   }
  },
  {
   "type": "Feature",
   "geometry": {
    "type": "Point",
    "coordinates": [
     37.6488419,
     55.8289817
    ]
   },
   "properties": {
    "kind": "stop",
    "route": 17,
    "direction_id": 0,
    "from": "Останкино",
    "to": "Медведково",
    "osm_relation_id": 540033,
    "stop_sequence": 7,
    "stop_name": "Улица Сергея Эйзенштейна",
    "osm_node_id": 535844764
   }
  },
  {
   "type": "Feature",
   "geometry": {
    "type": "Point",
    "coordinates": [
     37.6519639,
     55.8318212
    ]
   },
   "properties": {
    "kind": "stop",
    "route": 17,
    "direction_id": 0,
    "from": "Останкино",
    "to": "Медведково",
    "osm_relation_id": 540033,
    "stop_sequence": 8,
    "stop_name": "Сельскохозяйственная улица",
    "osm_node_id": 535844768
   }
  },
  {
   "type": "Feature",
   "geometry": {
    "type": "Point",
    "coordinates": [
     37.6582215,
     55.8370466
    ]
   },
   "properties": {
    "kind": "stop",
    "route": 17,
    "direction_id": 0,
    "from": "Останкино",
    "to": "Медведково",
    "osm_relation_id": 540033,
    "stop_sequence": 9,
    "stop_name": "Улица Докукина",
    "osm_node_id": 273091182
   }
  },
  {
   "type": "Feature",
   "geometry": {
    "type": "Point",
    "coordinates": [
     37.6652471,
     55.842943
    ]
   },
   "properties": {
    "kind": "stop",
    "route": 17,
    "direction_id": 0,
    "from": "Останкино",
    "to": "Медведково",
    "osm_relation_id": 540033,
    "stop_sequence": 10,
    "stop_name": "МЦК Ростокино",
    "osm_node_id": 243896132
   }
  },
  {
   "type": "Feature",
   "geometry": {
    "type": "Point",
    "coordinates": [
     37.6694964,
     55.8459816
    ]
   },
   "properties": {
    "kind": "stop",
    "route": 17,
    "direction_id": 0,
    "from": "Останкино",
    "to": "Медведково",
    "osm_relation_id": 540033,
    "stop_sequence": 11,
    "stop_name": "Северянинский путепровод",
    "osm_node_id": 535844771
   }
  },
  {
   "type": "Feature",
   "geometry": {
    "type": "Point",
    "coordinates": [
     37.6706063,
     55.8507675
    ]
   },
   "properties": {
    "kind": "stop",
    "route": 17,
    "direction_id": 0,
    "from": "Останкино",
    "to": "Медведково",
    "osm_relation_id": 540033,
    "stop_sequence": 12,
    "stop_name": "Социальный фонд России",
    "osm_node_id": 535844774
   }
  },
  {
   "type": "Feature",
   "geometry": {
    "type": "Point",
    "coordinates": [
     37.6647293,
     55.8547765
    ]
   },
   "properties": {
    "kind": "stop",
    "route": 17,
    "direction_id": 0,
    "from": "Останкино",
    "to": "Медведково",
    "osm_relation_id": 540033,
    "stop_sequence": 13,
    "stop_name": "Берингов проезд",
    "osm_node_id": 535844813
   }
  },
  {
   "type": "Feature",
   "geometry": {
    "type": "Point",
    "coordinates": [
     37.6619052,
     55.8567262
    ]
   },
   "properties": {
    "kind": "stop",
    "route": 17,
    "direction_id": 0,
    "from": "Останкино",
    "to": "Медведково",
    "osm_relation_id": 540033,
    "stop_sequence": 14,
    "stop_name": "Верхоянская улица",
    "osm_node_id": 535844810
   }
  },
  {
   "type": "Feature",
   "geometry": {
    "type": "Point",
    "coordinates": [
     37.6602088,
     55.8594542
    ]
   },
   "properties": {
    "kind": "stop",
    "route": 17,
    "direction_id": 0,
    "from": "Останкино",
    "to": "Медведково",
    "osm_relation_id": 540033,
    "stop_sequence": 15,
    "stop_name": "Радужная улица",
    "osm_node_id": 535844779
   }
  },
  {
   "type": "Feature",
   "geometry": {
    "type": "Point",
    "coordinates": [
     37.6616972,
     55.8645961
    ]
   },
   "properties": {
    "kind": "stop",
    "route": 17,
    "direction_id": 0,
    "from": "Останкино",
    "to": "Медведково",
    "osm_relation_id": 540033,
    "stop_sequence": 16,
    "stop_name": "Печорская улица",
    "osm_node_id": 535844816
   }
  },
  {
   "type": "Feature",
   "geometry": {
    "type": "Point",
    "coordinates": [
     37.6635791,
     55.8682878
    ]
   },
   "properties": {
    "kind": "stop",
    "route": 17,
    "direction_id": 0,
    "from": "Останкино",
    "to": "Медведково",
    "osm_relation_id": 540033,
    "stop_sequence": 17,
    "stop_name": "Метро «Бабушкинская»",
    "osm_node_id": 535844818
   }
  },
  {
   "type": "Feature",
   "geometry": {
    "type": "Point",
    "coordinates": [
     37.6596176,
     55.8702948
    ]
   },
   "properties": {
    "kind": "stop",
    "route": 17,
    "direction_id": 0,
    "from": "Останкино",
    "to": "Медведково",
    "osm_relation_id": 540033,
    "stop_sequence": 18,
    "stop_name": "Улица Менжинского, 38",
    "osm_node_id": 535844784
   }
  },
  {
   "type": "Feature",
   "geometry": {
    "type": "Point",
    "coordinates": [
     37.6523153,
     55.8714122
    ]
   },
   "properties": {
    "kind": "stop",
    "route": 17,
    "direction_id": 0,
    "from": "Останкино",
    "to": "Медведково",
    "osm_relation_id": 540033,
    "stop_sequence": 19,
    "stop_name": "Сухонская улица",
    "osm_node_id": 535844788
   }
  },
  {
   "type": "Feature",
   "geometry": {
    "type": "Point",
    "coordinates": [
     37.6481314,
     55.8716849
    ]
   },
   "properties": {
    "kind": "stop",
    "route": 17,
    "direction_id": 0,
    "from": "Останкино",
    "to": "Медведково",
    "osm_relation_id": 540033,
    "stop_sequence": 20,
    "stop_name": "Проезд Шокальского",
    "osm_node_id": 535844782
   }
  },
  {
   "type": "Feature",
   "geometry": {
    "type": "Point",
    "coordinates": [
     37.6378787,
     55.8716961
    ]
   },
   "properties": {
    "kind": "stop",
    "route": 17,
    "direction_id": 0,
    "from": "Останкино",
    "to": "Медведково",
    "osm_relation_id": 540033,
    "stop_sequence": 21,
    "stop_name": "МФЦ «Южное Медведково»",
    "osm_node_id": 534957374
   }
  },
  {
   "type": "Feature",
   "geometry": {
    "type": "Point",
    "coordinates": [
     37.6370817,
     55.8743664
    ]
   },
   "properties": {
    "kind": "stop",
    "route": 17,
    "direction_id": 0,
    "from": "Останкино",
    "to": "Медведково",
    "osm_relation_id": 540033,
    "stop_sequence": 22,
    "stop_name": "Культурно-досуговый центр",
    "osm_node_id": 535844777
   }
  },
  {
   "type": "Feature",
   "geometry": {
    "type": "Point",
    "coordinates": [
     37.6360426,
     55.8779406
    ]
   },
   "properties": {
    "kind": "stop",
    "route": 17,
    "direction_id": 0,
    "from": "Останкино",
    "to": "Медведково",
    "osm_relation_id": 540033,
    "stop_sequence": 23,
    "stop_name": "Улица Молодцова",
    "osm_node_id": 535844790
   }
  },
  {
   "type": "Feature",
   "geometry": {
    "type": "Point",
    "coordinates": [
     37.6388938,
     55.8815736
    ]
   },
   "properties": {
    "kind": "stop",
    "route": 17,
    "direction_id": 0,
    "from": "Останкино",
    "to": "Медведково",
    "osm_relation_id": 540033,
    "stop_sequence": 24,
    "stop_name": "Поликлиника",
    "osm_node_id": 1098654108
   }
  },
  {
   "type": "Feature",
   "geometry": {
    "type": "Point",
    "coordinates": [
     37.6430233,
     55.8859136
    ]
   },
   "properties": {
    "kind": "stop",
    "route": 17,
    "direction_id": 0,
    "from": "Останкино",
    "to": "Медведково",
    "osm_relation_id": 540033,
    "stop_sequence": 25,
    "stop_name": "Улица Тихомирова",
    "osm_node_id": 679923004
   }
  },
  {
   "type": "Feature",
   "geometry": {
    "type": "Point",
    "coordinates": [
     37.6429789,
     55.8875052
    ]
   },
   "properties": {
    "kind": "stop",
    "route": 17,
    "direction_id": 0,
    "from": "Останкино",
    "to": "Медведково",
    "osm_relation_id": 540033,
    "stop_sequence": 26,
    "stop_name": "Медведково",
    "osm_node_id": 535844808
   }
  },
  {
   "type": "Feature",
   "geometry": {
    "type": "MultiLineString",
    "coordinates": [
     [
      [
       37.6429552,
       55.8865575
      ],
      [
       37.6430444,
       55.886462
      ],
      [
       37.643174,
       55.8863233
      ],
      [
       37.6431981,
       55.8862369
      ],
      [
       37.6431847,
       55.8861666
      ],
      [
       37.6431735,
       55.8861498
      ]
     ],
     [
      [
       37.6431735,
       55.8861498
      ],
      [
       37.6431488,
       55.8861125
      ],
      [
       37.6429652,
       55.8859174
      ],
      [
       37.6426737,
       55.8856248
      ],
      [
       37.6418096,
       55.8847048
      ],
      [
       37.6413151,
       55.8841812
      ],
      [
       37.6411592,
       55.8840161
      ],
      [
       37.6393216,
       55.8820907
      ],
      [
       37.6390216,
       55.8817849
      ],
      [
       37.6389401,
       55.8816972
      ],
      [
       37.636213,
       55.8788513
      ],
      [
       37.6361045,
       55.8787438
      ]
     ],
     [
      [
       37.6361045,
       55.8787438
      ],
      [
       37.6360718,
       55.8787097
      ],
      [
       37.6360265,
       55.8786442
      ],
      [
       37.635963,
       55.8785525
      ],
      [
       37.6359013,
       55.8783781
      ],
      [
       37.6358951,
       55.8782338
      ],
      [
       37.6358985,
       55.8782068
      ]
     ],
     [
      [
       37.6358985,
       55.8782068
      ],
      [
       37.6359456,
       55.8780335
      ],
      [
       37.6359714,
       55.8779396
      ],
      [
       37.6366143,
       55.8757662
      ],
      [
       37.6369974,
       55.8744708
      ],
      [
       37.637015,
       55.8744122
      ],
      [
       37.6373902,
       55.8731515
      ],
      [
       37.6377818,
       55.8718418
      ],
      [
       37.6378072,
       55.8717546
      ],
      [
       37.6379686,
       55.8712012
      ]
     ],
     [
      [
       37.6379686,
       55.8712012
      ],
      [
       37.637975,
       55.8711899
      ],
      [
       37.6380249,
       55.871102
      ],
      [
       37.6381296,
       55.8710181
      ],
      [
       37.6382545,
       55.8709515
      ],
      [
       37.6383075,
       55.8709304
      ],
      [
       37.6383654,
       55.8709074
      ],
      [
       37.6383989,
       55.8708995
      ],
      [
       37.6384874,
       55.8708785
      ],
      [
       37.638624,
       55.8708641
      ],
      [
       37.6387486,
       55.8708637
      ],
      [
       37.6389099,
       55.8708632
      ]
     ],
     [
      [
       37.6389099,
       55.8708632
      ],
      [
       37.639361,
       55.8709148
      ],
      [
       37.6420126,
       55.8711637
      ],
      [
       37.6445656,
       55.8714033
      ],
      [
       37.6451612,
       55.8714608
      ],
      [
       37.6462401,
       55.8715629
      ],
      [
       37.6464747,
       55.8715837
      ],
      [
       37.6467406,
       55.8716072
      ],
      [
       37.6469492,
       55.871622
      ],
      [
       37.6471018,
       55.8716329
      ],
      [
       37.6477786,
       55.8716599
      ],
      [
       37.6488568,
       55.8716497
      ],
      [
       37.6492998,
       55.871646
      ],
      [
       37.6493908,
       55.8716452
      ],
      [
       37.6505165,
       55.8715733
      ],
      [
       37.6505894,
       55.8715686
      ],
      [
       37.6515958,
       55.8714629
      ],
      [
       37.6521765,
       55.8713971
      ],
      [
       37.652462,
       55.8713648
      ],
      [
       37.654027,
       55.8711387
      ]
     ],
     [
      [
       37.654027,
       55.8711387
      ],
      [
       37.6554328,
       55.870922
      ]
     ],
     [
      [
       37.6554328,
       55.870922
      ],
      [
       37.6555958,
       55.8708999
      ],
      [
       37.6569015,
       55.8706937
      ]
     ],
     [
      [
       37.6569015,
       55.8706937
      ],
      [
       37.6571134,
       55.8706599
      ],
      [
       37.6586348,
       55.8704168
      ],
      [
       37.6586972,
       55.8704071
      ],
      [
       37.6622002,
       55.8698629
      ],
      [
       37.6623425,
       55.8698396
      ],
      [
       37.6624608,
       55.8698178
      ]
     ],
     [
      [
       37.6624608,
       55.8698178
      ],
      [
       37.6625879,
       55.8697915
      ],
      [
       37.6627078,
       55.8697652
      ],
      [
       37.662821,
       55.8697357
      ],
      [
       37.662898,
       55.8697137
      ],
      [
       37.6629227,
       55.8697067
      ],
      [
       37.6630393,
       55.8696678
      ],
      [
       37.6631771,
       55.8696139
      ],
      [
       37.6632667,
       55.8695656
      ],
      [
       37.6633457,
       55.8695174
      ],
      [
       37.6634168,
       55.8694707
      ],
      [
       37.6634809,
       55.8694211
      ],
      [
       37.6636061,
       55.8693035
      ],
      [
       37.6636561,
       55.8692448
      ],
      [
       37.6636902,
       55.8691995
      ],
      [
       37.6637241,
       55.8691361
      ],
      [
       37.663748,
       55.8690959
      ],
      [
       37.6637679,
       55.8690519
      ],
      [
       37.6637991,
       55.8689359
      ],
      [
       37.663802,
       55.8688923
      ],
      [
       37.6637986,
       55.8688446
      ]
     ],
     [
      [
       37.6637986,
       55.8688446
      ],
      [
       37.6637824,
       55.8687946
      ],
      [
       37.6636701,
       55.8685516
      ],
      [
       37.6635686,
       55.8683441
      ],
      [
       37.663503,
       55.8682098
      ],
      [
       37.6634259,
       55.8680484
      ],
      [
       37.6630178,
       55.8672516
      ],
      [
       37.6629735,
       55.8671651
      ],
      [
       37.661749,
       55.8647868
      ],
      [
       37.6617,
       55.8646934
      ],
      [
       37.6616944,
       55.8646829
      ],
      [
       37.6616525,
       55.8646028
      ],
      [
       37.66147,
       55.8642419
      ],
      [
       37.6612824,
       55.8638593
      ],
      [
       37.6609607,
       55.8631861
      ],
      [
       37.6609352,
       55.8631342
      ],
      [
       37.6608987,
       55.8630603
      ]
     ],
     [
      [
       37.6608987,
       55.8630603
      ],
      [
       37.6606402,
       55.8625487
      ]
     ],
     [
      [
       37.6606402,
       55.8625487
      ],
      [
       37.6602336,
       55.8616533
      ],
      [
       37.6600746,
       55.8610462
      ],
      [
       37.6600277,
       55.8607642
      ],
      [
       37.6600207,
       55.8604227
      ],
      [
       37.6600247,
       55.8601664
      ],
      [
       37.6600682,
       55.859861
      ],
      [
       37.660077,
       55.859821
      ]
     ],
     [
      [
       37.660077,
       55.859821
      ],
      [
       37.6601151,
       55.8596489
      ],
      [
       37.6601376,
       55.8595616
      ],
      [
       37.6601664,
       55.8594504
      ],
      [
       37.6602749,
       55.8590751
      ],
      [
       37.6604864,
       55.8585397
      ],
      [
       37.6605092,
       55.8584966
      ],
      [
       37.6607662,
       55.8580094
      ],
      [
       37.6610408,
       55.8575955
      ],
      [
       37.661334,
       55.8572246
      ],
      [
       37.6614864,
       55.857058
      ],
      [
       37.6616733,
       55.856879
      ],
      [
       37.661781,
       55.8567775
      ],
      [
       37.661861,
       55.8567104
      ],
      [
       37.6622614,
       55.8563943
      ],
      [
       37.6627971,
       55.8559715
      ],
      [
       37.6640763,
       55.8551301
      ],
      [
       37.6641826,
       55.8550658
      ],
      [
       37.664362,
       55.8549574
      ],
      [
       37.6645522,
       55.8548433
      ],
      [
       37.6646951,
       55.8547576
      ],
      [
       37.6650967,
       55.8545022
      ],
      [
       37.6652291,
       55.8544171
      ],
      [
       37.6662074,
       55.8537887
      ],
      [
       37.6668675,
       55.8533618
      ],
      [
       37.6678495,
       55.8527267
      ],
      [
       37.669762,
       55.8514667
      ],
      [
       37.6703976,
       55.8510479
      ]
     ],
     [
      [
       37.6703976,
       55.8510479
      ],
      [
       37.6705098,
       55.8509018
      ],
      [
       37.6705414,
       55.8508104
      ],
      [
       37.6705541,
       55.8507667
      ]
     ],
     [
      [
       37.6705541,
       55.8507667
      ],
      [
       37.670591,
       55.8505492
      ],
      [
       37.6706252,
       55.8503476
      ],
      [
       37.6706945,
       55.8500133
      ],
      [
       37.6707228,
       55.8498701
      ],
      [
       37.6707881,
       55.8495259
      ],
      [
       37.6708282,
       55.8491541
      ],
      [
       37.6707923,
       55.848665
      ],
      [
       37.6707504,
       55.8484223
      ],
      [
       37.6706822,
       55.8481589
      ],
      [
       37.6705748,
       55.8478632
      ],
      [
       37.6702817,
       55.8472203
      ],
      [
       37.670127,
       55.8467721
      ]
     ],
     [
      [
       37.670127,
       55.8467721
      ],
      [
       37.6700877,
       55.846686
      ],
      [
       37.6700704,
       55.8466549
      ],
      [
       37.6700331,
       55.8465896
      ],
      [
       37.6699951,
       55.8465207
      ],
      [
       37.6699269,
       55.8464308
      ],
      [
       37.6698763,
       55.8463682
      ],
      [
       37.669822,
       55.8463064
      ],
      [
       37.6697579,
       55.8462444
      ],
      [
       37.6696908,
       55.8461863
      ],
      [
       37.6695975,
       55.8461083
      ]
     ],
     [
      [
       37.6695975,
       55.8461083
      ],
      [
       37.6691771,
       55.8457985
      ],
      [
       37.6690538,
       55.8457135
      ],
      [
       37.6689878,
       55.8456581
      ],
      [
       37.6685335,
       55.8453236
      ]
     ],
     [
      [
       37.6685335,
       55.8453236
      ],
      [
       37.6684649,
       55.8452745
      ],
      [
       37.6683394,
       55.8451808
      ]
     ],
     [
      [
       37.6683394,
       55.8451808
      ],
      [
       37.6668008,
       55.8440474
      ]
     ],
     [
      [
       37.6668008,
       55.8440474
      ],
      [
       37.6666819,
       55.8439569
      ],
      [
       37.6664228,
       55.8438008
      ],
      [
       37.6661334,
       55.8436352
      ],
      [
       37.6660408,
       55.8435802
      ],
      [
       37.665988,
       55.8435423
      ],
      [
       37.6659129,
       55.8434849
      ]
     ],
     [
      [
       37.6659129,
       55.8434849
      ],
      [
       37.6658733,
       55.8434552
      ],
      [
       37.6658127,
       55.8434084
      ],
      [
       37.6657338,
       55.8433474
      ]
     ],
     [
      [
       37.6657338,
       55.8433474
      ],
      [
       37.6656297,
       55.8432693
      ],
      [
       37.6652879,
       55.8430273
      ],
      [
       37.6652301,
       55.8429843
      ],
      [
       37.6647619,
       55.8426302
      ]
     ],
     [
      [
       37.6647619,
       55.8426302
      ],
      [
       37.6646439,
       55.8425273
      ],
      [
       37.6645985,
       55.8424812
      ],
      [
       37.6645601,
       55.8424298
      ],
      [
       37.6645296,
       55.8423666
      ],
      [
       37.6645142,
       55.8422933
      ],
      [
       37.6645011,
       55.8421169
      ],
      [
       37.6644896,
       55.8420495
      ],
      [
       37.6644575,
       55.8419841
      ],
      [
       37.6643269,
       55.8418609
      ],
      [
       37.6641646,
       55.8417021
      ]
     ],
     [
      [
       37.6641646,
       55.8417021
      ],
      [
       37.6639607,
       55.8415424
      ],
      [
       37.6635242,
       55.8411769
      ],
      [
       37.6627243,
       55.8405555
      ]
     ],
     [
      [
       37.6627243,
       55.8405555
      ],
      [
       37.662578,
       55.840435
      ],
      [
       37.6623241,
       55.8402257
      ]
     ],
     [
      [
       37.6623241,
       55.8402257
      ],
      [
       37.6616207,
       55.8396423
      ],
      [
       37.6605287,
       55.838822
      ],
      [
       37.6591034,
       55.8377493
      ]
     ],
     [
      [
       37.6591034,
       55.8377493
      ],
      [
       37.6589881,
       55.8376625
      ],
      [
       37.6587122,
       55.8374639
      ]
     ],
     [
      [
       37.6587122,
       55.8374639
      ],
      [
       37.6583777,
       55.8372115
      ],
      [
       37.657987,
       55.8369197
      ],
      [
       37.6578075,
       55.8367831
      ]
     ],
     [
      [
       37.6578075,
       55.8367831
      ],
      [
       37.6576836,
       55.836691
      ],
      [
       37.6575489,
       55.8366283
      ],
      [
       37.6573995,
       55.8365709
      ],
      [
       37.6570944,
       55.8364626
      ],
      [
       37.656628,
       55.8362948
      ],
      [
       37.6564776,
       55.8362215
      ],
      [
       37.6563612,
       55.8361546
      ],
      [
       37.6562598,
       55.8360724
      ],
      [
       37.6561764,
       55.8359938
      ],
      [
       37.6561171,
       55.8359356
      ]
     ],
     [
      [
       37.6561171,
       55.8359356
      ],
      [
       37.655683,
       55.8355003
      ]
     ],
     [
      [
       37.655683,
       55.8355003
      ],
      [
       37.6556426,
       55.8354613
      ],
      [
       37.655607,
       55.835427
      ]
     ],
     [
      [
       37.655607,
       55.835427
      ],
      [
       37.6550246,
       55.8348389
      ],
      [
       37.6548395,
       55.8346533
      ]
     ],
     [
      [
       37.6548395,
       55.8346533
      ],
      [
       37.6542978,
       55.8341225
      ]
     ],
     [
      [
       37.6542978,
       55.8341225
      ],
      [
       37.6539554,
       55.8338328
      ],
      [
       37.6539344,
       55.8338118
      ]
     ],
     [
      [
       37.6539344,
       55.8338118
      ],
      [
       37.6536602,
       55.8335622
      ]
     ],
     [
      [
       37.6536602,
       55.8335622
      ],
      [
       37.6535588,
       55.8334665
      ],
      [
       37.6534614,
       55.8333723
      ],
      [
       37.6533689,
       55.8332796
      ]
     ],
     [
      [
       37.6533689,
       55.8332796
      ],
      [
       37.6528158,
       55.8327291
      ],
      [
       37.6526297,
       55.8325513
      ]
     ],
     [
      [
       37.6526297,
       55.8325513
      ],
      [
       37.6525491,
       55.8324654
      ],
      [
       37.6522099,
       55.8321294
      ],
      [
       37.6520706,
       55.8319832
      ]
     ],
     [
      [
       37.6520706,
       55.8319832
      ],
      [
       37.6515831,
       55.8314846
      ]
     ],
     [
      [
       37.6515831,
       55.8314846
      ],
      [
       37.6514648,
       55.8313791
      ],
      [
       37.6513165,
       55.8312897
      ]
     ],
     [
      [
       37.6513165,
       55.8312897
      ],
      [
       37.65104,
       55.8311126
      ],
      [
       37.6509595,
       55.8310365
      ]
     ],
     [
      [
       37.6509595,
       55.8310365
      ],
      [
       37.6494839,
       55.8296408
      ],
      [
       37.6493889,
       55.829554
      ]
     ],
     [
      [
       37.6493889,
       55.829554
      ],
      [
       37.6492179,
       55.829402
      ],
      [
       37.649042,
       55.829221
      ],
      [
       37.6489459,
       55.8291307
      ],
      [
       37.6489298,
       55.829106
      ]
     ],
     [
      [
       37.6489298,
       55.829106
      ],
      [
       37.6483222,
       55.8285126
      ],
      [
       37.6477715,
       55.8279726
      ],
      [
       37.6472808,
       55.8274808
      ],
      [
       37.646976,
       55.8271688
      ]
     ],
     [
      [
       37.646976,
       55.8271688
      ],
      [
       37.6469397,
       55.827138
      ],
      [
       37.6469053,
       55.8271195
      ],
      [
       37.6468603,
       55.8271035
      ],
      [
       37.646797,
       55.827092
      ],
      [
       37.6467111,
       55.8270905
      ],
      [
       37.646625,
       55.8270961
      ],
      [
       37.6465431,
       55.8271112
      ]
     ],
     [
      [
       37.6465431,
       55.8271112
      ],
      [
       37.6460967,
       55.8272421
      ],
      [
       37.645915,
       55.8272976
      ],
      [
       37.64579,
       55.8273352
      ],
      [
       37.6457148,
       55.8273575
      ]
     ],
     [
      [
       37.6457148,
       55.8273575
      ],
      [
       37.6456299,
       55.8273773
      ],
      [
       37.6455873,
       55.8273847
      ],
      [
       37.645544,
       55.8273904
      ],
      [
       37.645496,
       55.8273952
      ],
      [
       37.6454474,
       55.827397
      ],
      [
       37.6454075,
       55.8273974
      ],
      [
       37.6453658,
       55.8273966
      ],
      [
       37.6453218,
       55.8273942
      ],
      [
       37.6452725,
       55.8273878
      ],
      [
       37.645223,
       55.8273757
      ],
      [
       37.6451806,
       55.8273603
      ],
      [
       37.6451594,
       55.827351
      ],
      [
       37.6451376,
       55.8273413
      ],
      [
       37.6450816,
       55.8273132
      ]
     ],
     [
      [
       37.6450816,
       55.8273132
      ],
      [
       37.6449611,
       55.8272486
      ],
      [
       37.6448634,
       55.827197
      ],
      [
       37.6438898,
       55.8266829
      ],
      [
       37.6424669,
       55.825969
      ],
      [
       37.6422645,
       55.8258729
      ],
      [
       37.640954,
       55.8251882
      ],
      [
       37.6394613,
       55.8244197
      ],
      [
       37.6393153,
       55.8243398
      ],
      [
       37.6382716,
       55.8238048
      ],
      [
       37.6379487,
       55.8236393
      ],
      [
       37.6378267,
       55.8235775
      ],
      [
       37.6377757,
       55.8235523
      ]
     ],
     [
      [
       37.6377757,
       55.8235523
      ],
      [
       37.6375808,
       55.8234443
      ],
      [
       37.6367828,
       55.8230383
      ],
      [
       37.6364987,
       55.8228891
      ]
     ],
     [
      [
       37.6364987,
       55.8228891
      ],
      [
       37.6362269,
       55.8227372
      ],
      [
       37.6358411,
       55.8225203
      ],
      [
       37.6355305,
       55.8223414
      ]
     ],
     [
      [
       37.6355305,
       55.8223414
      ],
      [
       37.6353817,
       55.8222477
      ],
      [
       37.6352778,
       55.8221929
      ],
      [
       37.6352701,
       55.8221889
      ],
      [
       37.6351747,
       55.8221411
      ]
     ],
     [
      [
       37.6351747,
       55.8221411
      ],
      [
       37.6350787,
       55.8220934
      ],
      [
       37.6350392,
       55.8220779
      ],
      [
       37.6349545,
       55.8220596
      ],
      [
       37.634895,
       55.8220612
      ],
      [
       37.6348418,
       55.8220626
      ]
     ],
     [
      [
       37.6348418,
       55.8220626
      ],
      [
       37.6346094,
       55.8220703
      ],
      [
       37.6341704,
       55.8220839
      ],
      [
       37.6339085,
       55.822092
      ],
      [
       37.6322627,
       55.8221416
      ],
      [
       37.6314423,
       55.8221685
      ]
     ],
     [
      [
       37.6314423,
       55.8221685
      ],
      [
       37.6311844,
       55.8221579
      ],
      [
       37.630943,
       55.8221282
      ],
      [
       37.630911,
       55.822122
      ]
     ],
     [
      [
       37.630911,
       55.822122
      ],
      [
       37.63084,
       55.8221086
      ],
      [
       37.6297488,
       55.8218981
      ]
     ],
     [
      [
       37.6297488,
       55.8218981
      ],
      [
       37.62929,
       55.8218369
      ]
     ],
     [
      [
       37.62929,
       55.8218369
      ],
      [
       37.6286054,
       55.8218406
      ],
      [
       37.6283954,
       55.8218427
      ],
      [
       37.6257074,
       55.8218574
      ],
      [
       37.6251319,
       55.8218585
      ],
      [
       37.6248787,
       55.8218607
      ],
      [
       37.6232206,
       55.8218809
      ],
      [
       37.6225747,
       55.8218839
      ],
      [
       37.6221282,
       55.8218859
      ],
      [
       37.62165,
       55.821888
      ],
      [
       37.6199602,
       55.8218893
      ],
      [
       37.6197228,
       55.8218894
      ],
      [
       37.6196422,
       55.8218905
      ],
      [
       37.6195926,
       55.8218914
      ]
     ],
     [
      [
       37.6195926,
       55.8218914
      ],
      [
       37.6195652,
       55.8218921
      ],
      [
       37.6195378,
       55.8218934
      ],
      [
       37.6195101,
       55.8218949
      ],
      [
       37.6194828,
       55.8218973
      ],
      [
       37.6194539,
       55.8219004
      ],
      [
       37.6194271,
       55.8219041
      ],
      [
       37.6194009,
       55.8219091
      ],
      [
       37.6193765,
       55.8219155
      ],
      [
       37.6193526,
       55.8219223
      ],
      [
       37.61933,
       55.8219306
      ],
      [
       37.6193083,
       55.8219389
      ],
      [
       37.6192898,
       55.8219471
      ],
      [
       37.6192706,
       55.8219568
      ],
      [
       37.6192532,
       55.8219668
      ],
      [
       37.6192365,
       55.8219792
      ],
      [
       37.6192216,
       55.8219917
      ],
      [
       37.6192085,
       55.8220044
      ],
      [
       37.6191986,
       55.8220169
      ],
      [
       37.6191887,
       55.822031
      ],
      [
       37.6191814,
       55.822046
      ],
      [
       37.6191753,
       55.8220605
      ],
      [
       37.6191703,
       55.8220747
      ],
      [
       37.6191678,
       55.8220889
      ],
      [
       37.6191662,
       55.8221031
      ],
      [
       37.6191655,
       55.8221174
      ],
      [
       37.6191652,
       55.8221304
      ],
      [
       37.6191539,
       55.8223868
      ],
      [
       37.6191526,
       55.8224065
      ],
      [
       37.6191514,
       55.8224252
      ],
      [
       37.6191493,
       55.8224446
      ],
      [
       37.6191463,
       55.8224656
      ],
      [
       37.6191426,
       55.822483
      ],
      [
       37.6191362,
       55.822502
      ],
      [
       37.6191296,
       55.8225195
      ],
      [
       37.6191223,
       55.8225361
      ],
      [
       37.6191111,
       55.8225529
      ],
      [
       37.6190965,
       55.8225692
      ],
      [
       37.6190778,
       55.8225848
      ],
      [
       37.6190558,
       55.8225995
      ],
      [
       37.6190286,
       55.8226123
      ],
      [
       37.6190002,
       55.8226228
      ],
      [
       37.6189704,
       55.8226324
      ],
      [
       37.6189366,
       55.8226409
      ],
      [
       37.6189037,
       55.8226466
      ],
      [
       37.6188718,
       55.8226509
      ],
      [
       37.6188391,
       55.8226543
      ],
      [
       37.6188066,
       55.8226567
      ]
     ],
     [
      [
       37.6188066,
       55.8226567
      ],
      [
       37.6184513,
       55.8226763
      ],
      [
       37.6178431,
       55.8227071
      ],
      [
       37.6172291,
       55.8227374
      ]
     ]
    ]
   },
   "properties": {
    "kind": "track",
    "route": 17,
    "direction_id": 1,
    "from": "Медведково",
    "to": "Останкино",
    "osm_relation_id": 540139
   }
  },
  {
   "type": "Feature",
   "geometry": {
    "type": "Point",
    "coordinates": [
     37.6429552,
     55.8865575
    ]
   },
   "properties": {
    "kind": "stop",
    "route": 17,
    "direction_id": 1,
    "from": "Медведково",
    "to": "Останкино",
    "osm_relation_id": 540139,
    "stop_sequence": 1,
    "stop_name": "Медведково",
    "osm_node_id": 534957385
   }
  },
  {
   "type": "Feature",
   "geometry": {
    "type": "Point",
    "coordinates": [
     37.6418096,
     55.8847048
    ]
   },
   "properties": {
    "kind": "stop",
    "route": 17,
    "direction_id": 1,
    "from": "Медведково",
    "to": "Останкино",
    "osm_relation_id": 540139,
    "stop_sequence": 2,
    "stop_name": "Улица Тихомирова",
    "osm_node_id": 534957384
   }
  },
  {
   "type": "Feature",
   "geometry": {
    "type": "Point",
    "coordinates": [
     37.6390216,
     55.8817849
    ]
   },
   "properties": {
    "kind": "stop",
    "route": 17,
    "direction_id": 1,
    "from": "Медведково",
    "to": "Останкино",
    "osm_relation_id": 540139,
    "stop_sequence": 3,
    "stop_name": "Поликлиника",
    "osm_node_id": 534957383
   }
  },
  {
   "type": "Feature",
   "geometry": {
    "type": "Point",
    "coordinates": [
     37.636213,
     55.8788513
    ]
   },
   "properties": {
    "kind": "stop",
    "route": 17,
    "direction_id": 1,
    "from": "Медведково",
    "to": "Останкино",
    "osm_relation_id": 540139,
    "stop_sequence": 4,
    "stop_name": "Улица Молодцова",
    "osm_node_id": 534957382
   }
  },
  {
   "type": "Feature",
   "geometry": {
    "type": "Point",
    "coordinates": [
     37.6369974,
     55.8744708
    ]
   },
   "properties": {
    "kind": "stop",
    "route": 17,
    "direction_id": 1,
    "from": "Медведково",
    "to": "Останкино",
    "osm_relation_id": 540139,
    "stop_sequence": 5,
    "stop_name": "Культурно-досуговый центр",
    "osm_node_id": 534957377
   }
  },
  {
   "type": "Feature",
   "geometry": {
    "type": "Point",
    "coordinates": [
     37.6377818,
     55.8718418
    ]
   },
   "properties": {
    "kind": "stop",
    "route": 17,
    "direction_id": 1,
    "from": "Медведково",
    "to": "Останкино",
    "osm_relation_id": 540139,
    "stop_sequence": 6,
    "stop_name": "МФЦ «Южное Медведково»",
    "osm_node_id": 1098591539
   }
  },
  {
   "type": "Feature",
   "geometry": {
    "type": "Point",
    "coordinates": [
     37.6462401,
     55.8715629
    ]
   },
   "properties": {
    "kind": "stop",
    "route": 17,
    "direction_id": 1,
    "from": "Медведково",
    "to": "Останкино",
    "osm_relation_id": 540139,
    "stop_sequence": 7,
    "stop_name": "Проезд Шокальского",
    "osm_node_id": 534957378
   }
  },
  {
   "type": "Feature",
   "geometry": {
    "type": "Point",
    "coordinates": [
     37.6515958,
     55.8714629
    ]
   },
   "properties": {
    "kind": "stop",
    "route": 17,
    "direction_id": 1,
    "from": "Медведково",
    "to": "Останкино",
    "osm_relation_id": 540139,
    "stop_sequence": 8,
    "stop_name": "Сухонская улица",
    "osm_node_id": 534957381
   }
  },
  {
   "type": "Feature",
   "geometry": {
    "type": "Point",
    "coordinates": [
     37.6586348,
     55.8704168
    ]
   },
   "properties": {
    "kind": "stop",
    "route": 17,
    "direction_id": 1,
    "from": "Медведково",
    "to": "Останкино",
    "osm_relation_id": 540139,
    "stop_sequence": 9,
    "stop_name": "Улица Менжинского, 38",
    "osm_node_id": 534957379
   }
  },
  {
   "type": "Feature",
   "geometry": {
    "type": "Point",
    "coordinates": [
     37.663503,
     55.8682098
    ]
   },
   "properties": {
    "kind": "stop",
    "route": 17,
    "direction_id": 1,
    "from": "Медведково",
    "to": "Останкино",
    "osm_relation_id": 540139,
    "stop_sequence": 10,
    "stop_name": "Метро «Бабушкинская»",
    "osm_node_id": 534957387
   }
  },
  {
   "type": "Feature",
   "geometry": {
    "type": "Point",
    "coordinates": [
     37.66147,
     55.8642419
    ]
   },
   "properties": {
    "kind": "stop",
    "route": 17,
    "direction_id": 1,
    "from": "Медведково",
    "to": "Останкино",
    "osm_relation_id": 540139,
    "stop_sequence": 11,
    "stop_name": "Печорская улица",
    "osm_node_id": 534957386
   }
  },
  {
   "type": "Feature",
   "geometry": {
    "type": "Point",
    "coordinates": [
     37.6600682,
     55.859861
    ]
   },
   "properties": {
    "kind": "stop",
    "route": 17,
    "direction_id": 1,
    "from": "Медведково",
    "to": "Останкино",
    "osm_relation_id": 540139,
    "stop_sequence": 12,
    "stop_name": "Радужная улица",
    "osm_node_id": 535516946
   }
  },
  {
   "type": "Feature",
   "geometry": {
    "type": "Point",
    "coordinates": [
     37.6614864,
     55.857058
    ]
   },
   "properties": {
    "kind": "stop",
    "route": 17,
    "direction_id": 1,
    "from": "Медведково",
    "to": "Останкино",
    "osm_relation_id": 540139,
    "stop_sequence": 13,
    "stop_name": "Верхоянская улица",
    "osm_node_id": 535516949
   }
  },
  {
   "type": "Feature",
   "geometry": {
    "type": "Point",
    "coordinates": [
     37.6650967,
     55.8545022
    ]
   },
   "properties": {
    "kind": "stop",
    "route": 17,
    "direction_id": 1,
    "from": "Медведково",
    "to": "Останкино",
    "osm_relation_id": 540139,
    "stop_sequence": 14,
    "stop_name": "Берингов проезд",
    "osm_node_id": 535516954
   }
  },
  {
   "type": "Feature",
   "geometry": {
    "type": "Point",
    "coordinates": [
     37.670591,
     55.8505492
    ]
   },
   "properties": {
    "kind": "stop",
    "route": 17,
    "direction_id": 1,
    "from": "Медведково",
    "to": "Останкино",
    "osm_relation_id": 540139,
    "stop_sequence": 15,
    "stop_name": "Социальный фонд России",
    "osm_node_id": 535516942
   }
  },
  {
   "type": "Feature",
   "geometry": {
    "type": "Point",
    "coordinates": [
     37.6690538,
     55.8457135
    ]
   },
   "properties": {
    "kind": "stop",
    "route": 17,
    "direction_id": 1,
    "from": "Медведково",
    "to": "Останкино",
    "osm_relation_id": 540139,
    "stop_sequence": 16,
    "stop_name": "Северянинский путепровод",
    "osm_node_id": 535516937
   }
  },
  {
   "type": "Feature",
   "geometry": {
    "type": "Point",
    "coordinates": [
     37.6652301,
     55.8429843
    ]
   },
   "properties": {
    "kind": "stop",
    "route": 17,
    "direction_id": 1,
    "from": "Медведково",
    "to": "Останкино",
    "osm_relation_id": 540139,
    "stop_sequence": 17,
    "stop_name": "МЦК Ростокино",
    "osm_node_id": 535516930
   }
  },
  {
   "type": "Feature",
   "geometry": {
    "type": "Point",
    "coordinates": [
     37.657987,
     55.8369197
    ]
   },
   "properties": {
    "kind": "stop",
    "route": 17,
    "direction_id": 1,
    "from": "Медведково",
    "to": "Останкино",
    "osm_relation_id": 540139,
    "stop_sequence": 18,
    "stop_name": "Улица Докукина",
    "osm_node_id": 535516927
   }
  },
  {
   "type": "Feature",
   "geometry": {
    "type": "Point",
    "coordinates": [
     37.6528158,
     55.8327291
    ]
   },
   "properties": {
    "kind": "stop",
    "route": 17,
    "direction_id": 1,
    "from": "Медведково",
    "to": "Останкино",
    "osm_relation_id": 540139,
    "stop_sequence": 19,
    "stop_name": "Сельскохозяйственная улица",
    "osm_node_id": 535516922
   }
  },
  {
   "type": "Feature",
   "geometry": {
    "type": "Point",
    "coordinates": [
     37.6494839,
     55.8296408
    ]
   },
   "properties": {
    "kind": "stop",
    "route": 17,
    "direction_id": 1,
    "from": "Медведково",
    "to": "Останкино",
    "osm_relation_id": 540139,
    "stop_sequence": 20,
    "stop_name": "Улица Сергея Эйзенштейна",
    "osm_node_id": 535516918
   }
  },
  {
   "type": "Feature",
   "geometry": {
    "type": "Point",
    "coordinates": [
     37.6460967,
     55.8272421
    ]
   },
   "properties": {
    "kind": "stop",
    "route": 17,
    "direction_id": 1,
    "from": "Медведково",
    "to": "Останкино",
    "osm_relation_id": 540139,
    "stop_sequence": 21,
    "stop_name": "ВДНХ (северный вход)",
    "osm_node_id": 535516914
   }
  },
  {
   "type": "Feature",
   "geometry": {
    "type": "Point",
    "coordinates": [
     37.6382716,
     55.8238048
    ]
   },
   "properties": {
    "kind": "stop",
    "route": 17,
    "direction_id": 1,
    "from": "Медведково",
    "to": "Останкино",
    "osm_relation_id": 540139,
    "stop_sequence": 22,
    "stop_name": "Метро «ВДНХ»",
    "osm_node_id": 535516842
   }
  },
  {
   "type": "Feature",
   "geometry": {
    "type": "Point",
    "coordinates": [
     37.6339085,
     55.822092
    ]
   },
   "properties": {
    "kind": "stop",
    "route": 17,
    "direction_id": 1,
    "from": "Медведково",
    "to": "Останкино",
    "osm_relation_id": 540139,
    "stop_sequence": 23,
    "stop_name": "ВДНХ (южный вход)",
    "osm_node_id": 1046562062
   }
  },
  {
   "type": "Feature",
   "geometry": {
    "type": "Point",
    "coordinates": [
     37.6286054,
     55.8218406
    ]
   },
   "properties": {
    "kind": "stop",
    "route": 17,
    "direction_id": 1,
    "from": "Медведково",
    "to": "Останкино",
    "osm_relation_id": 540139,
    "stop_sequence": 24,
    "stop_name": "Улица Цандера",
    "osm_node_id": 1046561946
   }
  },
  {
   "type": "Feature",
   "geometry": {
    "type": "Point",
    "coordinates": [
     37.6221282,
     55.8218859
    ]
   },
   "properties": {
    "kind": "stop",
    "route": 17,
    "direction_id": 1,
    "from": "Медведково",
    "to": "Останкино",
    "osm_relation_id": 540139,
    "stop_sequence": 25,
    "stop_name": "Аргуновская улица",
    "osm_node_id": 535516828
   }
  },
  {
   "type": "Feature",
   "geometry": {
    "type": "Point",
    "coordinates": [
     37.6172291,
     55.8227374
    ]
   },
   "properties": {
    "kind": "stop",
    "route": 17,
    "direction_id": 1,
    "from": "Медведково",
    "to": "Останкино",
    "osm_relation_id": 540139,
    "stop_sequence": 26,
    "stop_name": "Останкино",
    "osm_node_id": 3236023227
   }
  },
  {
   "type": "Feature",
   "geometry": {
    "type": "MultiLineString",
    "coordinates": [
     [
      [
       37.6157775,
       55.8235904
      ],
      [
       37.6161024,
       55.8234051
      ],
      [
       37.6161286,
       55.8233705
      ],
      [
       37.6161504,
       55.8233339
      ],
      [
       37.6161623,
       55.8232943
      ],
      [
       37.6161643,
       55.823251
      ],
      [
       37.616159,
       55.8229922
      ],
      [
       37.616161,
       55.822978
      ],
      [
       37.6161644,
       55.8229633
      ],
      [
       37.6161677,
       55.8229495
      ],
      [
       37.6161722,
       55.8229361
      ],
      [
       37.616178,
       55.8229224
      ],
      [
       37.6161839,
       55.82291
      ],
      [
       37.6161938,
       55.8228957
      ],
      [
       37.6162032,
       55.8228819
      ],
      [
       37.6162138,
       55.8228689
      ],
      [
       37.6162257,
       55.8228552
      ],
      [
       37.6162379,
       55.8228436
      ],
      [
       37.6162504,
       55.8228331
      ],
      [
       37.6162683,
       55.8228207
      ],
      [
       37.6162837,
       55.8228106
      ],
      [
       37.6163029,
       55.822801
      ],
      [
       37.6163239,
       55.822792
      ],
      [
       37.6163465,
       55.8227842
      ],
      [
       37.6163687,
       55.8227774
      ],
      [
       37.6163887,
       55.822772
      ],
      [
       37.6164093,
       55.8227668
      ],
      [
       37.6164286,
       55.8227622
      ],
      [
       37.6164478,
       55.8227581
      ],
      [
       37.6164683,
       55.822754
      ],
      [
       37.61649,
       55.8227503
      ],
      [
       37.616511,
       55.8227471
      ],
      [
       37.6165325,
       55.8227448
      ],
      [
       37.616572,
       55.8227415
      ],
      [
       37.6166112,
       55.8227389
      ],
      [
       37.6167583,
       55.8227297
      ]
     ],
     [
      [
       37.6167583,
       55.8227297
      ],
      [
       37.6169106,
       55.8227225
      ],
      [
       37.6184454,
       55.8226463
      ],
      [
       37.6187994,
       55.8226269
      ]
     ],
     [
      [
       37.6187994,
       55.8226269
      ],
      [
       37.6188309,
       55.8226249
      ],
      [
       37.6188598,
       55.8226222
      ],
      [
       37.6188898,
       55.8226184
      ],
      [
       37.6189187,
       55.8226134
      ],
      [
       37.6189473,
       55.8226067
      ],
      [
       37.6189744,
       55.8225983
      ],
      [
       37.6189976,
       55.8225892
      ],
      [
       37.6190178,
       55.8225782
      ],
      [
       37.6190363,
       55.8225672
      ],
      [
       37.6190529,
       55.8225546
      ],
      [
       37.6190646,
       55.8225412
      ],
      [
       37.6190733,
       55.8225269
      ],
      [
       37.6190803,
       55.822512
      ],
      [
       37.6190868,
       55.8224954
      ],
      [
       37.6190921,
       55.8224794
      ],
      [
       37.6190955,
       55.8224621
      ],
      [
       37.6190984,
       55.8224429
      ],
      [
       37.6191004,
       55.8224238
      ],
      [
       37.6191016,
       55.8224054
      ],
      [
       37.6191028,
       55.8223864
      ],
      [
       37.619111,
       55.8221299
      ],
      [
       37.6191115,
       55.8221165
      ],
      [
       37.6191124,
       55.8221011
      ],
      [
       37.6191142,
       55.8220858
      ],
      [
       37.6191171,
       55.8220703
      ],
      [
       37.6191226,
       55.8220546
      ],
      [
       37.6191293,
       55.8220384
      ],
      [
       37.6191372,
       55.8220218
      ],
      [
       37.6191484,
       55.8220046
      ],
      [
       37.6191639,
       55.8219897
      ],
      [
       37.6191815,
       55.8219757
      ],
      [
       37.6191992,
       55.821963
      ],
      [
       37.6192196,
       55.8219498
      ],
      [
       37.6192379,
       55.8219385
      ],
      [
       37.6192575,
       55.8219276
      ],
      [
       37.6192787,
       55.8219172
      ],
      [
       37.6193008,
       55.8219077
      ],
      [
       37.6193291,
       55.8218981
      ],
      [
       37.6193549,
       55.8218911
      ],
      [
       37.6193824,
       55.8218841
      ],
      [
       37.6194141,
       55.8218777
      ],
      [
       37.6194444,
       55.8218733
      ],
      [
       37.619474,
       55.8218698
      ],
      [
       37.6195035,
       55.8218669
      ],
      [
       37.6195329,
       55.8218648
      ],
      [
       37.6195617,
       55.8218631
      ],
      [
       37.6195904,
       55.8218619
      ]
     ],
     [
      [
       37.6195904,
       55.8218619
      ],
      [
       37.6196411,
       55.8218613
      ],
      [
       37.6197215,
       55.82186
      ],
      [
       37.6199601,
       55.8218596
      ],
      [
       37.6213391,
       55.8218598
      ],
      [
       37.6216494,
       55.8218581
      ],
      [
       37.6225746,
       55.8218533
      ],
      [
       37.6232309,
       55.8218498
      ],
      [
       37.6248767,
       55.8218382
      ],
      [
       37.6251321,
       55.8218364
      ],
      [
       37.6257419,
       55.8218361
      ],
      [
       37.628137,
       55.821823
      ],
      [
       37.628395,
       55.8218218
      ],
      [
       37.6286167,
       55.8218207
      ],
      [
       37.6293166,
       55.8218181
      ]
     ],
     [
      [
       37.6293166,
       55.8218181
      ],
      [
       37.6297555,
       55.8218737
      ]
     ],
     [
      [
       37.6297555,
       55.8218737
      ],
      [
       37.6308429,
       55.8220841
      ]
     ],
     [
      [
       37.6308429,
       55.8220841
      ],
      [
       37.6309151,
       55.8220987
      ],
      [
       37.6309732,
       55.8221096
      ],
      [
       37.631359,
       55.8221376
      ]
     ],
     [
      [
       37.631359,
       55.8221376
      ],
      [
       37.6322135,
       55.8221247
      ],
      [
       37.6336906,
       55.8220741
      ],
      [
       37.6341742,
       55.8220599
      ],
      [
       37.634611,
       55.8220488
      ],
      [
       37.6348512,
       55.82204
      ]
     ],
     [
      [
       37.6348512,
       55.82204
      ],
      [
       37.6349103,
       55.8220404
      ],
      [
       37.6349645,
       55.8220408
      ],
      [
       37.6350573,
       55.8220626
      ],
      [
       37.6350957,
       55.8220752
      ],
      [
       37.6351948,
       55.8221196
      ]
     ],
     [
      [
       37.6351948,
       55.8221196
      ],
      [
       37.6352872,
       55.8221685
      ],
      [
       37.6352984,
       55.8221732
      ],
      [
       37.6354016,
       55.8222273
      ],
      [
       37.6355549,
       55.8223225
      ]
     ],
     [
      [
       37.6355549,
       55.8223225
      ],
      [
       37.6358671,
       55.8225022
      ],
      [
       37.6362515,
       55.8227165
      ],
      [
       37.6365254,
       55.8228662
      ]
     ],
     [
      [
       37.6365254,
       55.8228662
      ],
      [
       37.6368124,
       55.8230171
      ],
      [
       37.6376169,
       55.823421
      ],
      [
       37.6378156,
       55.82353
      ]
     ],
     [
      [
       37.6378156,
       55.82353
      ],
      [
       37.6378652,
       55.8235545
      ],
      [
       37.6379857,
       55.8236157
      ],
      [
       37.6387399,
       55.8240069
      ],
      [
       37.6393533,
       55.8243166
      ],
      [
       37.6395005,
       55.8243951
      ],
      [
       37.640992,
       55.825164
      ],
      [
       37.6422676,
       55.8258303
      ],
      [
       37.6425047,
       55.825945
      ],
      [
       37.6439343,
       55.8266629
      ],
      [
       37.6449118,
       55.8271784
      ],
      [
       37.6450162,
       55.8272334
      ],
      [
       37.6451337,
       55.8272974
      ]
     ],
     [
      [
       37.6451337,
       55.8272974
      ],
      [
       37.6451732,
       55.8273176
      ],
      [
       37.6452128,
       55.8273351
      ],
      [
       37.6452492,
       55.8273483
      ],
      [
       37.6452899,
       55.8273583
      ],
      [
       37.6453307,
       55.8273635
      ],
      [
       37.6453694,
       55.8273656
      ],
      [
       37.6454079,
       55.8273663
      ],
      [
       37.6454452,
       55.827366
      ],
      [
       37.6454894,
       55.8273644
      ],
      [
       37.6455328,
       55.82736
      ],
      [
       37.6455727,
       55.8273548
      ],
      [
       37.6456111,
       55.8273481
      ],
      [
       37.6456912,
       55.8273294
      ]
     ],
     [
      [
       37.6456912,
       55.8273294
      ],
      [
       37.645764,
       55.8273078
      ],
      [
       37.6458887,
       55.8272703
      ],
      [
       37.6460711,
       55.8272146
      ],
      [
       37.646509,
       55.8270846
      ]
     ],
     [
      [
       37.646509,
       55.8270846
      ],
      [
       37.6472152,
       55.8268688
      ]
     ],
     [
      [
       37.6472152,
       55.8268688
      ],
      [
       37.6478451,
       55.8266562
      ],
      [
       37.6480821,
       55.8265776
      ],
      [
       37.6492812,
       55.8261722
      ]
     ],
     [
      [
       37.6492812,
       55.8261722
      ],
      [
       37.6510557,
       55.8255809
      ]
     ],
     [
      [
       37.6510557,
       55.8255809
      ],
      [
       37.6512202,
       55.8255152
      ],
      [
       37.6514647,
       55.8253962
      ],
      [
       37.6515553,
       55.8253438
      ],
      [
       37.6517109,
       55.8252499
      ],
      [
       37.6518802,
       55.8251578
      ],
      [
       37.6521574,
       55.8250147
      ],
      [
       37.6522783,
       55.8249706
      ]
     ],
     [
      [
       37.6522783,
       55.8249706
      ],
      [
       37.6528908,
       55.8247516
      ],
      [
       37.6531787,
       55.8246536
      ],
      [
       37.6534982,
       55.8245402
      ],
      [
       37.6546763,
       55.8241368
      ],
      [
       37.6548667,
       55.8240721
      ],
      [
       37.655147,
       55.8239769
      ]
     ],
     [
      [
       37.655147,
       55.8239769
      ],
      [
       37.6556707,
       55.8237991
      ],
      [
       37.6560497,
       55.8236739
      ],
      [
       37.6567809,
       55.8234255
      ],
      [
       37.6570766,
       55.8233251
      ],
      [
       37.6575317,
       55.8231679
      ]
     ],
     [
      [
       37.6575317,
       55.8231679
      ],
      [
       37.6576805,
       55.8231187
      ],
      [
       37.6577714,
       55.8230905
      ],
      [
       37.6586016,
       55.8228406
      ],
      [
       37.6587556,
       55.8227941
      ],
      [
       37.6601344,
       55.8223722
      ],
      [
       37.6602188,
       55.8223444
      ],
      [
       37.6603717,
       55.8222982
      ],
      [
       37.6614911,
       55.8219602
      ],
      [
       37.6623595,
       55.8216916
      ],
      [
       37.6628997,
       55.8215245
      ],
      [
       37.6637317,
       55.8212813
      ],
      [
       37.664362,
       55.8210971
      ],
      [
       37.6648075,
       55.8209702
      ],
      [
       37.666235,
       55.8205655
      ],
      [
       37.6675311,
       55.8201789
      ]
     ],
     [
      [
       37.6675311,
       55.8201789
      ],
      [
       37.6683193,
       55.8199586
      ]
     ],
     [
      [
       37.6683193,
       55.8199586
      ],
      [
       37.6702965,
       55.8193763
      ],
      [
       37.6708512,
       55.8192129
      ],
      [
       37.6711136,
       55.8191388
      ]
     ],
     [
      [
       37.6711136,
       55.8191388
      ],
      [
       37.6717525,
       55.8189583
      ],
      [
       37.6752006,
       55.8179841
      ]
     ],
     [
      [
       37.6752006,
       55.8179841
      ],
      [
       37.6755571,
       55.8178998
      ],
      [
       37.6757451,
       55.8178661
      ]
     ],
     [
      [
       37.6757451,
       55.8178661
      ],
      [
       37.6769931,
       55.8176427
      ],
      [
       37.6773825,
       55.8175758
      ],
      [
       37.6779271,
       55.8174889
      ],
      [
       37.6780235,
       55.8174724
      ],
      [
       37.6783497,
       55.8174165
      ],
      [
       37.6787029,
       55.817355
      ],
      [
       37.6787958,
       55.8173407
      ],
      [
       37.6789844,
       55.8173115
      ],
      [
       37.679088,
       55.8172919
      ],
      [
       37.679174,
       55.8172742
      ]
     ],
     [
      [
       37.679174,
       55.8172742
      ],
      [
       37.6793578,
       55.8172403
      ],
      [
       37.6795411,
       55.8172012
      ],
      [
       37.6797897,
       55.8171063
      ]
     ],
     [
      [
       37.6797897,
       55.8171063
      ],
      [
       37.6801664,
       55.816925
      ],
      [
       37.6802248,
       55.8168974
      ],
      [
       37.6810031,
       55.8165287
      ],
      [
       37.6822215,
       55.8159595
      ],
      [
       37.6826825,
       55.8157455
      ]
     ],
     [
      [
       37.6826825,
       55.8157455
      ],
      [
       37.6829681,
       55.8156392
      ],
      [
       37.6832201,
       55.8155673
      ],
      [
       37.6834083,
       55.8155352
      ]
     ],
     [
      [
       37.6834083,
       55.8155352
      ],
      [
       37.6840045,
       55.8154337
      ],
      [
       37.6843114,
       55.8153883
      ]
     ],
     [
      [
       37.6843114,
       55.8153883
      ],
      [
       37.6848195,
       55.8153174
      ],
      [
       37.6850679,
       55.8152612
      ],
      [
       37.6851603,
       55.8152229
      ],
      [
       37.6852798,
       55.8151599
      ]
     ],
     [
      [
       37.6852798,
       55.8151599
      ],
      [
       37.685379,
       55.8150879
      ],
      [
       37.6865173,
       55.8142621
      ]
     ],
     [
      [
       37.6865173,
       55.8142621
      ],
      [
       37.6866934,
       55.8141343
      ],
      [
       37.6867424,
       55.8140918
      ],
      [
       37.6867717,
       55.8140499
      ],
      [
       37.6867932,
       55.8140088
      ],
      [
       37.6867967,
       55.813998
      ],
      [
       37.6868091,
       55.8139604
      ],
      [
       37.6868153,
       55.8138942
      ],
      [
       37.6868146,
       55.8138383
      ],
      [
       37.6868012,
       55.813794
      ],
      [
       37.6867816,
       55.8137465
      ],
      [
       37.6867508,
       55.8137077
      ]
     ],
     [
      [
       37.6867508,
       55.8137077
      ],
      [
       37.6862539,
       55.8130687
      ],
      [
       37.6857255,
       55.8124022
      ]
     ],
     [
      [
       37.6857255,
       55.8124022
      ],
      [
       37.6853045,
       55.8118412
      ],
      [
       37.6847987,
       55.8111819
      ]
     ],
     [
      [
       37.6847987,
       55.8111819
      ],
      [
       37.6847637,
       55.8111302
      ],
      [
       37.6847488,
       55.8110982
      ],
      [
       37.6847457,
       55.8110676
      ],
      [
       37.6847511,
       55.8110379
      ],
      [
       37.6847747,
       55.8109921
      ],
      [
       37.684805,
       55.8109547
      ],
      [
       37.6848516,
       55.810913
      ]
     ],
     [
      [
       37.6848516,
       55.810913
      ],
      [
       37.6853975,
       55.810502
      ],
      [
       37.6877084,
       55.8087622
      ],
      [
       37.6880014,
       55.8085416
      ],
      [
       37.6894921,
       55.8074192
      ],
      [
       37.6895273,
       55.8073927
      ],
      [
       37.6901761,
       55.8069042
      ]
     ],
     [
      [
       37.6901761,
       55.8069042
      ],
      [
       37.6915524,
       55.8058679
      ]
     ],
     [
      [
       37.6915524,
       55.8058679
      ],
      [
       37.6917186,
       55.8057428
      ]
     ],
     [
      [
       37.6917186,
       55.8057428
      ],
      [
       37.6917319,
       55.8057341
      ],
      [
       37.6917641,
       55.8056962
      ],
      [
       37.6917728,
       55.8056489
      ],
      [
       37.6917697,
       55.8056123
      ],
      [
       37.6917545,
       55.8055811
      ],
      [
       37.6917349,
       55.8055523
      ],
      [
       37.6917088,
       55.8055228
      ],
      [
       37.691675,
       55.8054894
      ]
     ],
     [
      [
       37.691675,
       55.8054894
      ],
      [
       37.6906147,
       55.8045391
      ],
      [
       37.6901435,
       55.8041102
      ],
      [
       37.6888129,
       55.8028976
      ],
      [
       37.6887273,
       55.8028181
      ],
      [
       37.6884912,
       55.8026189
      ]
     ],
     [
      [
       37.6884912,
       55.8026189
      ],
      [
       37.6881889,
       55.8023428
      ],
      [
       37.6881567,
       55.8023134
      ],
      [
       37.687957,
       55.8020489
      ],
      [
       37.6878138,
       55.8018314
      ],
      [
       37.6877287,
       55.8016832
      ]
     ],
     [
      [
       37.6877287,
       55.8016832
      ],
      [
       37.6874985,
       55.8012824
      ],
      [
       37.6874637,
       55.8012254
      ],
      [
       37.6869744,
       55.8004238
      ]
     ],
     [
      [
       37.6869744,
       55.8004238
      ],
      [
       37.6868466,
       55.8002145
      ],
      [
       37.686617,
       55.7999434
      ],
      [
       37.6861749,
       55.7995479
      ]
     ],
     [
      [
       37.6861749,
       55.7995479
      ],
      [
       37.6861283,
       55.7995054
      ],
      [
       37.6860481,
       55.79944
      ],
      [
       37.6859886,
       55.7993858
      ],
      [
       37.6859132,
       55.7993104
      ],
      [
       37.685614,
       55.799026
      ]
     ],
     [
      [
       37.685614,
       55.799026
      ],
      [
       37.6852449,
       55.7986752
      ],
      [
       37.6849909,
       55.7983961
      ]
     ],
     [
      [
       37.6849909,
       55.7983961
      ],
      [
       37.6832784,
       55.796515
      ]
     ],
     [
      [
       37.6832784,
       55.796515
      ],
      [
       37.6831284,
       55.7963502
      ],
      [
       37.6830666,
       55.7962518
      ],
      [
       37.6830321,
       55.7961937
      ],
      [
       37.6829565,
       55.7960284
      ],
      [
       37.6828937,
       55.7958677
      ]
     ],
     [
      [
       37.6828937,
       55.7958677
      ],
      [
       37.6822975,
       55.7943876
      ],
      [
       37.6817271,
       55.7929809
      ]
     ],
     [
      [
       37.6817271,
       55.7929809
      ],
      [
       37.681696,
       55.7929041
      ],
      [
       37.6816786,
       55.792882
      ],
      [
       37.6816549,
       55.7928618
      ],
      [
       37.6816255,
       55.7928441
      ],
      [
       37.6816007,
       55.7928332
      ],
      [
       37.6815913,
       55.7928294
      ],
      [
       37.6815533,
       55.7928182
      ],
      [
       37.6814748,
       55.7928003
      ]
     ],
     [
      [
       37.6814748,
       55.7928003
      ],
      [
       37.6807219,
       55.792629
      ],
      [
       37.680539,
       55.7925858
      ]
     ],
     [
      [
       37.680539,
       55.7925858
      ],
      [
       37.6804464,
       55.7925648
      ],
      [
       37.6804058,
       55.7925483
      ],
      [
       37.6803767,
       55.7925318
      ],
      [
       37.6803414,
       55.7925054
      ],
      [
       37.6803398,
       55.7925036
      ],
      [
       37.6803192,
       55.7924801
      ],
      [
       37.6803046,
       55.7924531
      ],
      [
       37.6802989,
       55.7924291
      ],
      [
       37.6802994,
       55.7923971
      ],
      [
       37.68031,
       55.7923632
      ]
     ],
     [
      [
       37.68031,
       55.7923632
      ],
      [
       37.6803444,
       55.7923116
      ],
      [
       37.6807767,
       55.7916318
      ]
     ],
     [
      [
       37.6807767,
       55.7916318
      ],
      [
       37.6807832,
       55.7915909
      ],
      [
       37.6807761,
       55.7915543
      ],
      [
       37.6807582,
       55.7915241
      ],
      [
       37.6807315,
       55.791496
      ],
      [
       37.6806966,
       55.7914709
      ],
      [
       37.6806547,
       55.7914494
      ],
      [
       37.6806062,
       55.7914353
      ],
      [
       37.6805529,
       55.7914236
      ],
      [
       37.6804994,
       55.7914129
      ]
     ],
     [
      [
       37.6804994,
       55.7914129
      ],
      [
       37.6804559,
       55.7914048
      ],
      [
       37.6799512,
       55.7913018
      ],
      [
       37.6799254,
       55.7913011
      ],
      [
       37.6798998,
       55.7913028
      ],
      [
       37.679875,
       55.7913069
      ],
      [
       37.6798517,
       55.7913131
      ],
      [
       37.6798306,
       55.7913214
      ],
      [
       37.6798121,
       55.7913316
      ],
      [
       37.6797968,
       55.7913433
      ],
      [
       37.6797851,
       55.7913562
      ],
      [
       37.6797774,
       55.79137
      ],
      [
       37.6796588,
       55.7915534
      ],
      [
       37.6794659,
       55.7918534
      ]
     ]
    ]
   },
   "properties": {
    "kind": "track",
    "route": 25,
    "direction_id": 0,
    "from": "Останкино",
    "to": "Сокольническая Застава",
    "osm_relation_id": 3186264
   }
  },
  {
   "type": "Feature",
   "geometry": {
    "type": "Point",
    "coordinates": [
     37.6157775,
     55.8235904
    ]
   },
   "properties": {
    "kind": "stop",
    "route": 25,
    "direction_id": 0,
    "from": "Останкино",
    "to": "Сокольническая Застава",
    "osm_relation_id": 3186264,
    "stop_sequence": 1,
    "stop_name": "Останкино",
    "osm_node_id": 444863659
   }
  },
  {
   "type": "Feature",
   "geometry": {
    "type": "Point",
    "coordinates": [
     37.6213391,
     55.8218598
    ]
   },
   "properties": {
    "kind": "stop",
    "route": 25,
    "direction_id": 0,
    "from": "Останкино",
    "to": "Сокольническая Застава",
    "osm_relation_id": 3186264,
    "stop_sequence": 2,
    "stop_name": "Аргуновская улица",
    "osm_node_id": 535844745
   }
  },
  {
   "type": "Feature",
   "geometry": {
    "type": "Point",
    "coordinates": [
     37.628137,
     55.821823
    ]
   },
   "properties": {
    "kind": "stop",
    "route": 25,
    "direction_id": 0,
    "from": "Останкино",
    "to": "Сокольническая Застава",
    "osm_relation_id": 3186264,
    "stop_sequence": 3,
    "stop_name": "Улица Цандера",
    "osm_node_id": 639572174
   }
  },
  {
   "type": "Feature",
   "geometry": {
    "type": "Point",
    "coordinates": [
     37.6336906,
     55.8220741
    ]
   },
   "properties": {
    "kind": "stop",
    "route": 25,
    "direction_id": 0,
    "from": "Останкино",
    "to": "Сокольническая Застава",
    "osm_relation_id": 3186264,
    "stop_sequence": 4,
    "stop_name": "ВДНХ (южный вход)",
    "osm_node_id": 535844754
   }
  },
  {
   "type": "Feature",
   "geometry": {
    "type": "Point",
    "coordinates": [
     37.6387399,
     55.8240069
    ]
   },
   "properties": {
    "kind": "stop",
    "route": 25,
    "direction_id": 0,
    "from": "Останкино",
    "to": "Сокольническая Застава",
    "osm_relation_id": 3186264,
    "stop_sequence": 5,
    "stop_name": "Метро «ВДНХ»",
    "osm_node_id": 535844761
   }
  },
  {
   "type": "Feature",
   "geometry": {
    "type": "Point",
    "coordinates": [
     37.6460711,
     55.8272146
    ]
   },
   "properties": {
    "kind": "stop",
    "route": 25,
    "direction_id": 0,
    "from": "Останкино",
    "to": "Сокольническая Застава",
    "osm_relation_id": 3186264,
    "stop_sequence": 6,
    "stop_name": "ВДНХ (северный вход)",
    "osm_node_id": 243894862
   }
  },
  {
   "type": "Feature",
   "geometry": {
    "type": "Point",
    "coordinates": [
     37.6522783,
     55.8249706
    ]
   },
   "properties": {
    "kind": "stop",
    "route": 25,
    "direction_id": 0,
    "from": "Останкино",
    "to": "Сокольническая Застава",
    "osm_relation_id": 3186264,
    "stop_sequence": 7,
    "stop_name": "Ярославская улица",
    "osm_node_id": 1677617756
   }
  },
  {
   "type": "Feature",
   "geometry": {
    "type": "Point",
    "coordinates": [
     37.6586016,
     55.8228406
    ]
   },
   "properties": {
    "kind": "stop",
    "route": 25,
    "direction_id": 0,
    "from": "Останкино",
    "to": "Сокольническая Застава",
    "osm_relation_id": 3186264,
    "stop_sequence": 8,
    "stop_name": "улица Бориса Галушкина, 17",
    "osm_node_id": 1677617737
   }
  },
  {
   "type": "Feature",
   "geometry": {
    "type": "Point",
    "coordinates": [
     37.6614911,
     55.8219602
    ]
   },
   "properties": {
    "kind": "stop",
    "route": 25,
    "direction_id": 0,
    "from": "Останкино",
    "to": "Сокольническая Застава",
    "osm_relation_id": 3186264,
    "stop_sequence": 9,
    "stop_name": "Площадь Академика Люльки",
    "osm_node_id": 1677617709
   }
  },
  {
   "type": "Feature",
   "geometry": {
    "type": "Point",
    "coordinates": [
     37.6711136,
     55.8191388
    ]
   },
   "properties": {
    "kind": "stop",
    "route": 25,
    "direction_id": 0,
    "from": "Останкино",
    "to": "Сокольническая Застава",
    "osm_relation_id": 3186264,
    "stop_sequence": 10,
    "stop_name": "Станция юных натуралистов",
    "osm_node_id": 2447720025
   }
  },
  {
   "type": "Feature",
   "geometry": {
    "type": "Point",
    "coordinates": [
     37.6787958,
     55.8173407
    ]
   },
   "properties": {
    "kind": "stop",
    "route": 25,
    "direction_id": 0,
    "from": "Останкино",
    "to": "Сокольническая Застава",
    "osm_relation_id": 3186264,
    "stop_sequence": 11,
    "stop_name": "Институт иностранных языков",
    "osm_node_id": 287393729
   }
  },
  {
   "type": "Feature",
   "geometry": {
    "type": "Point",
    "coordinates": [
     37.6840045,
     55.8154337
    ]
   },
   "properties": {
    "kind": "stop",
    "route": 25,
    "direction_id": 0,
    "from": "Останкино",
    "to": "Сокольническая Застава",
    "osm_relation_id": 3186264,
    "stop_sequence": 12,
    "stop_name": "Ростокинский проезд",
    "osm_node_id": 287393738
   }
  },
  {
   "type": "Feature",
   "geometry": {
    "type": "Point",
    "coordinates": [
     37.6853975,
     55.810502
    ]
   },
   "properties": {
    "kind": "stop",
    "route": 25,
    "direction_id": 0,
    "from": "Останкино",
    "to": "Сокольническая Застава",
    "osm_relation_id": 3186264,
    "stop_sequence": 13,
    "stop_name": "Большая Ширяевская улица",
    "osm_node_id": 1992955354
   }
  },
  {
   "type": "Feature",
   "geometry": {
    "type": "Point",
    "coordinates": [
     37.6877084,
     55.8087622
    ]
   },
   "properties": {
    "kind": "stop",
    "route": 25,
    "direction_id": 0,
    "from": "Останкино",
    "to": "Сокольническая Застава",
    "osm_relation_id": 3186264,
    "stop_sequence": 14,
    "stop_name": "2-й Ширяевский переулок",
    "osm_node_id": 1992955357
   }
  },
  {
   "type": "Feature",
   "geometry": {
    "type": "Point",
    "coordinates": [
     37.6915524,
     55.8058679
    ]
   },
   "properties": {
    "kind": "stop",
    "route": 25,
    "direction_id": 0,
    "from": "Останкино",
    "to": "Сокольническая Застава",
    "osm_relation_id": 3186264,
    "stop_sequence": 15,
    "stop_name": "Большая Оленья улица",
    "osm_node_id": 1992955352
   }
  },
  {
   "type": "Feature",
   "geometry": {
    "type": "Point",
    "coordinates": [
     37.6884912,
     55.8026189
    ]
   },
   "properties": {
    "kind": "stop",
    "route": 25,
    "direction_id": 0,
    "from": "Останкино",
    "to": "Сокольническая Застава",
    "osm_relation_id": 3186264,
    "stop_sequence": 16,
    "stop_name": "Майский просек",
    "osm_node_id": 1992955358
   }
  },
  {
   "type": "Feature",
   "geometry": {
    "type": "Point",
    "coordinates": [
     37.6861749,
     55.7995479
    ]
   },
   "properties": {
    "kind": "stop",
    "route": 25,
    "direction_id": 0,
    "from": "Останкино",
    "to": "Сокольническая Застава",
    "osm_relation_id": 3186264,
    "stop_sequence": 17,
    "stop_name": "Улица Короленко",
    "osm_node_id": 1992955363
   }
  },
  {
   "type": "Feature",
   "geometry": {
    "type": "Point",
    "coordinates": [
     37.6828937,
     55.7958677
    ]
   },
   "properties": {
    "kind": "stop",
    "route": 25,
    "direction_id": 0,
    "from": "Останкино",
    "to": "Сокольническая Застава",
    "osm_relation_id": 3186264,
    "stop_sequence": 18,
    "stop_name": "Охотничья улица",
    "osm_node_id": 1992955361
   }
  },
  {
   "type": "Feature",
   "geometry": {
    "type": "Point",
    "coordinates": [
     37.6807219,
     55.792629
    ]
   },
   "properties": {
    "kind": "stop",
    "route": 25,
    "direction_id": 0,
    "from": "Останкино",
    "to": "Сокольническая Застава",
    "osm_relation_id": 3186264,
    "stop_sequence": 19,
    "stop_name": "ПКиО Сокольники",
    "osm_node_id": 826381884
   }
  },
  {
   "type": "Feature",
   "geometry": {
    "type": "Point",
    "coordinates": [
     37.6794659,
     55.7918534
    ]
   },
   "properties": {
    "kind": "stop",
    "route": 25,
    "direction_id": 0,
    "from": "Останкино",
    "to": "Сокольническая Застава",
    "osm_relation_id": 3186264,
    "stop_sequence": 20,
    "stop_name": "Метро «Сокольники»",
    "osm_node_id": 473133164
   }
  },
  {
   "type": "Feature",
   "geometry": {
    "type": "MultiLineString",
    "coordinates": [
     [
      [
       37.6794659,
       55.7918534
      ],
      [
       37.6793374,
       55.7920464
      ],
      [
       37.6793222,
       55.7920747
      ],
      [
       37.6793173,
       55.7920899
      ],
      [
       37.6793133,
       55.7921027
      ],
      [
       37.6793096,
       55.7921283
      ],
      [
       37.6793128,
       55.7921553
      ],
      [
       37.6793301,
       55.7921994
      ],
      [
       37.6793712,
       55.7922475
      ],
      [
       37.6794271,
       55.7922903
      ],
      [
       37.6795013,
       55.7923238
      ],
      [
       37.6800272,
       55.7924362
      ]
     ],
     [
      [
       37.6800272,
       55.7924362
      ],
      [
       37.6803398,
       55.7925036
      ],
      [
       37.6803917,
       55.7925153
      ],
      [
       37.6804849,
       55.7925406
      ]
     ],
     [
      [
       37.6804849,
       55.7925406
      ],
      [
       37.681146,
       55.7926944
      ],
      [
       37.6815102,
       55.7927782
      ]
     ],
     [
      [
       37.6815102,
       55.7927782
      ],
      [
       37.6816094,
       55.792801
      ],
      [
       37.681647,
       55.7928152
      ],
      [
       37.681675,
       55.7928292
      ],
      [
       37.68168,
       55.792832
      ],
      [
       37.681708,
       55.7928517
      ],
      [
       37.6817301,
       55.7928737
      ],
      [
       37.6817457,
       55.7928974
      ],
      [
       37.6817761,
       55.792972
      ]
     ],
     [
      [
       37.6817761,
       55.792972
      ],
      [
       37.6823465,
       55.7943701
      ],
      [
       37.6829494,
       55.7958552
      ]
     ],
     [
      [
       37.6829494,
       55.7958552
      ],
      [
       37.6830086,
       55.796011
      ],
      [
       37.6830879,
       55.7961872
      ],
      [
       37.683133,
       55.7962653
      ],
      [
       37.6831827,
       55.7963386
      ],
      [
       37.683328,
       55.7964981
      ]
     ],
     [
      [
       37.683328,
       55.7964981
      ],
      [
       37.6840827,
       55.7973264
      ],
      [
       37.6846586,
       55.7979584
      ]
     ],
     [
      [
       37.6846586,
       55.7979584
      ],
      [
       37.6852994,
       55.7986616
      ],
      [
       37.6859668,
       55.7992914
      ]
     ],
     [
      [
       37.6859668,
       55.7992914
      ],
      [
       37.6860363,
       55.7993603
      ],
      [
       37.6860439,
       55.7993679
      ],
      [
       37.6860908,
       55.7994159
      ],
      [
       37.6861686,
       55.7994797
      ],
      [
       37.6862219,
       55.7995237
      ]
     ],
     [
      [
       37.6862219,
       55.7995237
      ],
      [
       37.6863974,
       55.7996683
      ],
      [
       37.6866728,
       55.7999285
      ],
      [
       37.6868972,
       55.8001993
      ],
      [
       37.6870262,
       55.8004122
      ]
     ],
     [
      [
       37.6870262,
       55.8004122
      ],
      [
       37.6875359,
       55.8012535
      ],
      [
       37.6877776,
       55.8016746
      ]
     ],
     [
      [
       37.6877776,
       55.8016746
      ],
      [
       37.6878622,
       55.801822
      ],
      [
       37.688011,
       55.8020469
      ],
      [
       37.6882355,
       55.802325
      ],
      [
       37.6885445,
       55.8026023
      ]
     ],
     [
      [
       37.6885445,
       55.8026023
      ],
      [
       37.6887733,
       55.8028037
      ],
      [
       37.6887822,
       55.8028116
      ],
      [
       37.6888615,
       55.8028831
      ],
      [
       37.6902018,
       55.8040902
      ],
      [
       37.6906948,
       55.8045366
      ],
      [
       37.6917199,
       55.8054757
      ]
     ],
     [
      [
       37.6917199,
       55.8054757
      ],
      [
       37.6917595,
       55.8055186
      ],
      [
       37.6918022,
       55.8055666
      ],
      [
       37.6918269,
       55.8056155
      ],
      [
       37.691828,
       55.8056325
      ],
      [
       37.69183,
       55.8056615
      ],
      [
       37.6918171,
       55.8057025
      ],
      [
       37.6917792,
       55.8057466
      ],
      [
       37.6917537,
       55.8057694
      ]
     ],
     [
      [
       37.6917537,
       55.8057694
      ],
      [
       37.6915899,
       55.8058927
      ]
     ],
     [
      [
       37.6915899,
       55.8058927
      ],
      [
       37.6902164,
       55.806927
      ]
     ],
     [
      [
       37.6902164,
       55.806927
      ],
      [
       37.6895709,
       55.807413
      ],
      [
       37.6895349,
       55.8074401
      ],
      [
       37.6883116,
       55.8083611
      ],
      [
       37.6880437,
       55.8085628
      ],
      [
       37.6854418,
       55.8105218
      ],
      [
       37.6848777,
       55.8109465
      ]
     ],
     [
      [
       37.6848777,
       55.8109465
      ],
      [
       37.6848424,
       55.8109776
      ],
      [
       37.6848191,
       55.811004
      ],
      [
       37.6847993,
       55.8110376
      ],
      [
       37.684796,
       55.8110614
      ],
      [
       37.6847937,
       55.8110774
      ],
      [
       37.6848159,
       55.8111307
      ],
      [
       37.6848414,
       55.8111703
      ]
     ],
     [
      [
       37.6848414,
       55.8111703
      ],
      [
       37.6853423,
       55.8118313
      ],
      [
       37.6857582,
       55.8123772
      ]
     ],
     [
      [
       37.6857582,
       55.8123772
      ],
      [
       37.6863009,
       55.8130578
      ],
      [
       37.6867924,
       55.8136959
      ]
     ],
     [
      [
       37.6867924,
       55.8136959
      ],
      [
       37.6868242,
       55.8137394
      ],
      [
       37.6868488,
       55.8137884
      ],
      [
       37.6868597,
       55.8138364
      ],
      [
       37.6868656,
       55.8138944
      ],
      [
       37.6868588,
       55.8139522
      ],
      [
       37.6868576,
       55.8139622
      ],
      [
       37.6868415,
       55.8140149
      ],
      [
       37.6868191,
       55.8140601
      ],
      [
       37.6867854,
       55.8141066
      ],
      [
       37.6867357,
       55.8141517
      ],
      [
       37.6865593,
       55.8142793
      ]
     ],
     [
      [
       37.6865593,
       55.8142793
      ],
      [
       37.6854207,
       55.8151031
      ],
      [
       37.6853182,
       55.8151772
      ]
     ],
     [
      [
       37.6853182,
       55.8151772
      ],
      [
       37.6850999,
       55.8152862
      ],
      [
       37.6848258,
       55.8153482
      ],
      [
       37.6844962,
       55.8153949
      ],
      [
       37.684298,
       55.8154188
      ]
     ],
     [
      [
       37.684298,
       55.8154188
      ],
      [
       37.6840185,
       55.8154595
      ],
      [
       37.6834165,
       55.8155622
      ]
     ],
     [
      [
       37.6834165,
       55.8155622
      ],
      [
       37.6832413,
       55.8155921
      ],
      [
       37.6829998,
       55.815663
      ],
      [
       37.6827153,
       55.8157697
      ]
     ],
     [
      [
       37.6827153,
       55.8157697
      ],
      [
       37.6822498,
       55.8159769
      ],
      [
       37.6810322,
       55.816548
      ],
      [
       37.6802554,
       55.8169177
      ],
      [
       37.6801941,
       55.8169469
      ],
      [
       37.6798171,
       55.8171284
      ]
     ],
     [
      [
       37.6798171,
       55.8171284
      ],
      [
       37.6795606,
       55.8172245
      ],
      [
       37.6793792,
       55.8172682
      ],
      [
       37.6791921,
       55.817305
      ]
     ],
     [
      [
       37.6791921,
       55.817305
      ],
      [
       37.6791066,
       55.8173237
      ],
      [
       37.6787254,
       55.8173823
      ],
      [
       37.6786674,
       55.8173922
      ],
      [
       37.6783654,
       55.8174435
      ],
      [
       37.6780508,
       55.8174972
      ],
      [
       37.6779409,
       55.8175159
      ],
      [
       37.6773914,
       55.8176042
      ],
      [
       37.677008,
       55.8176686
      ],
      [
       37.6757551,
       55.817893
      ]
     ],
     [
      [
       37.6757551,
       55.817893
      ],
      [
       37.6755753,
       55.8179252
      ],
      [
       37.6752199,
       55.8180099
      ]
     ],
     [
      [
       37.6752199,
       55.8180099
      ],
      [
       37.6717769,
       55.8189891
      ],
      [
       37.6708809,
       55.8192439
      ],
      [
       37.6706581,
       55.8193086
      ],
      [
       37.6703218,
       55.8194063
      ],
      [
       37.6683399,
       55.819982
      ]
     ],
     [
      [
       37.6683399,
       55.819982
      ],
      [
       37.6675517,
       55.8202023
      ]
     ],
     [
      [
       37.6675517,
       55.8202023
      ],
      [
       37.666971,
       55.8203746
      ]
     ],
     [
      [
       37.666971,
       55.8203746
      ],
      [
       37.6662554,
       55.820587
      ],
      [
       37.6643745,
       55.821121
      ],
      [
       37.6638334,
       55.8212795
      ],
      [
       37.6629224,
       55.8215464
      ],
      [
       37.6623831,
       55.8217157
      ],
      [
       37.6621394,
       55.8217922
      ]
     ],
     [
      [
       37.6621394,
       55.8217922
      ],
      [
       37.6603941,
       55.8223231
      ],
      [
       37.6602433,
       55.822369
      ],
      [
       37.6601573,
       55.8223949
      ],
      [
       37.6587751,
       55.8228134
      ],
      [
       37.658004,
       55.8230517
      ],
      [
       37.6577049,
       55.8231418
      ],
      [
       37.6575533,
       55.8231893
      ],
      [
       37.6570983,
       55.823347
      ],
      [
       37.656802,
       55.8234462
      ],
      [
       37.656071,
       55.823691
      ],
      [
       37.6556936,
       55.8238193
      ],
      [
       37.655169,
       55.8239973
      ],
      [
       37.6548882,
       55.8240926
      ],
      [
       37.6546979,
       55.8241572
      ],
      [
       37.6535179,
       55.8245585
      ],
      [
       37.6531976,
       55.8246721
      ],
      [
       37.6529125,
       55.82477
      ],
      [
       37.6523865,
       55.8249588
      ]
     ],
     [
      [
       37.6523865,
       55.8249588
      ],
      [
       37.6521787,
       55.8250329
      ],
      [
       37.651902,
       55.8251761
      ],
      [
       37.6517306,
       55.8252709
      ],
      [
       37.65158,
       55.8253624
      ],
      [
       37.6514939,
       55.8254128
      ]
     ],
     [
      [
       37.6514939,
       55.8254128
      ],
      [
       37.6512415,
       55.8255392
      ],
      [
       37.6510862,
       55.8256021
      ]
     ],
     [
      [
       37.6510862,
       55.8256021
      ],
      [
       37.6493028,
       55.8261954
      ],
      [
       37.6487246,
       55.8263898
      ],
      [
       37.6481059,
       55.8266011
      ],
      [
       37.6478807,
       55.826674
      ],
      [
       37.6478676,
       55.8266778
      ],
      [
       37.6472416,
       55.8268958
      ]
     ],
     [
      [
       37.6472416,
       55.8268958
      ],
      [
       37.647011,
       55.8269703
      ],
      [
       37.6467201,
       55.8270603
      ],
      [
       37.6465431,
       55.8271112
      ]
     ],
     [
      [
       37.6465431,
       55.8271112
      ],
      [
       37.6460967,
       55.8272421
      ],
      [
       37.645915,
       55.8272976
      ],
      [
       37.64579,
       55.8273352
      ],
      [
       37.6457148,
       55.8273575
      ]
     ],
     [
      [
       37.6457148,
       55.8273575
      ],
      [
       37.6456299,
       55.8273773
      ],
      [
       37.6455873,
       55.8273847
      ],
      [
       37.645544,
       55.8273904
      ],
      [
       37.645496,
       55.8273952
      ],
      [
       37.6454474,
       55.827397
      ],
      [
       37.6454075,
       55.8273974
      ],
      [
       37.6453658,
       55.8273966
      ],
      [
       37.6453218,
       55.8273942
      ],
      [
       37.6452725,
       55.8273878
      ],
      [
       37.645223,
       55.8273757
      ],
      [
       37.6451806,
       55.8273603
      ],
      [
       37.6451594,
       55.827351
      ],
      [
       37.6451376,
       55.8273413
      ],
      [
       37.6450816,
       55.8273132
      ]
     ],
     [
      [
       37.6450816,
       55.8273132
      ],
      [
       37.6449611,
       55.8272486
      ],
      [
       37.6448634,
       55.827197
      ],
      [
       37.6438898,
       55.8266829
      ],
      [
       37.6424669,
       55.825969
      ],
      [
       37.6422645,
       55.8258729
      ],
      [
       37.640954,
       55.8251882
      ],
      [
       37.6394613,
       55.8244197
      ],
      [
       37.6393153,
       55.8243398
      ],
      [
       37.6382716,
       55.8238048
      ],
      [
       37.6379487,
       55.8236393
      ],
      [
       37.6378267,
       55.8235775
      ],
      [
       37.6377757,
       55.8235523
      ]
     ],
     [
      [
       37.6377757,
       55.8235523
      ],
      [
       37.6375808,
       55.8234443
      ],
      [
       37.6367828,
       55.8230383
      ],
      [
       37.6364987,
       55.8228891
      ]
     ],
     [
      [
       37.6364987,
       55.8228891
      ],
      [
       37.6362269,
       55.8227372
      ],
      [
       37.6358411,
       55.8225203
      ],
      [
       37.6355305,
       55.8223414
      ]
     ],
     [
      [
       37.6355305,
       55.8223414
      ],
      [
       37.6353817,
       55.8222477
      ],
      [
       37.6352778,
       55.8221929
      ],
      [
       37.6352701,
       55.8221889
      ],
      [
       37.6351747,
       55.8221411
      ]
     ],
     [
      [
       37.6351747,
       55.8221411
      ],
      [
       37.6350787,
       55.8220934
      ],
      [
       37.6350392,
       55.8220779
      ],
      [
       37.6349545,
       55.8220596
      ],
      [
       37.634895,
       55.8220612
      ],
      [
       37.6348418,
       55.8220626
      ]
     ],
     [
      [
       37.6348418,
       55.8220626
      ],
      [
       37.6346094,
       55.8220703
      ],
      [
       37.6341704,
       55.8220839
      ],
      [
       37.6339085,
       55.822092
      ],
      [
       37.6322627,
       55.8221416
      ],
      [
       37.6314423,
       55.8221685
      ]
     ],
     [
      [
       37.6314423,
       55.8221685
      ],
      [
       37.6311844,
       55.8221579
      ],
      [
       37.630943,
       55.8221282
      ],
      [
       37.630911,
       55.822122
      ]
     ],
     [
      [
       37.630911,
       55.822122
      ],
      [
       37.63084,
       55.8221086
      ],
      [
       37.6297488,
       55.8218981
      ]
     ],
     [
      [
       37.6297488,
       55.8218981
      ],
      [
       37.62929,
       55.8218369
      ]
     ],
     [
      [
       37.62929,
       55.8218369
      ],
      [
       37.6286054,
       55.8218406
      ],
      [
       37.6283954,
       55.8218427
      ],
      [
       37.6257074,
       55.8218574
      ],
      [
       37.6251319,
       55.8218585
      ],
      [
       37.6248787,
       55.8218607
      ],
      [
       37.6232206,
       55.8218809
      ],
      [
       37.6225747,
       55.8218839
      ],
      [
       37.6221282,
       55.8218859
      ],
      [
       37.62165,
       55.821888
      ],
      [
       37.6199602,
       55.8218893
      ],
      [
       37.6197228,
       55.8218894
      ],
      [
       37.6196422,
       55.8218905
      ],
      [
       37.6195926,
       55.8218914
      ]
     ],
     [
      [
       37.6195926,
       55.8218914
      ],
      [
       37.6195652,
       55.8218921
      ],
      [
       37.6195378,
       55.8218934
      ],
      [
       37.6195101,
       55.8218949
      ],
      [
       37.6194828,
       55.8218973
      ],
      [
       37.6194539,
       55.8219004
      ],
      [
       37.6194271,
       55.8219041
      ],
      [
       37.6194009,
       55.8219091
      ],
      [
       37.6193765,
       55.8219155
      ],
      [
       37.6193526,
       55.8219223
      ],
      [
       37.61933,
       55.8219306
      ],
      [
       37.6193083,
       55.8219389
      ],
      [
       37.6192898,
       55.8219471
      ],
      [
       37.6192706,
       55.8219568
      ],
      [
       37.6192532,
       55.8219668
      ],
      [
       37.6192365,
       55.8219792
      ],
      [
       37.6192216,
       55.8219917
      ],
      [
       37.6192085,
       55.8220044
      ],
      [
       37.6191986,
       55.8220169
      ],
      [
       37.6191887,
       55.822031
      ],
      [
       37.6191814,
       55.822046
      ],
      [
       37.6191753,
       55.8220605
      ],
      [
       37.6191703,
       55.8220747
      ],
      [
       37.6191678,
       55.8220889
      ],
      [
       37.6191662,
       55.8221031
      ],
      [
       37.6191655,
       55.8221174
      ],
      [
       37.6191652,
       55.8221304
      ],
      [
       37.6191539,
       55.8223868
      ],
      [
       37.6191526,
       55.8224065
      ],
      [
       37.6191514,
       55.8224252
      ],
      [
       37.6191493,
       55.8224446
      ],
      [
       37.6191463,
       55.8224656
      ],
      [
       37.6191426,
       55.822483
      ],
      [
       37.6191362,
       55.822502
      ],
      [
       37.6191296,
       55.8225195
      ],
      [
       37.6191223,
       55.8225361
      ],
      [
       37.6191111,
       55.8225529
      ],
      [
       37.6190965,
       55.8225692
      ],
      [
       37.6190778,
       55.8225848
      ],
      [
       37.6190558,
       55.8225995
      ],
      [
       37.6190286,
       55.8226123
      ],
      [
       37.6190002,
       55.8226228
      ],
      [
       37.6189704,
       55.8226324
      ],
      [
       37.6189366,
       55.8226409
      ],
      [
       37.6189037,
       55.8226466
      ],
      [
       37.6188718,
       55.8226509
      ],
      [
       37.6188391,
       55.8226543
      ],
      [
       37.6188066,
       55.8226567
      ]
     ],
     [
      [
       37.6188066,
       55.8226567
      ],
      [
       37.6184513,
       55.8226763
      ],
      [
       37.6178431,
       55.8227071
      ],
      [
       37.6172291,
       55.8227374
      ]
     ]
    ]
   },
   "properties": {
    "kind": "track",
    "route": 25,
    "direction_id": 1,
    "from": "Сокольническая Застава",
    "to": "Останкино",
    "osm_relation_id": 3186265
   }
  },
  {
   "type": "Feature",
   "geometry": {
    "type": "Point",
    "coordinates": [
     37.6794659,
     55.7918534
    ]
   },
   "properties": {
    "kind": "stop",
    "route": 25,
    "direction_id": 1,
    "from": "Сокольническая Застава",
    "to": "Останкино",
    "osm_relation_id": 3186265,
    "stop_sequence": 1,
    "stop_name": "Метро «Сокольники»",
    "osm_node_id": 473133164
   }
  },
  {
   "type": "Feature",
   "geometry": {
    "type": "Point",
    "coordinates": [
     37.681146,
     55.7926944
    ]
   },
   "properties": {
    "kind": "stop",
    "route": 25,
    "direction_id": 1,
    "from": "Сокольническая Застава",
    "to": "Останкино",
    "osm_relation_id": 3186265,
    "stop_sequence": 2,
    "stop_name": "ПКиО Сокольники",
    "osm_node_id": 1984517983
   }
  },
  {
   "type": "Feature",
   "geometry": {
    "type": "Point",
    "coordinates": [
     37.6829494,
     55.7958552
    ]
   },
   "properties": {
    "kind": "stop",
    "route": 25,
    "direction_id": 1,
    "from": "Сокольническая Застава",
    "to": "Останкино",
    "osm_relation_id": 3186265,
    "stop_sequence": 3,
    "stop_name": "Охотничья улица",
    "osm_node_id": 1992955360
   }
  },
  {
   "type": "Feature",
   "geometry": {
    "type": "Point",
    "coordinates": [
     37.6859668,
     55.7992914
    ]
   },
   "properties": {
    "kind": "stop",
    "route": 25,
    "direction_id": 1,
    "from": "Сокольническая Застава",
    "to": "Останкино",
    "osm_relation_id": 3186265,
    "stop_sequence": 4,
    "stop_name": "Улица Короленко",
    "osm_node_id": 1992955362
   }
  },
  {
   "type": "Feature",
   "geometry": {
    "type": "Point",
    "coordinates": [
     37.6888615,
     55.8028831
    ]
   },
   "properties": {
    "kind": "stop",
    "route": 25,
    "direction_id": 1,
    "from": "Сокольническая Застава",
    "to": "Останкино",
    "osm_relation_id": 3186265,
    "stop_sequence": 5,
    "stop_name": "Майский просек",
    "osm_node_id": 1992955359
   }
  },
  {
   "type": "Feature",
   "geometry": {
    "type": "Point",
    "coordinates": [
     37.6917199,
     55.8054757
    ]
   },
   "properties": {
    "kind": "stop",
    "route": 25,
    "direction_id": 1,
    "from": "Сокольническая Застава",
    "to": "Останкино",
    "osm_relation_id": 3186265,
    "stop_sequence": 6,
    "stop_name": "Большая Оленья улица",
    "osm_node_id": 1992955355
   }
  },
  {
   "type": "Feature",
   "geometry": {
    "type": "Point",
    "coordinates": [
     37.6883116,
     55.8083611
    ]
   },
   "properties": {
    "kind": "stop",
    "route": 25,
    "direction_id": 1,
    "from": "Сокольническая Застава",
    "to": "Останкино",
    "osm_relation_id": 3186265,
    "stop_sequence": 7,
    "stop_name": "2-й Ширяевский переулок",
    "osm_node_id": 1992955356
   }
  },
  {
   "type": "Feature",
   "geometry": {
    "type": "Point",
    "coordinates": [
     37.6854418,
     55.8105218
    ]
   },
   "properties": {
    "kind": "stop",
    "route": 25,
    "direction_id": 1,
    "from": "Сокольническая Застава",
    "to": "Останкино",
    "osm_relation_id": 3186265,
    "stop_sequence": 8,
    "stop_name": "Большая Ширяевская улица",
    "osm_node_id": 1992955353
   }
  },
  {
   "type": "Feature",
   "geometry": {
    "type": "Point",
    "coordinates": [
     37.6854207,
     55.8151031
    ]
   },
   "properties": {
    "kind": "stop",
    "route": 25,
    "direction_id": 1,
    "from": "Сокольническая Застава",
    "to": "Останкино",
    "osm_relation_id": 3186265,
    "stop_sequence": 9,
    "stop_name": "Ростокинский проезд",
    "osm_node_id": 1642815217
   }
  },
  {
   "type": "Feature",
   "geometry": {
    "type": "Point",
    "coordinates": [
     37.6786674,
     55.8173922
    ]
   },
   "properties": {
    "kind": "stop",
    "route": 25,
    "direction_id": 1,
    "from": "Сокольническая Застава",
    "to": "Останкино",
    "osm_relation_id": 3186265,
    "stop_sequence": 10,
    "stop_name": "Институт иностранных языков",
    "osm_node_id": 718450763
   }
  },
  {
   "type": "Feature",
   "geometry": {
    "type": "Point",
    "coordinates": [
     37.6706581,
     55.8193086
    ]
   },
   "properties": {
    "kind": "stop",
    "route": 25,
    "direction_id": 1,
    "from": "Сокольническая Застава",
    "to": "Останкино",
    "osm_relation_id": 3186265,
    "stop_sequence": 11,
    "stop_name": "Станция юных натуралистов",
    "osm_node_id": 287393722
   }
  },
  {
   "type": "Feature",
   "geometry": {
    "type": "Point",
    "coordinates": [
     37.6621394,
     55.8217922
    ]
   },
   "properties": {
    "kind": "stop",
    "route": 25,
    "direction_id": 1,
    "from": "Сокольническая Застава",
    "to": "Останкино",
    "osm_relation_id": 3186265,
    "stop_sequence": 12,
    "stop_name": "Площадь Академика Люльки",
    "osm_node_id": 1677617703
   }
  },
  {
   "type": "Feature",
   "geometry": {
    "type": "Point",
    "coordinates": [
     37.658004,
     55.8230517
    ]
   },
   "properties": {
    "kind": "stop",
    "route": 25,
    "direction_id": 1,
    "from": "Сокольническая Застава",
    "to": "Останкино",
    "osm_relation_id": 3186265,
    "stop_sequence": 13,
    "stop_name": "улица Бориса Галушкина, 17",
    "osm_node_id": 1677617745
   }
  },
  {
   "type": "Feature",
   "geometry": {
    "type": "Point",
    "coordinates": [
     37.6523865,
     55.8249588
    ]
   },
   "properties": {
    "kind": "stop",
    "route": 25,
    "direction_id": 1,
    "from": "Сокольническая Застава",
    "to": "Останкино",
    "osm_relation_id": 3186265,
    "stop_sequence": 14,
    "stop_name": "Ярославская улица",
    "osm_node_id": 1677617750
   }
  },
  {
   "type": "Feature",
   "geometry": {
    "type": "Point",
    "coordinates": [
     37.6487246,
     55.8263898
    ]
   },
   "properties": {
    "kind": "stop",
    "route": 25,
    "direction_id": 1,
    "from": "Сокольническая Застава",
    "to": "Останкино",
    "osm_relation_id": 3186265,
    "stop_sequence": 15,
    "stop_name": "Проспект Мира",
    "osm_node_id": 1677617714
   }
  },
  {
   "type": "Feature",
   "geometry": {
    "type": "Point",
    "coordinates": [
     37.6460967,
     55.8272421
    ]
   },
   "properties": {
    "kind": "stop",
    "route": 25,
    "direction_id": 1,
    "from": "Сокольническая Застава",
    "to": "Останкино",
    "osm_relation_id": 3186265,
    "stop_sequence": 16,
    "stop_name": "ВДНХ (северный вход)",
    "osm_node_id": 535516914
   }
  },
  {
   "type": "Feature",
   "geometry": {
    "type": "Point",
    "coordinates": [
     37.6382716,
     55.8238048
    ]
   },
   "properties": {
    "kind": "stop",
    "route": 25,
    "direction_id": 1,
    "from": "Сокольническая Застава",
    "to": "Останкино",
    "osm_relation_id": 3186265,
    "stop_sequence": 17,
    "stop_name": "Метро «ВДНХ»",
    "osm_node_id": 535516842
   }
  },
  {
   "type": "Feature",
   "geometry": {
    "type": "Point",
    "coordinates": [
     37.6339085,
     55.822092
    ]
   },
   "properties": {
    "kind": "stop",
    "route": 25,
    "direction_id": 1,
    "from": "Сокольническая Застава",
    "to": "Останкино",
    "osm_relation_id": 3186265,
    "stop_sequence": 18,
    "stop_name": "ВДНХ (южный вход)",
    "osm_node_id": 1046562062
   }
  },
  {
   "type": "Feature",
   "geometry": {
    "type": "Point",
    "coordinates": [
     37.6286054,
     55.8218406
    ]
   },
   "properties": {
    "kind": "stop",
    "route": 25,
    "direction_id": 1,
    "from": "Сокольническая Застава",
    "to": "Останкино",
    "osm_relation_id": 3186265,
    "stop_sequence": 19,
    "stop_name": "Улица Цандера",
    "osm_node_id": 1046561946
   }
  },
  {
   "type": "Feature",
   "geometry": {
    "type": "Point",
    "coordinates": [
     37.6221282,
     55.8218859
    ]
   },
   "properties": {
    "kind": "stop",
    "route": 25,
    "direction_id": 1,
    "from": "Сокольническая Застава",
    "to": "Останкино",
    "osm_relation_id": 3186265,
    "stop_sequence": 20,
    "stop_name": "Аргуновская улица",
    "osm_node_id": 535516828
   }
  },
  {
   "type": "Feature",
   "geometry": {
    "type": "Point",
    "coordinates": [
     37.6172291,
     55.8227374
    ]
   },
   "properties": {
    "kind": "stop",
    "route": 25,
    "direction_id": 1,
    "from": "Сокольническая Застава",
    "to": "Останкино",
    "osm_relation_id": 3186265,
    "stop_sequence": 21,
    "stop_name": "Останкино",
    "osm_node_id": 3236023227
   }
  },
  {
   "type": "Feature",
   "geometry": {
    "type": "MultiLineString",
    "coordinates": [
     [
      [
       37.5377142,
       55.6921111
      ],
      [
       37.5381646,
       55.6918553
      ],
      [
       37.539406,
       55.6911502
      ],
      [
       37.539615,
       55.6910307
      ],
      [
       37.5396994,
       55.6909825
      ],
      [
       37.5397086,
       55.6909772
      ],
      [
       37.5400316,
       55.6907939
      ],
      [
       37.5401647,
       55.6907183
      ],
      [
       37.5404252,
       55.6905657
      ],
      [
       37.5426499,
       55.6892964
      ],
      [
       37.5427743,
       55.689219
      ],
      [
       37.5437852,
       55.6886447
      ],
      [
       37.5439459,
       55.6885555
      ],
      [
       37.5442276,
       55.6883934
      ],
      [
       37.5444508,
       55.6882663
      ],
      [
       37.5447053,
       55.6881223
      ],
      [
       37.544804,
       55.6880624
      ],
      [
       37.5450147,
       55.6879521
      ],
      [
       37.545246,
       55.6878155
      ],
      [
       37.5454468,
       55.6877018
      ],
      [
       37.5454804,
       55.6876824
      ],
      [
       37.5454962,
       55.6876739
      ],
      [
       37.545662,
       55.6875773
      ],
      [
       37.547159,
       55.6866795
      ],
      [
       37.5475515,
       55.6864554
      ],
      [
       37.5476796,
       55.6863822
      ],
      [
       37.5479437,
       55.6862314
      ],
      [
       37.5500599,
       55.685023
      ],
      [
       37.5508889,
       55.6845396
      ],
      [
       37.5513913,
       55.6842467
      ]
     ],
     [
      [
       37.5513913,
       55.6842467
      ],
      [
       37.5515089,
       55.6841861
      ],
      [
       37.5515364,
       55.6841745
      ],
      [
       37.5516196,
       55.6841445
      ],
      [
       37.5517463,
       55.6841124
      ],
      [
       37.5518315,
       55.6841021
      ],
      [
       37.5518935,
       55.6840995
      ],
      [
       37.5519562,
       55.6840991
      ],
      [
       37.5520242,
       55.6841002
      ],
      [
       37.552152,
       55.6841169
      ],
      [
       37.5521811,
       55.6841235
      ],
      [
       37.5522264,
       55.6841338
      ],
      [
       37.5522633,
       55.6841422
      ],
      [
       37.5523746,
       55.6841868
      ],
      [
       37.5524645,
       55.6842353
      ],
      [
       37.5524685,
       55.6842375
      ],
      [
       37.5525808,
       55.6843321
      ],
      [
       37.5526281,
       55.684371
      ]
     ],
     [
      [
       37.5526281,
       55.684371
      ],
      [
       37.5539349,
       55.6854351
      ]
     ],
     [
      [
       37.5539349,
       55.6854351
      ],
      [
       37.5539886,
       55.6854528
      ],
      [
       37.554047,
       55.685466
      ],
      [
       37.5540766,
       55.6854712
      ],
      [
       37.554112,
       55.6854774
      ],
      [
       37.5541631,
       55.6854822
      ],
      [
       37.5541797,
       55.6854827
      ],
      [
       37.5542964,
       55.6854774
      ],
      [
       37.5543695,
       55.6854638
      ],
      [
       37.5544395,
       55.6854479
      ]
     ],
     [
      [
       37.5544395,
       55.6854479
      ],
      [
       37.5544818,
       55.6854325
      ],
      [
       37.5555395,
       55.6850675
      ],
      [
       37.5567118,
       55.6846607
      ],
      [
       37.5577913,
       55.6842972
      ],
      [
       37.5592693,
       55.6837857
      ],
      [
       37.5596369,
       55.6836584
      ],
      [
       37.5600105,
       55.683529
      ],
      [
       37.5634774,
       55.6823384
      ],
      [
       37.5637091,
       55.6822588
      ],
      [
       37.5658475,
       55.6815307
      ],
      [
       37.5664117,
       55.6813328
      ],
      [
       37.5667094,
       55.6812376
      ],
      [
       37.5669561,
       55.6811517
      ],
      [
       37.567017,
       55.681131
      ],
      [
       37.5671463,
       55.6810881
      ],
      [
       37.5712704,
       55.6796583
      ],
      [
       37.5718893,
       55.6794455
      ],
      [
       37.5720086,
       55.6794045
      ],
      [
       37.5722603,
       55.6793179
      ],
      [
       37.5741684,
       55.678665
      ],
      [
       37.5744451,
       55.6785679
      ],
      [
       37.5746023,
       55.6785127
      ],
      [
       37.5761444,
       55.6779825
      ],
      [
       37.5783688,
       55.6772089
      ]
     ],
     [
      [
       37.5783688,
       55.6772089
      ],
      [
       37.5785471,
       55.6771458
      ],
      [
       37.5787541,
       55.6770759
      ],
      [
       37.5790894,
       55.6769854
      ],
      [
       37.5791511,
       55.6769768
      ],
      [
       37.5792257,
       55.6769703
      ],
      [
       37.5792777,
       55.676967
      ],
      [
       37.5794426,
       55.6769719
      ],
      [
       37.5796303,
       55.6770133
      ],
      [
       37.5800179,
       55.6771413
      ]
     ],
     [
      [
       37.5800179,
       55.6771413
      ],
      [
       37.5806091,
       55.6773442
      ],
      [
       37.5809626,
       55.6774656
      ],
      [
       37.5817871,
       55.6777485
      ],
      [
       37.5830313,
       55.6781755
      ],
      [
       37.5836541,
       55.6783892
      ]
     ],
     [
      [
       37.5836541,
       55.6783892
      ],
      [
       37.5839334,
       55.6784851
      ],
      [
       37.5840522,
       55.6785672
      ],
      [
       37.5840779,
       55.6785978
      ],
      [
       37.5840989,
       55.6786595
      ],
      [
       37.584111,
       55.6787011
      ],
      [
       37.5841078,
       55.6787409
      ],
      [
       37.5840798,
       55.6787986
      ],
      [
       37.5837125,
       55.6791399
      ],
      [
       37.5836891,
       55.6791835
      ],
      [
       37.5836764,
       55.6792301
      ],
      [
       37.5836937,
       55.6792761
      ],
      [
       37.583727,
       55.679322
      ],
      [
       37.5837813,
       55.6793549
      ],
      [
       37.5838517,
       55.6793894
      ],
      [
       37.5839881,
       55.6794403
      ]
     ],
     [
      [
       37.5839881,
       55.6794403
      ],
      [
       37.5843858,
       55.6795889
      ],
      [
       37.58492,
       55.6797884
      ]
     ],
     [
      [
       37.58492,
       55.6797884
      ],
      [
       37.5850771,
       55.6798359
      ],
      [
       37.5852176,
       55.6798567
      ],
      [
       37.5853482,
       55.6798609
      ],
      [
       37.5855009,
       55.6798469
      ],
      [
       37.5856757,
       55.6798289
      ]
     ],
     [
      [
       37.5856757,
       55.6798289
      ],
      [
       37.5857797,
       55.6798114
      ],
      [
       37.5859151,
       55.6797863
      ],
      [
       37.5860982,
       55.6797855
      ],
      [
       37.5862316,
       55.6798085
      ],
      [
       37.5863263,
       55.6798529
      ],
      [
       37.5865021,
       55.6800217
      ]
     ],
     [
      [
       37.5865021,
       55.6800217
      ],
      [
       37.5866832,
       55.6801723
      ],
      [
       37.5868046,
       55.6802362
      ],
      [
       37.5869284,
       55.6803012
      ]
     ],
     [
      [
       37.5869284,
       55.6803012
      ],
      [
       37.5870898,
       55.6803878
      ],
      [
       37.5872857,
       55.6804994
      ],
      [
       37.5873449,
       55.6805378
      ],
      [
       37.5874973,
       55.6806369
      ],
      [
       37.5876422,
       55.6807645
      ]
     ],
     [
      [
       37.5876422,
       55.6807645
      ],
      [
       37.587915,
       55.6810048
      ],
      [
       37.5883237,
       55.6813794
      ],
      [
       37.588711,
       55.6817343
      ],
      [
       37.5890704,
       55.6820637
      ],
      [
       37.5892057,
       55.6821877
      ],
      [
       37.5893971,
       55.6823632
      ],
      [
       37.5898031,
       55.6827353
      ],
      [
       37.5899901,
       55.6829072
      ],
      [
       37.5909185,
       55.6837609
      ]
     ],
     [
      [
       37.5909185,
       55.6837609
      ],
      [
       37.5912613,
       55.6838496
      ],
      [
       37.5934285,
       55.6858395
      ],
      [
       37.5934934,
       55.6861236
      ]
     ],
     [
      [
       37.5934934,
       55.6861236
      ],
      [
       37.5935181,
       55.6861465
      ],
      [
       37.5938583,
       55.6864645
      ],
      [
       37.5945345,
       55.6870966
      ],
      [
       37.5952393,
       55.6877554
      ],
      [
       37.595521,
       55.6880187
      ]
     ],
     [
      [
       37.595521,
       55.6880187
      ],
      [
       37.5955967,
       55.6880894
      ],
      [
       37.5957201,
       55.6882128
      ],
      [
       37.595879,
       55.6883951
      ],
      [
       37.595959,
       55.6884843
      ],
      [
       37.5960594,
       55.6885939
      ]
     ],
     [
      [
       37.5960594,
       55.6885939
      ],
      [
       37.5962123,
       55.68872
      ],
      [
       37.5963432,
       55.6888361
      ],
      [
       37.5964486,
       55.6889364
      ],
      [
       37.5965654,
       55.6890497
      ],
      [
       37.5973958,
       55.6898053
      ],
      [
       37.5976863,
       55.6900312
      ],
      [
       37.5977341,
       55.6900629
      ],
      [
       37.5978478,
       55.6901384
      ],
      [
       37.5980866,
       55.6902816
      ],
      [
       37.5983429,
       55.6904199
      ],
      [
       37.5992,
       55.690773
      ],
      [
       37.5993477,
       55.6908339
      ],
      [
       37.5997959,
       55.6910085
      ],
      [
       37.6007751,
       55.6913848
      ]
     ],
     [
      [
       37.6007751,
       55.6913848
      ],
      [
       37.6018828,
       55.6918114
      ]
     ],
     [
      [
       37.6018828,
       55.6918114
      ],
      [
       37.6019929,
       55.6918545
      ],
      [
       37.6020735,
       55.691886
      ],
      [
       37.6026133,
       55.6920783
      ],
      [
       37.602867,
       55.6921721
      ],
      [
       37.6036842,
       55.6924745
      ],
      [
       37.60471,
       55.6928539
      ],
      [
       37.6047731,
       55.6928776
      ],
      [
       37.6050374,
       55.6929786
      ],
      [
       37.6075406,
       55.6939474
      ],
      [
       37.6076406,
       55.6939859
      ],
      [
       37.6081941,
       55.6941989
      ],
      [
       37.6083266,
       55.6942476
      ]
     ],
     [
      [
       37.6083266,
       55.6942476
      ],
      [
       37.6087758,
       55.6944127
      ],
      [
       37.6090526,
       55.6945443
      ],
      [
       37.6094168,
       55.6947375
      ],
      [
       37.609616,
       55.6948691
      ],
      [
       37.6097256,
       55.6949568
      ],
      [
       37.6100193,
       55.6952518
      ]
     ],
     [
      [
       37.6100193,
       55.6952518
      ],
      [
       37.6110747,
       55.6964067
      ],
      [
       37.6116657,
       55.6970517
      ],
      [
       37.6120534,
       55.6974717
      ]
     ],
     [
      [
       37.6120534,
       55.6974717
      ],
      [
       37.6122541,
       55.6976912
      ],
      [
       37.6143137,
       55.6999147
      ],
      [
       37.6144721,
       55.7000843
      ],
      [
       37.6146613,
       55.7002869
      ]
     ],
     [
      [
       37.6146613,
       55.7002869
      ],
      [
       37.6149283,
       55.7006017
      ],
      [
       37.6150913,
       55.700776
      ],
      [
       37.6151201,
       55.7008317
      ],
      [
       37.6151412,
       55.7008867
      ],
      [
       37.6151557,
       55.7010054
      ],
      [
       37.6151524,
       55.7010594
      ],
      [
       37.6151362,
       55.7011077
      ],
      [
       37.6150417,
       55.7012257
      ],
      [
       37.614873,
       55.70141
      ],
      [
       37.6146596,
       55.7016349
      ]
     ],
     [
      [
       37.6146596,
       55.7016349
      ],
      [
       37.6146059,
       55.7016914
      ],
      [
       37.6145798,
       55.701732
      ],
      [
       37.6144568,
       55.7022273
      ],
      [
       37.6143844,
       55.7023281
      ]
     ],
     [
      [
       37.6143844,
       55.7023281
      ],
      [
       37.6142743,
       55.7024813
      ],
      [
       37.6141977,
       55.7025582
      ]
     ],
     [
      [
       37.6141977,
       55.7025582
      ],
      [
       37.6125254,
       55.7042387
      ],
      [
       37.6122758,
       55.7045
      ],
      [
       37.612042,
       55.7047777
      ],
      [
       37.6109832,
       55.7059323
      ],
      [
       37.6107478,
       55.7061981
      ]
     ],
     [
      [
       37.6107478,
       55.7061981
      ],
      [
       37.6106423,
       55.7063172
      ],
      [
       37.610585,
       55.7064416
      ],
      [
       37.6105505,
       55.7065648
      ],
      [
       37.610554,
       55.7067128
      ]
     ],
     [
      [
       37.610554,
       55.7067128
      ],
      [
       37.6106132,
       55.7078634
      ],
      [
       37.6106176,
       55.7080661
      ],
      [
       37.6106283,
       55.7082249
      ]
     ],
     [
      [
       37.6106283,
       55.7082249
      ],
      [
       37.6106282,
       55.7082725
      ],
      [
       37.6106201,
       55.7083217
      ],
      [
       37.6105919,
       55.7083723
      ],
      [
       37.6105262,
       55.7084222
      ],
      [
       37.6104498,
       55.708449
      ],
      [
       37.6103807,
       55.7084603
      ],
      [
       37.6103023,
       55.7084675
      ],
      [
       37.6102211,
       55.7084694
      ],
      [
       37.6101152,
       55.7084671
      ],
      [
       37.6099059,
       55.7084433
      ]
     ],
     [
      [
       37.6099059,
       55.7084433
      ],
      [
       37.6093977,
       55.7083855
      ],
      [
       37.6091583,
       55.7083718
      ]
     ],
     [
      [
       37.6091583,
       55.7083718
      ],
      [
       37.6089876,
       55.708362
      ],
      [
       37.6084271,
       55.708333
      ],
      [
       37.6078933,
       55.7083053
      ],
      [
       37.6075437,
       55.7082736
      ]
     ],
     [
      [
       37.6075437,
       55.7082736
      ],
      [
       37.6073396,
       55.7082551
      ],
      [
       37.6072904,
       55.7082531
      ],
      [
       37.6072422,
       55.7082591
      ],
      [
       37.6071991,
       55.7082727
      ],
      [
       37.6071648,
       55.7082927
      ],
      [
       37.6070838,
       55.7084253
      ]
     ],
     [
      [
       37.6070838,
       55.7084253
      ],
      [
       37.606892,
       55.7087395
      ],
      [
       37.6067528,
       55.7089674
      ],
      [
       37.6066199,
       55.7092102
      ]
     ],
     [
      [
       37.6066199,
       55.7092102
      ],
      [
       37.6064465,
       55.7095272
      ],
      [
       37.6063897,
       55.7096748
      ],
      [
       37.6063649,
       55.7097847
      ]
     ],
     [
      [
       37.6063649,
       55.7097847
      ],
      [
       37.6062419,
       55.7103292
      ],
      [
       37.6061976,
       55.7105251
      ],
      [
       37.6061811,
       55.7106617
      ]
     ],
     [
      [
       37.6061811,
       55.7106617
      ],
      [
       37.6061621,
       55.7108194
      ],
      [
       37.6061586,
       55.7108724
      ],
      [
       37.6061587,
       55.7109677
      ],
      [
       37.606177,
       55.7110639
      ],
      [
       37.606193,
       55.7111058
      ],
      [
       37.6062091,
       55.7111478
      ],
      [
       37.6062377,
       55.7112228
      ]
     ],
     [
      [
       37.6062377,
       55.7112228
      ],
      [
       37.6063163,
       55.7113985
      ],
      [
       37.6063473,
       55.7114825
      ],
      [
       37.6063808,
       55.7115719
      ]
     ],
     [
      [
       37.6063808,
       55.7115719
      ],
      [
       37.6064147,
       55.7116683
      ],
      [
       37.6064467,
       55.7117592
      ],
      [
       37.606506,
       55.7119277
      ],
      [
       37.6065366,
       55.7120148
      ],
      [
       37.6066008,
       55.7121972
      ]
     ],
     [
      [
       37.6066008,
       55.7121972
      ],
      [
       37.6066833,
       55.7124325
      ],
      [
       37.6067033,
       55.7124896
      ],
      [
       37.6067952,
       55.7127349
      ],
      [
       37.607036,
       55.7133643
      ],
      [
       37.6072962,
       55.7140444
      ],
      [
       37.6074611,
       55.7144939
      ],
      [
       37.6075161,
       55.7146343
      ],
      [
       37.6078631,
       55.7155191
      ],
      [
       37.6079009,
       55.7156205
      ],
      [
       37.6079431,
       55.7157339
      ],
      [
       37.6080883,
       55.7161231
      ],
      [
       37.6082383,
       55.7165255
      ],
      [
       37.6082983,
       55.7166874
      ],
      [
       37.6083185,
       55.7167417
      ],
      [
       37.6083521,
       55.7168262
      ],
      [
       37.6086126,
       55.7174949
      ],
      [
       37.6087294,
       55.717796
      ],
      [
       37.6090075,
       55.7185391
      ],
      [
       37.6091413,
       55.7189065
      ],
      [
       37.6091744,
       55.7189893
      ],
      [
       37.6093353,
       55.7194153
      ],
      [
       37.6094173,
       55.7196316
      ],
      [
       37.6096813,
       55.7202989
      ],
      [
       37.6099155,
       55.7208933
      ],
      [
       37.6100186,
       55.7211589
      ],
      [
       37.6101202,
       55.7214238
      ],
      [
       37.6103,
       55.7219039
      ],
      [
       37.6103352,
       55.7220002
      ],
      [
       37.6104869,
       55.7224112
      ],
      [
       37.6105492,
       55.7225832
      ],
      [
       37.6106726,
       55.7229183
      ],
      [
       37.6107096,
       55.7230194
      ],
      [
       37.6107803,
       55.723212
      ],
      [
       37.6108679,
       55.7234565
      ],
      [
       37.6109395,
       55.7236962
      ]
     ],
     [
      [
       37.6109395,
       55.7236962
      ],
      [
       37.6109678,
       55.7237922
      ],
      [
       37.6110131,
       55.7239504
      ],
      [
       37.6110402,
       55.7240441
      ]
     ],
     [
      [
       37.6110402,
       55.7240441
      ],
      [
       37.61112,
       55.7243194
      ],
      [
       37.6112035,
       55.7246021
      ],
      [
       37.6112786,
       55.7248848
      ]
     ],
     [
      [
       37.6112786,
       55.7248848
      ],
      [
       37.6113314,
       55.7251086
      ],
      [
       37.6113425,
       55.7251578
      ],
      [
       37.6113479,
       55.7251815
      ],
      [
       37.6113599,
       55.7252396
      ],
      [
       37.6113775,
       55.7253155
      ],
      [
       37.611393,
       55.7253924
      ],
      [
       37.6114199,
       55.7255077
      ],
      [
       37.6114547,
       55.7256653
      ],
      [
       37.6114646,
       55.7257103
      ],
      [
       37.6114854,
       55.7258053
      ],
      [
       37.6115036,
       55.7258888
      ],
      [
       37.6115208,
       55.7259677
      ],
      [
       37.6115382,
       55.7260474
      ],
      [
       37.6115486,
       55.7260935
      ],
      [
       37.6115997,
       55.7263187
      ],
      [
       37.6116292,
       55.7264491
      ],
      [
       37.6116597,
       55.7265831
      ]
     ]
    ]
   },
   "properties": {
    "kind": "track",
    "route": 26,
    "direction_id": 0,
    "from": "Метро «Университет»",
    "to": "Метро «Октябрьская»",
    "osm_relation_id": 1689026
   }
  },
  {
   "type": "Feature",
   "geometry": {
    "type": "Point",
    "coordinates": [
     37.5377142,
     55.6921111
    ]
   },
   "properties": {
    "kind": "stop",
    "route": 26,
    "direction_id": 0,
    "from": "Метро «Университет»",
    "to": "Метро «Октябрьская»",
    "osm_relation_id": 1689026,
    "stop_sequence": 1,
    "stop_name": "Метро «Университет»",
    "osm_node_id": 1376488524
   }
  },
  {
   "type": "Feature",
   "geometry": {
    "type": "Point",
    "coordinates": [
     37.539406,
     55.6911502
    ]
   },
   "properties": {
    "kind": "stop",
    "route": 26,
    "direction_id": 0,
    "from": "Метро «Университет»",
    "to": "Метро «Октябрьская»",
    "osm_relation_id": 1689026,
    "stop_sequence": 2,
    "stop_name": "Драмтеатр",
    "osm_node_id": 1376488519
   }
  },
  {
   "type": "Feature",
   "geometry": {
    "type": "Point",
    "coordinates": [
     37.5437852,
     55.6886447
    ]
   },
   "properties": {
    "kind": "stop",
    "route": 26,
    "direction_id": 0,
    "from": "Метро «Университет»",
    "to": "Метро «Октябрьская»",
    "osm_relation_id": 1689026,
    "stop_sequence": 3,
    "stop_name": "Ленинский проспект",
    "osm_node_id": 1376488523
   }
  },
  {
   "type": "Feature",
   "geometry": {
    "type": "Point",
    "coordinates": [
     37.5479437,
     55.6862314
    ]
   },
   "properties": {
    "kind": "stop",
    "route": 26,
    "direction_id": 0,
    "from": "Метро «Университет»",
    "to": "Метро «Октябрьская»",
    "osm_relation_id": 1689026,
    "stop_sequence": 4,
    "stop_name": "Центр здоровья детей",
    "osm_node_id": 1376488521
   }
  },
  {
   "type": "Feature",
   "geometry": {
    "type": "Point",
    "coordinates": [
     37.5513913,
     55.6842467
    ]
   },
   "properties": {
    "kind": "stop",
    "route": 26,
    "direction_id": 0,
    "from": "Метро «Университет»",
    "to": "Метро «Октябрьская»",
    "osm_relation_id": 1689026,
    "stop_sequence": 5,
    "stop_name": "Черёмушкинский рынок",
    "osm_node_id": 1376488538
   }
  },
  {
   "type": "Feature",
   "geometry": {
    "type": "Point",
    "coordinates": [
     37.5555395,
     55.6850675
    ]
   },
   "properties": {
    "kind": "stop",
    "route": 26,
    "direction_id": 0,
    "from": "Метро «Университет»",
    "to": "Метро «Октябрьская»",
    "osm_relation_id": 1689026,
    "stop_sequence": 6,
    "stop_name": "Улица Вавилова",
    "osm_node_id": 1376488529
   }
  },
  {
   "type": "Feature",
   "geometry": {
    "type": "Point",
    "coordinates": [
     37.5592693,
     55.6837857
    ]
   },
   "properties": {
    "kind": "stop",
    "route": 26,
    "direction_id": 0,
    "from": "Метро «Университет»",
    "to": "Метро «Октябрьская»",
    "osm_relation_id": 1689026,
    "stop_sequence": 7,
    "stop_name": "Улица Ивана Бабушкина",
    "osm_node_id": 1376488760
   }
  },
  {
   "type": "Feature",
   "geometry": {
    "type": "Point",
    "coordinates": [
     37.5658475,
     55.6815307
    ]
   },
   "properties": {
    "kind": "stop",
    "route": 26,
    "direction_id": 0,
    "from": "Метро «Университет»",
    "to": "Метро «Октябрьская»",
    "osm_relation_id": 1689026,
    "stop_sequence": 8,
    "stop_name": "Профсоюзная улица",
    "osm_node_id": 1376488528
   }
  },
  {
   "type": "Feature",
   "geometry": {
    "type": "Point",
    "coordinates": [
     37.5741684,
     55.678665
    ]
   },
   "properties": {
    "kind": "stop",
    "route": 26,
    "direction_id": 0,
    "from": "Метро «Университет»",
    "to": "Метро «Октябрьская»",
    "osm_relation_id": 1689026,
    "stop_sequence": 9,
    "stop_name": "Новочерёмушкинская улица",
    "osm_node_id": 1376488526
   }
  },
  {
   "type": "Feature",
   "geometry": {
    "type": "Point",
    "coordinates": [
     37.5783688,
     55.6772089
    ]
   },
   "properties": {
    "kind": "stop",
    "route": 26,
    "direction_id": 0,
    "from": "Метро «Университет»",
    "to": "Метро «Октябрьская»",
    "osm_relation_id": 1689026,
    "stop_sequence": 10,
    "stop_name": "Центр детского творчества",
    "osm_node_id": 1376488532
   }
  },
  {
   "type": "Feature",
   "geometry": {
    "type": "Point",
    "coordinates": [
     37.5843858,
     55.6795889
    ]
   },
   "properties": {
    "kind": "stop",
    "route": 26,
    "direction_id": 0,
    "from": "Метро «Университет»",
    "to": "Метро «Октябрьская»",
    "osm_relation_id": 1689026,
    "stop_sequence": 11,
    "stop_name": "Черёмушки",
    "osm_node_id": 1376488536
   }
  },
  {
   "type": "Feature",
   "geometry": {
    "type": "Point",
    "coordinates": [
     37.5899901,
     55.6829072
    ]
   },
   "properties": {
    "kind": "stop",
    "route": 26,
    "direction_id": 0,
    "from": "Метро «Университет»",
    "to": "Метро «Октябрьская»",
    "osm_relation_id": 1689026,
    "stop_sequence": 12,
    "stop_name": "Улица Дмитрия Ульянова",
    "osm_node_id": 1376500685
   }
  },
  {
   "type": "Feature",
   "geometry": {
    "type": "Point",
    "coordinates": [
     37.5938583,
     55.6864645
    ]
   },
   "properties": {
    "kind": "stop",
    "route": 26,
    "direction_id": 0,
    "from": "Метро «Университет»",
    "to": "Метро «Октябрьская»",
    "osm_relation_id": 1689026,
    "stop_sequence": 13,
    "stop_name": "Улица Винокурова",
    "osm_node_id": 1376500650
   }
  },
  {
   "type": "Feature",
   "geometry": {
    "type": "Point",
    "coordinates": [
     37.5960594,
     55.6885939
    ]
   },
   "properties": {
    "kind": "stop",
    "route": 26,
    "direction_id": 0,
    "from": "Метро «Университет»",
    "to": "Метро «Октябрьская»",
    "osm_relation_id": 1689026,
    "stop_sequence": 14,
    "stop_name": "Улица Шверника",
    "osm_node_id": 1376500843
   }
  },
  {
   "type": "Feature",
   "geometry": {
    "type": "Point",
    "coordinates": [
     37.6026133,
     55.6920783
    ]
   },
   "properties": {
    "kind": "stop",
    "route": 26,
    "direction_id": 0,
    "from": "Метро «Университет»",
    "to": "Метро «Октябрьская»",
    "osm_relation_id": 1689026,
    "stop_sequence": 15,
    "stop_name": "Загородное шоссе",
    "osm_node_id": 10735066095
   }
  },
  {
   "type": "Feature",
   "geometry": {
    "type": "Point",
    "coordinates": [
     37.6075406,
     55.6939474
    ]
   },
   "properties": {
    "kind": "stop",
    "route": 26,
    "direction_id": 0,
    "from": "Метро «Университет»",
    "to": "Метро «Октябрьская»",
    "osm_relation_id": 1689026,
    "stop_sequence": 16,
    "stop_name": "Севастопольский проспект, 1",
    "osm_node_id": 1376500701
   }
  },
  {
   "type": "Feature",
   "geometry": {
    "type": "Point",
    "coordinates": [
     37.6116657,
     55.6970517
    ]
   },
   "properties": {
    "kind": "stop",
    "route": 26,
    "direction_id": 0,
    "from": "Метро «Университет»",
    "to": "Метро «Октябрьская»",
    "osm_relation_id": 1689026,
    "stop_sequence": 17,
    "stop_name": "Больница имени Алексеева",
    "osm_node_id": 1376500632
   }
  },
  {
   "type": "Feature",
   "geometry": {
    "type": "Point",
    "coordinates": [
     37.6143137,
     55.6999147
    ]
   },
   "properties": {
    "kind": "stop",
    "route": 26,
    "direction_id": 0,
    "from": "Метро «Университет»",
    "to": "Метро «Октябрьская»",
    "osm_relation_id": 1689026,
    "stop_sequence": 18,
    "stop_name": "Спортивная школа «Тринта»",
    "osm_node_id": 1376500706
   }
  },
  {
   "type": "Feature",
   "geometry": {
    "type": "Point",
    "coordinates": [
     37.6125254,
     55.7042387
    ]
   },
   "properties": {
    "kind": "stop",
    "route": 26,
    "direction_id": 0,
    "from": "Метро «Университет»",
    "to": "Метро «Октябрьская»",
    "osm_relation_id": 1689026,
    "stop_sequence": 19,
    "stop_name": "Духовской переулок",
    "osm_node_id": 1376500694
   }
  },
  {
   "type": "Feature",
   "geometry": {
    "type": "Point",
    "coordinates": [
     37.6106132,
     55.7078634
    ]
   },
   "properties": {
    "kind": "stop",
    "route": 26,
    "direction_id": 0,
    "from": "Метро «Университет»",
    "to": "Метро «Октябрьская»",
    "osm_relation_id": 1689026,
    "stop_sequence": 20,
    "stop_name": "3-я Рощинская улица",
    "osm_node_id": 1376500849
   }
  },
  {
   "type": "Feature",
   "geometry": {
    "type": "Point",
    "coordinates": [
     37.606892,
     55.7087395
    ]
   },
   "properties": {
    "kind": "stop",
    "route": 26,
    "direction_id": 0,
    "from": "Метро «Университет»",
    "to": "Метро «Октябрьская»",
    "osm_relation_id": 1689026,
    "stop_sequence": 21,
    "stop_name": "3-й Верхний Михайловский проезд",
    "osm_node_id": 1376500847
   }
  },
  {
   "type": "Feature",
   "geometry": {
    "type": "Point",
    "coordinates": [
     37.6067033,
     55.7124896
    ]
   },
   "properties": {
    "kind": "stop",
    "route": 26,
    "direction_id": 0,
    "from": "Метро «Университет»",
    "to": "Метро «Октябрьская»",
    "osm_relation_id": 1689026,
    "stop_sequence": 22,
    "stop_name": "Серпуховский Вал",
    "osm_node_id": 1376510977
   }
  },
  {
   "type": "Feature",
   "geometry": {
    "type": "Point",
    "coordinates": [
     37.6080883,
     55.7161231
    ]
   },
   "properties": {
    "kind": "stop",
    "route": 26,
    "direction_id": 0,
    "from": "Метро «Университет»",
    "to": "Метро «Октябрьская»",
    "osm_relation_id": 1689026,
    "stop_sequence": 23,
    "stop_name": "Улица Лестева",
    "osm_node_id": 1376510975
   }
  },
  {
   "type": "Feature",
   "geometry": {
    "type": "Point",
    "coordinates": [
     37.6091413,
     55.7189065
    ]
   },
   "properties": {
    "kind": "stop",
    "route": 26,
    "direction_id": 0,
    "from": "Метро «Университет»",
    "to": "Метро «Октябрьская»",
    "osm_relation_id": 1689026,
    "stop_sequence": 24,
    "stop_name": "Метро «Шаболовская»",
    "osm_node_id": 4370973807
   }
  },
  {
   "type": "Feature",
   "geometry": {
    "type": "Point",
    "coordinates": [
     37.6106726,
     55.7229183
    ]
   },
   "properties": {
    "kind": "stop",
    "route": 26,
    "direction_id": 0,
    "from": "Метро «Университет»",
    "to": "Метро «Октябрьская»",
    "osm_relation_id": 1689026,
    "stop_sequence": 25,
    "stop_name": "Фабрика «Ударница»",
    "osm_node_id": 1376510980
   }
  },
  {
   "type": "Feature",
   "geometry": {
    "type": "Point",
    "coordinates": [
     37.6116597,
     55.7265831
    ]
   },
   "properties": {
    "kind": "stop",
    "route": 26,
    "direction_id": 0,
    "from": "Метро «Университет»",
    "to": "Метро «Октябрьская»",
    "osm_relation_id": 1689026,
    "stop_sequence": 26,
    "stop_name": "Метро «Октябрьская»",
    "osm_node_id": 10871512070
   }
  },
  {
   "type": "Feature",
   "geometry": {
    "type": "MultiLineString",
    "coordinates": [
     [
      [
       37.6116715,
       55.7268934
      ],
      [
       37.6116582,
       55.7268339
      ],
      [
       37.6116089,
       55.7266141
      ],
      [
       37.6115953,
       55.7265537
      ],
      [
       37.6115868,
       55.7265158
      ],
      [
       37.6114826,
       55.726042
      ],
      [
       37.6114674,
       55.7259726
      ],
      [
       37.6114547,
       55.7259149
      ],
      [
       37.6114447,
       55.7258695
      ],
      [
       37.6114293,
       55.7257993
      ],
      [
       37.6114248,
       55.7257788
      ],
      [
       37.6114087,
       55.7257067
      ],
      [
       37.6113822,
       55.7255853
      ],
      [
       37.611309,
       55.7252597
      ],
      [
       37.6112939,
       55.725192
      ],
      [
       37.6112771,
       55.7251129
      ],
      [
       37.6112251,
       55.7248896
      ]
     ],
     [
      [
       37.6112251,
       55.7248896
      ],
      [
       37.6111488,
       55.7246066
      ],
      [
       37.6110664,
       55.7243243
      ],
      [
       37.610987,
       55.7240508
      ]
     ],
     [
      [
       37.610987,
       55.7240508
      ],
      [
       37.6109593,
       55.7239553
      ],
      [
       37.6109122,
       55.723796
      ],
      [
       37.6108834,
       55.7236992
      ]
     ],
     [
      [
       37.6108834,
       55.7236992
      ],
      [
       37.6108113,
       55.7234597
      ],
      [
       37.6107255,
       55.723217
      ],
      [
       37.6106562,
       55.7230249
      ],
      [
       37.6105282,
       55.7226797
      ],
      [
       37.6104325,
       55.722418
      ],
      [
       37.6102792,
       55.7220027
      ],
      [
       37.610246,
       55.7219101
      ],
      [
       37.6100712,
       55.7214294
      ],
      [
       37.6099663,
       55.7211659
      ],
      [
       37.6098622,
       55.7209001
      ],
      [
       37.6096267,
       55.7203061
      ],
      [
       37.609364,
       55.7196377
      ],
      [
       37.6092814,
       55.7194218
      ],
      [
       37.6091206,
       55.7189957
      ],
      [
       37.6089853,
       55.7186311
      ],
      [
       37.6089536,
       55.7185452
      ],
      [
       37.6086772,
       55.7178018
      ],
      [
       37.6085589,
       55.7175011
      ],
      [
       37.6082979,
       55.716831
      ],
      [
       37.6082407,
       55.7166801
      ],
      [
       37.6081843,
       55.7165312
      ],
      [
       37.6078902,
       55.7157401
      ],
      [
       37.6078463,
       55.7156232
      ],
      [
       37.6078097,
       55.7155255
      ],
      [
       37.6074692,
       55.714667
      ],
      [
       37.6074087,
       55.7145003
      ],
      [
       37.6072739,
       55.7141415
      ],
      [
       37.6072398,
       55.7140507
      ],
      [
       37.6069786,
       55.7133706
      ],
      [
       37.6067373,
       55.7127422
      ],
      [
       37.6066247,
       55.7124385
      ],
      [
       37.6065358,
       55.7121989
      ],
      [
       37.6064804,
       55.7120171
      ],
      [
       37.6064268,
       55.7118412
      ]
     ],
     [
      [
       37.6064268,
       55.7118412
      ],
      [
       37.6064038,
       55.711776
      ]
     ],
     [
      [
       37.6064038,
       55.711776
      ],
      [
       37.6063995,
       55.7117638
      ],
      [
       37.6063785,
       55.7117039
      ],
      [
       37.6063645,
       55.7116642
      ]
     ],
     [
      [
       37.6063645,
       55.7116642
      ],
      [
       37.6063339,
       55.7115773
      ],
      [
       37.606316,
       55.7115295
      ],
      [
       37.6063006,
       55.7114884
      ],
      [
       37.6062874,
       55.7114572
      ],
      [
       37.6062516,
       55.711375
      ]
     ],
     [
      [
       37.6062516,
       55.711375
      ],
      [
       37.6061574,
       55.711149
      ],
      [
       37.6061454,
       55.7111108
      ],
      [
       37.6061328,
       55.7110708
      ],
      [
       37.6061176,
       55.7109948
      ],
      [
       37.6061103,
       55.7109117
      ],
      [
       37.6061143,
       55.7108181
      ],
      [
       37.6061337,
       55.7106575
      ]
     ],
     [
      [
       37.6061337,
       55.7106575
      ],
      [
       37.6061499,
       55.7105233
      ],
      [
       37.6061879,
       55.7103216
      ],
      [
       37.6062902,
       55.709778
      ]
     ],
     [
      [
       37.6062902,
       55.709778
      ],
      [
       37.6063109,
       55.7096678
      ],
      [
       37.6063691,
       55.7095162
      ],
      [
       37.6065457,
       55.7091934
      ]
     ],
     [
      [
       37.6065457,
       55.7091934
      ],
      [
       37.6066762,
       55.7089548
      ],
      [
       37.6070076,
       55.708412
      ]
     ],
     [
      [
       37.6070076,
       55.708412
      ],
      [
       37.6070883,
       55.7082799
      ],
      [
       37.6071226,
       55.708248
      ],
      [
       37.6071727,
       55.7082237
      ],
      [
       37.6072337,
       55.7082092
      ],
      [
       37.6072996,
       55.7082059
      ],
      [
       37.6075633,
       55.7082299
      ]
     ],
     [
      [
       37.6075633,
       55.7082299
      ],
      [
       37.6079055,
       55.708261
      ],
      [
       37.6091785,
       55.7083293
      ]
     ],
     [
      [
       37.6091785,
       55.7083293
      ],
      [
       37.6094009,
       55.7083428
      ],
      [
       37.6099232,
       55.7084149
      ]
     ],
     [
      [
       37.6099232,
       55.7084149
      ],
      [
       37.6101205,
       55.7084422
      ],
      [
       37.6102198,
       55.7084448
      ],
      [
       37.6102942,
       55.7084418
      ],
      [
       37.6103693,
       55.708432
      ],
      [
       37.610425,
       55.7084199
      ],
      [
       37.610478,
       55.7083972
      ],
      [
       37.6105316,
       55.7083587
      ],
      [
       37.6105557,
       55.7083141
      ],
      [
       37.6105665,
       55.708271
      ],
      [
       37.6105678,
       55.7082249
      ]
     ],
     [
      [
       37.6105678,
       55.7082249
      ],
      [
       37.6105619,
       55.7080648
      ],
      [
       37.6105497,
       55.7078624
      ],
      [
       37.6104675,
       55.7067164
      ]
     ],
     [
      [
       37.6104675,
       55.7067164
      ],
      [
       37.6104699,
       55.7065589
      ],
      [
       37.6105073,
       55.7064308
      ],
      [
       37.6105637,
       55.706305
      ],
      [
       37.610675,
       55.7061795
      ]
     ],
     [
      [
       37.610675,
       55.7061795
      ],
      [
       37.610912,
       55.7059121
      ],
      [
       37.6120453,
       55.7046676
      ],
      [
       37.6122058,
       55.7044784
      ],
      [
       37.6124566,
       55.7042159
      ],
      [
       37.6141242,
       55.7025405
      ]
     ],
     [
      [
       37.6141242,
       55.7025405
      ],
      [
       37.6141991,
       55.7024653
      ],
      [
       37.61432,
       55.7022986
      ]
     ],
     [
      [
       37.61432,
       55.7022986
      ],
      [
       37.614379,
       55.7022173
      ],
      [
       37.614496,
       55.7017228
      ],
      [
       37.6145389,
       55.7016716
      ],
      [
       37.6145936,
       55.7016139
      ]
     ],
     [
      [
       37.6145936,
       55.7016139
      ],
      [
       37.6148034,
       55.7013926
      ],
      [
       37.6149831,
       55.7012122
      ],
      [
       37.6150393,
       55.7011552
      ],
      [
       37.6150821,
       55.7010995
      ],
      [
       37.6150983,
       55.7010554
      ],
      [
       37.6150974,
       55.7010054
      ],
      [
       37.6150857,
       55.7008915
      ],
      [
       37.6150674,
       55.7008388
      ],
      [
       37.6150394,
       55.7007875
      ],
      [
       37.6148721,
       55.7006104
      ],
      [
       37.6145911,
       55.7003102
      ]
     ],
     [
      [
       37.6145911,
       55.7003102
      ],
      [
       37.6144002,
       55.7001047
      ],
      [
       37.6142423,
       55.6999347
      ],
      [
       37.6121834,
       55.6977119
      ],
      [
       37.6119828,
       55.6974925
      ]
     ],
     [
      [
       37.6119828,
       55.6974925
      ],
      [
       37.6117428,
       55.6972309
      ],
      [
       37.6110045,
       55.6964279
      ],
      [
       37.6099716,
       55.6952705
      ]
     ],
     [
      [
       37.6099716,
       55.6952705
      ],
      [
       37.6096693,
       55.6949735
      ],
      [
       37.6095755,
       55.6948861
      ],
      [
       37.6093721,
       55.6947622
      ],
      [
       37.6089997,
       55.6945771
      ],
      [
       37.6087355,
       55.6944432
      ],
      [
       37.6082923,
       55.6942782
      ]
     ],
     [
      [
       37.6082923,
       55.6942782
      ],
      [
       37.6081579,
       55.6942281
      ],
      [
       37.6076035,
       55.6940136
      ],
      [
       37.6066745,
       55.6936589
      ],
      [
       37.6049939,
       55.6930161
      ],
      [
       37.6047286,
       55.6929149
      ],
      [
       37.6046639,
       55.6928906
      ],
      [
       37.6036444,
       55.6925067
      ],
      [
       37.6028322,
       55.6922009
      ],
      [
       37.6021874,
       55.6919581
      ],
      [
       37.6020391,
       55.6919067
      ],
      [
       37.6019532,
       55.6918766
      ],
      [
       37.6018483,
       55.6918399
      ]
     ],
     [
      [
       37.6018483,
       55.6918399
      ],
      [
       37.6007406,
       55.6914133
      ]
     ],
     [
      [
       37.6007406,
       55.6914133
      ],
      [
       37.5997716,
       55.6910272
      ],
      [
       37.5993216,
       55.6908537
      ],
      [
       37.5991722,
       55.6907932
      ]
     ],
     [
      [
       37.5991722,
       55.6907932
      ],
      [
       37.598313,
       55.6904453
      ],
      [
       37.5980509,
       55.6903022
      ],
      [
       37.5978377,
       55.690175
      ],
      [
       37.5976991,
       55.6900848
      ],
      [
       37.5975937,
       55.6900161
      ],
      [
       37.5973556,
       55.6898265
      ],
      [
       37.5971407,
       55.6896313
      ],
      [
       37.5965512,
       55.6890945
      ]
     ],
     [
      [
       37.5965512,
       55.6890945
      ],
      [
       37.5964,
       55.6889523
      ],
      [
       37.5962947,
       55.6888521
      ],
      [
       37.5961648,
       55.6887351
      ],
      [
       37.5960511,
       55.6886457
      ]
     ],
     [
      [
       37.5960511,
       55.6886457
      ],
      [
       37.5958208,
       55.688401
      ],
      [
       37.595683,
       55.6882482
      ],
      [
       37.595544,
       55.6881113
      ],
      [
       37.5954684,
       55.6880401
      ]
     ],
     [
      [
       37.5954684,
       55.6880401
      ],
      [
       37.5951857,
       55.6877738
      ],
      [
       37.5944852,
       55.6871141
      ],
      [
       37.593587,
       55.6862682
      ],
      [
       37.5934734,
       55.6861606
      ],
      [
       37.5934419,
       55.6861314
      ]
     ],
     [
      [
       37.5934419,
       55.6861314
      ],
      [
       37.593395,
       55.6858531
      ],
      [
       37.5912143,
       55.6838738
      ],
      [
       37.5908629,
       55.6837737
      ]
     ],
     [
      [
       37.5908629,
       55.6837737
      ],
      [
       37.589751,
       55.6827554
      ],
      [
       37.5893525,
       55.6823892
      ],
      [
       37.5891632,
       55.6822151
      ],
      [
       37.5890215,
       55.6820849
      ],
      [
       37.5886609,
       55.6817534
      ],
      [
       37.5886311,
       55.681726
      ],
      [
       37.588271,
       55.6813946
      ],
      [
       37.5878636,
       55.6810205
      ],
      [
       37.5875936,
       55.6807861
      ]
     ],
     [
      [
       37.5875936,
       55.6807861
      ],
      [
       37.587442,
       55.6806545
      ],
      [
       37.5872934,
       55.6805541
      ],
      [
       37.5872323,
       55.6805128
      ],
      [
       37.5870561,
       55.6804068
      ],
      [
       37.5868839,
       55.6803183
      ]
     ],
     [
      [
       37.5868839,
       55.6803183
      ],
      [
       37.5867579,
       55.680278
      ],
      [
       37.5866761,
       55.6802684
      ],
      [
       37.5865134,
       55.6802637
      ],
      [
       37.5864086,
       55.6802762
      ],
      [
       37.5862397,
       55.6803129
      ],
      [
       37.5861576,
       55.680339
      ]
     ],
     [
      [
       37.5861576,
       55.680339
      ],
      [
       37.5860686,
       55.6803711
      ],
      [
       37.5859597,
       55.6803978
      ],
      [
       37.5858141,
       55.6804168
      ]
     ],
     [
      [
       37.5858141,
       55.6804168
      ],
      [
       37.5856858,
       55.6804153
      ],
      [
       37.5855842,
       55.6803979
      ],
      [
       37.5854801,
       55.6803609
      ],
      [
       37.585368,
       55.6802985
      ],
      [
       37.585235,
       55.6801747
      ],
      [
       37.5848962,
       55.6798792
      ],
      [
       37.5847845,
       55.6797929
      ]
     ],
     [
      [
       37.5847845,
       55.6797929
      ],
      [
       37.5843324,
       55.6796232
      ],
      [
       37.5839388,
       55.6794767
      ]
     ],
     [
      [
       37.5839388,
       55.6794767
      ],
      [
       37.5837947,
       55.679423
      ],
      [
       37.5837421,
       55.6794029
      ],
      [
       37.5837003,
       55.6793798
      ],
      [
       37.5836381,
       55.6793365
      ],
      [
       37.5836134,
       55.6792948
      ],
      [
       37.5836048,
       55.6792531
      ],
      [
       37.5836141,
       55.6791874
      ],
      [
       37.5836394,
       55.6791217
      ],
      [
       37.584003,
       55.6787846
      ],
      [
       37.5840347,
       55.678725
      ],
      [
       37.5840342,
       55.6786655
      ],
      [
       37.5840203,
       55.6786526
      ],
      [
       37.5839849,
       55.6785913
      ],
      [
       37.5838748,
       55.6785173
      ],
      [
       37.583617,
       55.6784239
      ]
     ],
     [
      [
       37.583617,
       55.6784239
      ],
      [
       37.5830016,
       55.678201
      ],
      [
       37.5817562,
       55.6777751
      ],
      [
       37.5809341,
       55.677494
      ],
      [
       37.5805794,
       55.6773728
      ],
      [
       37.5799934,
       55.6771724
      ]
     ],
     [
      [
       37.5799934,
       55.6771724
      ],
      [
       37.5796028,
       55.6770445
      ],
      [
       37.5794305,
       55.6770096
      ],
      [
       37.5792878,
       55.6770116
      ],
      [
       37.5792387,
       55.6770147
      ],
      [
       37.5791791,
       55.6770188
      ],
      [
       37.5791237,
       55.6770259
      ],
      [
       37.5787921,
       55.6771153
      ],
      [
       37.5785872,
       55.6771845
      ],
      [
       37.5784095,
       55.6772475
      ]
     ],
     [
      [
       37.5784095,
       55.6772475
      ],
      [
       37.5761858,
       55.6780209
      ],
      [
       37.5746441,
       55.6785509
      ],
      [
       37.5744885,
       55.6786055
      ],
      [
       37.5739747,
       55.6787811
      ],
      [
       37.5723006,
       55.6793568
      ],
      [
       37.5720501,
       55.6794429
      ],
      [
       37.5719287,
       55.6794846
      ],
      [
       37.571312,
       55.6796967
      ],
      [
       37.5674395,
       55.6810388
      ],
      [
       37.5670578,
       55.6811696
      ],
      [
       37.5669974,
       55.6811901
      ],
      [
       37.5667496,
       55.6812764
      ],
      [
       37.5664521,
       55.6813716
      ],
      [
       37.5657318,
       55.6816167
      ],
      [
       37.5637565,
       55.6822951
      ],
      [
       37.5635177,
       55.6823771
      ],
      [
       37.560052,
       55.6835674
      ],
      [
       37.5596783,
       55.6836968
      ],
      [
       37.5593105,
       55.6838241
      ],
      [
       37.5577231,
       55.6843657
      ],
      [
       37.5568816,
       55.6846431
      ],
      [
       37.5547537,
       55.685378
      ],
      [
       37.5545124,
       55.685461
      ],
      [
       37.554465,
       55.6854779
      ]
     ],
     [
      [
       37.554465,
       55.6854779
      ],
      [
       37.5543916,
       55.6854997
      ],
      [
       37.5543071,
       55.6855159
      ],
      [
       37.5542819,
       55.6855171
      ],
      [
       37.5541757,
       55.685522
      ],
      [
       37.5541319,
       55.6855168
      ],
      [
       37.554094,
       55.685513
      ],
      [
       37.5540812,
       55.6855118
      ],
      [
       37.5540302,
       55.6855046
      ],
      [
       37.5540135,
       55.6855001
      ],
      [
       37.5539548,
       55.685484
      ],
      [
       37.5538851,
       55.6854594
      ]
     ],
     [
      [
       37.5538851,
       55.6854594
      ],
      [
       37.5525824,
       55.6843871
      ]
     ],
     [
      [
       37.5525824,
       55.6843871
      ],
      [
       37.5525423,
       55.6843534
      ],
      [
       37.5524514,
       55.6842804
      ],
      [
       37.5524209,
       55.6842556
      ],
      [
       37.5523283,
       55.6842087
      ],
      [
       37.5522481,
       55.6841838
      ],
      [
       37.5522324,
       55.6841789
      ],
      [
       37.5521688,
       55.6841646
      ],
      [
       37.5521298,
       55.6841558
      ],
      [
       37.5520346,
       55.6841426
      ],
      [
       37.5519529,
       55.6841402
      ],
      [
       37.5518858,
       55.6841394
      ],
      [
       37.5518375,
       55.6841415
      ],
      [
       37.5517523,
       55.6841505
      ],
      [
       37.5516491,
       55.6841747
      ],
      [
       37.5515788,
       55.6841981
      ],
      [
       37.5514482,
       55.6842732
      ]
     ],
     [
      [
       37.5514482,
       55.6842732
      ],
      [
       37.5509394,
       55.6845658
      ],
      [
       37.5504371,
       55.6848546
      ],
      [
       37.5501025,
       55.6850473
      ],
      [
       37.5478178,
       55.6863576
      ],
      [
       37.5477454,
       55.6863991
      ],
      [
       37.5475989,
       55.6864831
      ],
      [
       37.5472087,
       55.6867068
      ],
      [
       37.545714,
       55.6876116
      ],
      [
       37.5455497,
       55.6877071
      ],
      [
       37.5455365,
       55.6877143
      ],
      [
       37.5455049,
       55.6877325
      ],
      [
       37.5453085,
       55.6878545
      ],
      [
       37.5450615,
       55.6879829
      ],
      [
       37.5449054,
       55.6880715
      ],
      [
       37.5447565,
       55.6881561
      ],
      [
       37.5445122,
       55.6882952
      ],
      [
       37.5442843,
       55.688425
      ],
      [
       37.5438414,
       55.6886766
      ],
      [
       37.5428349,
       55.6892485
      ],
      [
       37.5426973,
       55.6893269
      ],
      [
       37.5404824,
       55.690597
      ],
      [
       37.5400883,
       55.6908254
      ],
      [
       37.5399283,
       55.6909162
      ],
      [
       37.5397652,
       55.6910088
      ],
      [
       37.539756,
       55.6910141
      ],
      [
       37.5396731,
       55.6910615
      ],
      [
       37.5394627,
       55.6911818
      ],
      [
       37.5382354,
       55.6918789
      ],
      [
       37.5377709,
       55.6921427
      ],
      [
       37.5374864,
       55.6923051
      ],
      [
       37.5373054,
       55.692418
      ],
      [
       37.5369453,
       55.6926426
      ]
     ]
    ]
   },
   "properties": {
    "kind": "track",
    "route": 26,
    "direction_id": 1,
    "from": "Метро «Октябрьская»",
    "to": "Метро «Университет»",
    "osm_relation_id": 1689064
   }
  },
  {
   "type": "Feature",
   "geometry": {
    "type": "Point",
    "coordinates": [
     37.6116715,
     55.7268934
    ]
   },
   "properties": {
    "kind": "stop",
    "route": 26,
    "direction_id": 1,
    "from": "Метро «Октябрьская»",
    "to": "Метро «Университет»",
    "osm_relation_id": 1689064,
    "stop_sequence": 1,
    "stop_name": "Метро «Октябрьская»",
    "osm_node_id": 1376510974
   }
  },
  {
   "type": "Feature",
   "geometry": {
    "type": "Point",
    "coordinates": [
     37.6105282,
     55.7226797
    ]
   },
   "properties": {
    "kind": "stop",
    "route": 26,
    "direction_id": 1,
    "from": "Метро «Октябрьская»",
    "to": "Метро «Университет»",
    "osm_relation_id": 1689064,
    "stop_sequence": 2,
    "stop_name": "Фабрика «Ударница»",
    "osm_node_id": 1376510981
   }
  },
  {
   "type": "Feature",
   "geometry": {
    "type": "Point",
    "coordinates": [
     37.6089853,
     55.7186311
    ]
   },
   "properties": {
    "kind": "stop",
    "route": 26,
    "direction_id": 1,
    "from": "Метро «Октябрьская»",
    "to": "Метро «Университет»",
    "osm_relation_id": 1689064,
    "stop_sequence": 3,
    "stop_name": "Метро «Шаболовская»",
    "osm_node_id": 1376510978
   }
  },
  {
   "type": "Feature",
   "geometry": {
    "type": "Point",
    "coordinates": [
     37.6072739,
     55.7141415
    ]
   },
   "properties": {
    "kind": "stop",
    "route": 26,
    "direction_id": 1,
    "from": "Метро «Октябрьская»",
    "to": "Метро «Университет»",
    "osm_relation_id": 1689064,
    "stop_sequence": 4,
    "stop_name": "Улица Лестева",
    "osm_node_id": 1376510976
   }
  },
  {
   "type": "Feature",
   "geometry": {
    "type": "Point",
    "coordinates": [
     37.6061337,
     55.7106575
    ]
   },
   "properties": {
    "kind": "stop",
    "route": 26,
    "direction_id": 1,
    "from": "Метро «Октябрьская»",
    "to": "Метро «Университет»",
    "osm_relation_id": 1689064,
    "stop_sequence": 5,
    "stop_name": "Серпуховский Вал",
    "osm_node_id": 1376500848
   }
  },
  {
   "type": "Feature",
   "geometry": {
    "type": "Point",
    "coordinates": [
     37.6091785,
     55.7083293
    ]
   },
   "properties": {
    "kind": "stop",
    "route": 26,
    "direction_id": 1,
    "from": "Метро «Октябрьская»",
    "to": "Метро «Университет»",
    "osm_relation_id": 1689064,
    "stop_sequence": 6,
    "stop_name": "3-я Рощинская улица",
    "osm_node_id": 1376500850
   }
  },
  {
   "type": "Feature",
   "geometry": {
    "type": "Point",
    "coordinates": [
     37.6120453,
     55.7046676
    ]
   },
   "properties": {
    "kind": "stop",
    "route": 26,
    "direction_id": 1,
    "from": "Метро «Октябрьская»",
    "to": "Метро «Университет»",
    "osm_relation_id": 1689064,
    "stop_sequence": 7,
    "stop_name": "Духовской переулок",
    "osm_node_id": 1376500695
   }
  },
  {
   "type": "Feature",
   "geometry": {
    "type": "Point",
    "coordinates": [
     37.6145911,
     55.7003102
    ]
   },
   "properties": {
    "kind": "stop",
    "route": 26,
    "direction_id": 1,
    "from": "Метро «Октябрьская»",
    "to": "Метро «Университет»",
    "osm_relation_id": 1689064,
    "stop_sequence": 8,
    "stop_name": "Спортивная школа «Тринта»",
    "osm_node_id": 1376500709
   }
  },
  {
   "type": "Feature",
   "geometry": {
    "type": "Point",
    "coordinates": [
     37.6121834,
     55.6977119
    ]
   },
   "properties": {
    "kind": "stop",
    "route": 26,
    "direction_id": 1,
    "from": "Метро «Октябрьская»",
    "to": "Метро «Университет»",
    "osm_relation_id": 1689064,
    "stop_sequence": 9,
    "stop_name": "Больница имени Алексеева",
    "osm_node_id": 1376500648
   }
  },
  {
   "type": "Feature",
   "geometry": {
    "type": "Point",
    "coordinates": [
     37.6066745,
     55.6936589
    ]
   },
   "properties": {
    "kind": "stop",
    "route": 26,
    "direction_id": 1,
    "from": "Метро «Октябрьская»",
    "to": "Метро «Университет»",
    "osm_relation_id": 1689064,
    "stop_sequence": 10,
    "stop_name": "Севастопольский проспект, 1",
    "osm_node_id": 1376500704
   }
  },
  {
   "type": "Feature",
   "geometry": {
    "type": "Point",
    "coordinates": [
     37.6021874,
     55.6919581
    ]
   },
   "properties": {
    "kind": "stop",
    "route": 26,
    "direction_id": 1,
    "from": "Метро «Октябрьская»",
    "to": "Метро «Университет»",
    "osm_relation_id": 1689064,
    "stop_sequence": 11,
    "stop_name": "Загородное шоссе",
    "osm_node_id": 1376500698
   }
  },
  {
   "type": "Feature",
   "geometry": {
    "type": "Point",
    "coordinates": [
     37.5965512,
     55.6890945
    ]
   },
   "properties": {
    "kind": "stop",
    "route": 26,
    "direction_id": 1,
    "from": "Метро «Октябрьская»",
    "to": "Метро «Университет»",
    "osm_relation_id": 1689064,
    "stop_sequence": 12,
    "stop_name": "Улица Шверника",
    "osm_node_id": 1376500846
   }
  },
  {
   "type": "Feature",
   "geometry": {
    "type": "Point",
    "coordinates": [
     37.593587,
     55.6862682
    ]
   },
   "properties": {
    "kind": "stop",
    "route": 26,
    "direction_id": 1,
    "from": "Метро «Октябрьская»",
    "to": "Метро «Университет»",
    "osm_relation_id": 1689064,
    "stop_sequence": 13,
    "stop_name": "Улица Винокурова",
    "osm_node_id": 1376500684
   }
  },
  {
   "type": "Feature",
   "geometry": {
    "type": "Point",
    "coordinates": [
     37.589751,
     55.6827554
    ]
   },
   "properties": {
    "kind": "stop",
    "route": 26,
    "direction_id": 1,
    "from": "Метро «Октябрьская»",
    "to": "Метро «Университет»",
    "osm_relation_id": 1689064,
    "stop_sequence": 14,
    "stop_name": "Улица Дмитрия Ульянова",
    "osm_node_id": 1376500692
   }
  },
  {
   "type": "Feature",
   "geometry": {
    "type": "Point",
    "coordinates": [
     37.585235,
     55.6801747
    ]
   },
   "properties": {
    "kind": "stop",
    "route": 26,
    "direction_id": 1,
    "from": "Метро «Октябрьская»",
    "to": "Метро «Университет»",
    "osm_relation_id": 1689064,
    "stop_sequence": 15,
    "stop_name": "Черёмушки",
    "osm_node_id": 1376492012
   }
  },
  {
   "type": "Feature",
   "geometry": {
    "type": "Point",
    "coordinates": [
     37.5799934,
     55.6771724
    ]
   },
   "properties": {
    "kind": "stop",
    "route": 26,
    "direction_id": 1,
    "from": "Метро «Октябрьская»",
    "to": "Метро «Университет»",
    "osm_relation_id": 1689064,
    "stop_sequence": 16,
    "stop_name": "Центр детского творчества",
    "osm_node_id": 1376488531
   }
  },
  {
   "type": "Feature",
   "geometry": {
    "type": "Point",
    "coordinates": [
     37.5739747,
     55.6787811
    ]
   },
   "properties": {
    "kind": "stop",
    "route": 26,
    "direction_id": 1,
    "from": "Метро «Октябрьская»",
    "to": "Метро «Университет»",
    "osm_relation_id": 1689064,
    "stop_sequence": 17,
    "stop_name": "Новочерёмушкинская улица",
    "osm_node_id": 1376488525
   }
  },
  {
   "type": "Feature",
   "geometry": {
    "type": "Point",
    "coordinates": [
     37.5674395,
     55.6810388
    ]
   },
   "properties": {
    "kind": "stop",
    "route": 26,
    "direction_id": 1,
    "from": "Метро «Октябрьская»",
    "to": "Метро «Университет»",
    "osm_relation_id": 1689064,
    "stop_sequence": 18,
    "stop_name": "Профсоюзная улица",
    "osm_node_id": 1376488527
   }
  },
  {
   "type": "Feature",
   "geometry": {
    "type": "Point",
    "coordinates": [
     37.560052,
     55.6835674
    ]
   },
   "properties": {
    "kind": "stop",
    "route": 26,
    "direction_id": 1,
    "from": "Метро «Октябрьская»",
    "to": "Метро «Университет»",
    "osm_relation_id": 1689064,
    "stop_sequence": 19,
    "stop_name": "Улица Ивана Бабушкина",
    "osm_node_id": 1376488759
   }
  },
  {
   "type": "Feature",
   "geometry": {
    "type": "Point",
    "coordinates": [
     37.5547537,
     55.685378
    ]
   },
   "properties": {
    "kind": "stop",
    "route": 26,
    "direction_id": 1,
    "from": "Метро «Октябрьская»",
    "to": "Метро «Университет»",
    "osm_relation_id": 1689064,
    "stop_sequence": 20,
    "stop_name": "Улица Вавилова",
    "osm_node_id": 1376488530
   }
  },
  {
   "type": "Feature",
   "geometry": {
    "type": "Point",
    "coordinates": [
     37.5504371,
     55.6848546
    ]
   },
   "properties": {
    "kind": "stop",
    "route": 26,
    "direction_id": 1,
    "from": "Метро «Октябрьская»",
    "to": "Метро «Университет»",
    "osm_relation_id": 1689064,
    "stop_sequence": 21,
    "stop_name": "Черёмушкинский рынок",
    "osm_node_id": 1376488537
   }
  },
  {
   "type": "Feature",
   "geometry": {
    "type": "Point",
    "coordinates": [
     37.5478178,
     55.6863576
    ]
   },
   "properties": {
    "kind": "stop",
    "route": 26,
    "direction_id": 1,
    "from": "Метро «Октябрьская»",
    "to": "Метро «Университет»",
    "osm_relation_id": 1689064,
    "stop_sequence": 22,
    "stop_name": "Центр здоровья детей",
    "osm_node_id": 1376488520
   }
  },
  {
   "type": "Feature",
   "geometry": {
    "type": "Point",
    "coordinates": [
     37.5438414,
     55.6886766
    ]
   },
   "properties": {
    "kind": "stop",
    "route": 26,
    "direction_id": 1,
    "from": "Метро «Октябрьская»",
    "to": "Метро «Университет»",
    "osm_relation_id": 1689064,
    "stop_sequence": 23,
    "stop_name": "Ленинский проспект",
    "osm_node_id": 1376488522
   }
  },
  {
   "type": "Feature",
   "geometry": {
    "type": "Point",
    "coordinates": [
     37.5399283,
     55.6909162
    ]
   },
   "properties": {
    "kind": "stop",
    "route": 26,
    "direction_id": 1,
    "from": "Метро «Октябрьская»",
    "to": "Метро «Университет»",
    "osm_relation_id": 1689064,
    "stop_sequence": 24,
    "stop_name": "Драмтеатр",
    "osm_node_id": 1376488518
   }
  },
  {
   "type": "Feature",
   "geometry": {
    "type": "Point",
    "coordinates": [
     37.5369453,
     55.6926426
    ]
   },
   "properties": {
    "kind": "stop",
    "route": 26,
    "direction_id": 1,
    "from": "Метро «Октябрьская»",
    "to": "Метро «Университет»",
    "osm_relation_id": 1689064,
    "stop_sequence": 25,
    "stop_name": "Метро «Университет»",
    "osm_node_id": 1376495190
   }
  },
  {
   "type": "Feature",
   "geometry": {
    "type": "MultiLineString",
    "coordinates": [
     [
      [
       37.5086983,
       55.805802
      ],
      [
       37.5088757,
       55.8057026
      ],
      [
       37.5089563,
       55.805667
      ],
      [
       37.5089865,
       55.8056601
      ],
      [
       37.5091347,
       55.8056263
      ],
      [
       37.5092493,
       55.8055872
      ]
     ],
     [
      [
       37.5092493,
       55.8055872
      ],
      [
       37.5093733,
       55.8055071
      ],
      [
       37.5094486,
       55.8054772
      ],
      [
       37.509503,
       55.8054678
      ],
      [
       37.5095322,
       55.8054627
      ],
      [
       37.5095648,
       55.8054578
      ],
      [
       37.5095981,
       55.8054545
      ],
      [
       37.5096319,
       55.8054527
      ],
      [
       37.5096656,
       55.8054526
      ],
      [
       37.5096994,
       55.8054542
      ],
      [
       37.5097327,
       55.8054575
      ],
      [
       37.5097655,
       55.8054623
      ],
      [
       37.5097973,
       55.8054687
      ],
      [
       37.509828,
       55.8054766
      ],
      [
       37.5098575,
       55.8054859
      ],
      [
       37.5098853,
       55.8054967
      ],
      [
       37.5099115,
       55.8055088
      ],
      [
       37.5099356,
       55.8055221
      ],
      [
       37.5099577,
       55.8055364
      ],
      [
       37.5099775,
       55.8055519
      ],
      [
       37.5099947,
       55.8055682
      ],
      [
       37.5100095,
       55.8055853
      ],
      [
       37.5100215,
       55.8056031
      ],
      [
       37.5100308,
       55.8056214
      ],
      [
       37.5100372,
       55.8056401
      ],
      [
       37.5100407,
       55.805659
      ],
      [
       37.5100413,
       55.8056779
      ],
      [
       37.510039,
       55.805697
      ],
      [
       37.5100338,
       55.8057157
      ],
      [
       37.5100257,
       55.8057342
      ],
      [
       37.5100148,
       55.8057521
      ],
      [
       37.5100013,
       55.8057696
      ],
      [
       37.509985,
       55.8057862
      ],
      [
       37.5099663,
       55.805802
      ],
      [
       37.5099452,
       55.805817
      ],
      [
       37.5099219,
       55.8058307
      ],
      [
       37.5098966,
       55.8058433
      ],
      [
       37.5098694,
       55.8058546
      ],
      [
       37.5098406,
       55.8058646
      ],
      [
       37.5098103,
       55.8058731
      ]
     ],
     [
      [
       37.5098103,
       55.8058731
      ],
      [
       37.5097113,
       55.8059023
      ],
      [
       37.5095869,
       55.8059258
      ],
      [
       37.5095037,
       55.8059391
      ],
      [
       37.5094395,
       55.8059464
      ],
      [
       37.5093744,
       55.8059506
      ],
      [
       37.509309,
       55.8059516
      ],
      [
       37.5091032,
       55.8059498
      ]
     ],
     [
      [
       37.5091032,
       55.8059498
      ],
      [
       37.5089368,
       55.805946
      ],
      [
       37.5088279,
       55.805953
      ],
      [
       37.508713,
       55.8059695
      ],
      [
       37.5083569,
       55.806049
      ]
     ],
     [
      [
       37.5083569,
       55.806049
      ],
      [
       37.5078646,
       55.8061687
      ],
      [
       37.5074351,
       55.8062722
      ],
      [
       37.5063477,
       55.8065328
      ]
     ],
     [
      [
       37.5063477,
       55.8065328
      ],
      [
       37.5061776,
       55.8065736
      ],
      [
       37.5061108,
       55.8065892
      ],
      [
       37.5059133,
       55.8066256
      ],
      [
       37.5052959,
       55.8067505
      ]
     ],
     [
      [
       37.5052959,
       55.8067505
      ],
      [
       37.5051269,
       55.8067804
      ],
      [
       37.5039279,
       55.8070167
      ],
      [
       37.5017551,
       55.807426
      ],
      [
       37.4999085,
       55.8077605
      ],
      [
       37.4988346,
       55.8079649
      ],
      [
       37.497417,
       55.8082306
      ],
      [
       37.4949346,
       55.80876
      ],
      [
       37.4939005,
       55.8089822
      ],
      [
       37.4928327,
       55.8092156
      ],
      [
       37.4926999,
       55.8092456
      ]
     ],
     [
      [
       37.4926999,
       55.8092456
      ],
      [
       37.4921228,
       55.8093754
      ],
      [
       37.4919794,
       55.8094077
      ]
     ],
     [
      [
       37.4919794,
       55.8094077
      ],
      [
       37.4917775,
       55.8094487
      ]
     ],
     [
      [
       37.4917775,
       55.8094487
      ],
      [
       37.491394,
       55.8095233
      ],
      [
       37.4913127,
       55.8095363
      ],
      [
       37.4912285,
       55.8095412
      ],
      [
       37.4911441,
       55.8095379
      ],
      [
       37.491062,
       55.8095263
      ],
      [
       37.4909848,
       55.8095069
      ],
      [
       37.4909488,
       55.8094957
      ]
     ],
     [
      [
       37.4909488,
       55.8094957
      ],
      [
       37.4895988,
       55.8091449
      ]
     ],
     [
      [
       37.4895988,
       55.8091449
      ],
      [
       37.4895817,
       55.80914
      ],
      [
       37.4895218,
       55.8091265
      ],
      [
       37.4894448,
       55.8091154
      ],
      [
       37.4893685,
       55.8091101
      ],
      [
       37.4892938,
       55.8091115
      ],
      [
       37.4892128,
       55.8091207
      ],
      [
       37.4891318,
       55.8091358
      ],
      [
       37.4887758,
       55.8092267
      ]
     ],
     [
      [
       37.4887758,
       55.8092267
      ],
      [
       37.4872501,
       55.8096647
      ],
      [
       37.4864206,
       55.8099359
      ],
      [
       37.485552,
       55.810235
      ],
      [
       37.4847153,
       55.8105264
      ]
     ],
     [
      [
       37.4847153,
       55.8105264
      ],
      [
       37.4845024,
       55.8106005
      ],
      [
       37.4844102,
       55.8106254
      ],
      [
       37.4842946,
       55.810647
      ],
      [
       37.4841697,
       55.8106602
      ],
      [
       37.4839875,
       55.8106726
      ],
      [
       37.4838297,
       55.8106759
      ]
     ],
     [
      [
       37.4838297,
       55.8106759
      ],
      [
       37.4835714,
       55.8106693
      ],
      [
       37.4825773,
       55.8106388
      ],
      [
       37.4823566,
       55.810632
      ],
      [
       37.4810723,
       55.8105854
      ],
      [
       37.4798067,
       55.8105356
      ],
      [
       37.4786412,
       55.8104901
      ],
      [
       37.4781419,
       55.8104719
      ],
      [
       37.4774425,
       55.8104456
      ],
      [
       37.4770551,
       55.8104322
      ],
      [
       37.4762634,
       55.8104056
      ],
      [
       37.4761654,
       55.8104018
      ],
      [
       37.4760127,
       55.8103983
      ],
      [
       37.475894,
       55.8103968
      ],
      [
       37.4755533,
       55.8103872
      ]
     ],
     [
      [
       37.4755533,
       55.8103872
      ],
      [
       37.4754148,
       55.8103829
      ],
      [
       37.4751376,
       55.8103746
      ],
      [
       37.474903,
       55.8103676
      ],
      [
       37.4747,
       55.8103624
      ]
     ],
     [
      [
       37.4747,
       55.8103624
      ],
      [
       37.4738311,
       55.8103371
      ],
      [
       37.4703945,
       55.8102312
      ]
     ],
     [
      [
       37.4703945,
       55.8102312
      ],
      [
       37.4697611,
       55.8102117
      ],
      [
       37.4696231,
       55.8102066
      ],
      [
       37.4695297,
       55.8102037
      ],
      [
       37.4683802,
       55.8101657
      ]
     ],
     [
      [
       37.4683802,
       55.8101657
      ],
      [
       37.4675225,
       55.8101373
      ],
      [
       37.466973,
       55.81012
      ]
     ],
     [
      [
       37.466973,
       55.81012
      ],
      [
       37.4661871,
       55.8100972
      ],
      [
       37.4640526,
       55.8100207
      ]
     ],
     [
      [
       37.4640526,
       55.8100207
      ],
      [
       37.4631335,
       55.8099877
      ],
      [
       37.4624836,
       55.8099689
      ]
     ],
     [
      [
       37.4624836,
       55.8099689
      ],
      [
       37.4622911,
       55.8099568
      ],
      [
       37.4620973,
       55.8099396
      ],
      [
       37.4619377,
       55.8099037
      ],
      [
       37.4617938,
       55.8098607
      ],
      [
       37.4616288,
       55.809779
      ],
      [
       37.4614739,
       55.8096673
      ],
      [
       37.4614626,
       55.8096566
      ],
      [
       37.4613324,
       55.8095334
      ]
     ],
     [
      [
       37.4613324,
       55.8095334
      ],
      [
       37.4612881,
       55.8094798
      ],
      [
       37.4612077,
       55.8094142
      ],
      [
       37.4611259,
       55.8093505
      ],
      [
       37.460979,
       55.8092286
      ],
      [
       37.4604016,
       55.8087745
      ],
      [
       37.4603173,
       55.8087082
      ],
      [
       37.4581526,
       55.8068443
      ]
     ],
     [
      [
       37.4581526,
       55.8068443
      ],
      [
       37.4579128,
       55.8066677
      ],
      [
       37.4577391,
       55.8065561
      ]
     ],
     [
      [
       37.4577391,
       55.8065561
      ],
      [
       37.4576155,
       55.8064844
      ],
      [
       37.4574432,
       55.8063951
      ],
      [
       37.4570046,
       55.8062109
      ],
      [
       37.4567431,
       55.8061215
      ],
      [
       37.4564618,
       55.8060426
      ],
      [
       37.4559881,
       55.8059323
      ],
      [
       37.4555286,
       55.8058465
      ],
      [
       37.455228,
       55.8057959
      ],
      [
       37.4547851,
       55.8057499
      ],
      [
       37.4542015,
       55.8057024
      ]
     ],
     [
      [
       37.4542015,
       55.8057024
      ],
      [
       37.4535993,
       55.8056539
      ],
      [
       37.4534308,
       55.80564
      ],
      [
       37.4527356,
       55.8055836
      ],
      [
       37.4522858,
       55.8055505
      ]
     ],
     [
      [
       37.4522858,
       55.8055505
      ],
      [
       37.4521525,
       55.8055246
      ],
      [
       37.4520581,
       55.8054991
      ]
     ],
     [
      [
       37.4520581,
       55.8054991
      ],
      [
       37.4519621,
       55.8054627
      ],
      [
       37.4518791,
       55.8054234
      ],
      [
       37.4517367,
       55.8053482
      ],
      [
       37.4517028,
       55.8053303
      ],
      [
       37.4516691,
       55.8053116
      ],
      [
       37.4514312,
       55.8051868
      ],
      [
       37.451315,
       55.8051254
      ],
      [
       37.4512081,
       55.8050689
      ],
      [
       37.4511077,
       55.8050159
      ],
      [
       37.4509013,
       55.8048839
      ],
      [
       37.4507429,
       55.8047585
      ],
      [
       37.4506342,
       55.804642
      ],
      [
       37.4505587,
       55.8045223
      ],
      [
       37.4504927,
       55.8043625
      ],
      [
       37.4504642,
       55.8042123
      ],
      [
       37.4504603,
       55.8041215
      ]
     ],
     [
      [
       37.4504603,
       55.8041215
      ],
      [
       37.4504509,
       55.8039046
      ],
      [
       37.4504319,
       55.8035928
      ],
      [
       37.4504144,
       55.8033247
      ],
      [
       37.4504118,
       55.8032798
      ],
      [
       37.4504146,
       55.8032498
      ],
      [
       37.4504008,
       55.8030947
      ],
      [
       37.4503971,
       55.8030333
      ]
     ],
     [
      [
       37.4503971,
       55.8030333
      ],
      [
       37.4502931,
       55.8013013
      ],
      [
       37.4502918,
       55.8012076
      ],
      [
       37.4502947,
       55.7990872
      ],
      [
       37.450298,
       55.7990391
      ]
     ],
     [
      [
       37.450298,
       55.7990391
      ],
      [
       37.4503126,
       55.7988291
      ],
      [
       37.4503514,
       55.7986796
      ],
      [
       37.4504158,
       55.7985243
      ],
      [
       37.4505217,
       55.7983569
      ],
      [
       37.4506529,
       55.7982001
      ],
      [
       37.4507784,
       55.7980957
      ]
     ],
     [
      [
       37.4507784,
       55.7980957
      ],
      [
       37.4522079,
       55.7969065
      ]
     ],
     [
      [
       37.4522079,
       55.7969065
      ],
      [
       37.453131,
       55.7961385
      ],
      [
       37.4532334,
       55.7960591
      ],
      [
       37.4535118,
       55.7958276
      ]
     ],
     [
      [
       37.4535118,
       55.7958276
      ],
      [
       37.4536065,
       55.7957489
      ],
      [
       37.4537814,
       55.7955871
      ],
      [
       37.4539023,
       55.7954503
      ],
      [
       37.4539203,
       55.7954299
      ],
      [
       37.4540354,
       55.7952721
      ],
      [
       37.4541426,
       55.7951182
      ],
      [
       37.4542384,
       55.7949246
      ],
      [
       37.4543285,
       55.7946678
      ],
      [
       37.4543826,
       55.7944128
      ],
      [
       37.4543868,
       55.7940982
      ]
     ],
     [
      [
       37.4543868,
       55.7940982
      ],
      [
       37.4543875,
       55.7940265
      ],
      [
       37.4543798,
       55.7931992
      ],
      [
       37.4543763,
       55.7928631
      ],
      [
       37.4543648,
       55.7917974
      ],
      [
       37.4541559,
       55.7893539
      ]
     ],
     [
      [
       37.4541559,
       55.7893539
      ],
      [
       37.4541498,
       55.7892374
      ],
      [
       37.4541476,
       55.7891125
      ],
      [
       37.4541471,
       55.7889686
      ],
      [
       37.4541441,
       55.7887993
      ],
      [
       37.4541005,
       55.787724
      ],
      [
       37.4541166,
       55.7871623
      ],
      [
       37.4541583,
       55.7868741
      ],
      [
       37.4542412,
       55.7865494
      ],
      [
       37.4544676,
       55.7859842
      ],
      [
       37.4546725,
       55.7856013
      ],
      [
       37.4549098,
       55.785234
      ]
     ],
     [
      [
       37.4549098,
       55.785234
      ],
      [
       37.4551867,
       55.7848201
      ],
      [
       37.4552221,
       55.7847706
      ],
      [
       37.4552529,
       55.7847273
      ],
      [
       37.4555049,
       55.7843515
      ],
      [
       37.4555238,
       55.7843233
      ]
     ],
     [
      [
       37.4555238,
       55.7843233
      ],
      [
       37.4558373,
       55.783873
      ],
      [
       37.4559846,
       55.783658
      ]
     ],
     [
      [
       37.4559846,
       55.783658
      ],
      [
       37.4560579,
       55.783551
      ],
      [
       37.4560976,
       55.7834782
      ],
      [
       37.4561251,
       55.7834136
      ],
      [
       37.456148,
       55.7833029
      ],
      [
       37.4561489,
       55.7831737
      ],
      [
       37.4560917,
       55.7830006
      ],
      [
       37.4560588,
       55.78293
      ]
     ],
     [
      [
       37.4560588,
       55.78293
      ],
      [
       37.4556413,
       55.7820336
      ]
     ],
     [
      [
       37.4556413,
       55.7820336
      ],
      [
       37.4555298,
       55.7817943
      ],
      [
       37.4551513,
       55.7810042
      ]
     ],
     [
      [
       37.4551513,
       55.7810042
      ],
      [
       37.4550317,
       55.780744
      ],
      [
       37.4549808,
       55.7806754
      ],
      [
       37.4549271,
       55.7806377
      ],
      [
       37.4548695,
       55.7806173
      ],
      [
       37.454797,
       55.7806015
      ],
      [
       37.4547005,
       55.7805931
      ],
      [
       37.4545999,
       55.7805984
      ],
      [
       37.4544658,
       55.780615
      ]
     ],
     [
      [
       37.4544658,
       55.780615
      ],
      [
       37.4543277,
       55.7806181
      ],
      [
       37.4542351,
       55.7806083
      ],
      [
       37.4541426,
       55.7805902
      ],
      [
       37.4540931,
       55.7805704
      ],
      [
       37.4540554,
       55.7805479
      ],
      [
       37.4540193,
       55.7805191
      ],
      [
       37.4539977,
       55.780486
      ],
      [
       37.4538925,
       55.7802392
      ]
     ]
    ]
   },
   "properties": {
    "kind": "track",
    "route": 28,
    "direction_id": 0,
    "from": "Метро «Сокол»",
    "to": "Проспект Маршала Жукова",
    "osm_relation_id": 3184022
   }
  },
  {
   "type": "Feature",
   "geometry": {
    "type": "Point",
    "coordinates": [
     37.5086983,
     55.805802
    ]
   },
   "properties": {
    "kind": "stop",
    "route": 28,
    "direction_id": 0,
    "from": "Метро «Сокол»",
    "to": "Проспект Маршала Жукова",
    "osm_relation_id": 3184022,
    "stop_sequence": 1,
    "stop_name": "Метро «Сокол»",
    "osm_node_id": 2424418056
   }
  },
  {
   "type": "Feature",
   "geometry": {
    "type": "Point",
    "coordinates": [
     37.5052959,
     55.8067505
    ]
   },
   "properties": {
    "kind": "stop",
    "route": 28,
    "direction_id": 0,
    "from": "Метро «Сокол»",
    "to": "Проспект Маршала Жукова",
    "osm_relation_id": 3184022,
    "stop_sequence": 2,
    "stop_name": "Гидропроект",
    "osm_node_id": 2424327579
   }
  },
  {
   "type": "Feature",
   "geometry": {
    "type": "Point",
    "coordinates": [
     37.4988346,
     55.8079649
    ]
   },
   "properties": {
    "kind": "stop",
    "route": 28,
    "direction_id": 0,
    "from": "Метро «Сокол»",
    "to": "Проспект Маршала Жукова",
    "osm_relation_id": 3184022,
    "stop_sequence": 3,
    "stop_name": "Университет РОСБИОТЕХ",
    "osm_node_id": 2424320147
   }
  },
  {
   "type": "Feature",
   "geometry": {
    "type": "Point",
    "coordinates": [
     37.4939005,
     55.8089822
    ]
   },
   "properties": {
    "kind": "stop",
    "route": 28,
    "direction_id": 0,
    "from": "Метро «Сокол»",
    "to": "Проспект Маршала Жукова",
    "osm_relation_id": 3184022,
    "stop_sequence": 4,
    "stop_name": "Улица Панфилова",
    "osm_node_id": 2424317942
   }
  },
  {
   "type": "Feature",
   "geometry": {
    "type": "Point",
    "coordinates": [
     37.4825773,
     55.8106388
    ]
   },
   "properties": {
    "kind": "stop",
    "route": 28,
    "direction_id": 0,
    "from": "Метро «Сокол»",
    "to": "Проспект Маршала Жукова",
    "osm_relation_id": 3184022,
    "stop_sequence": 5,
    "stop_name": "Пехотная улица",
    "osm_node_id": 825877090
   }
  },
  {
   "type": "Feature",
   "geometry": {
    "type": "Point",
    "coordinates": [
     37.4762634,
     55.8104056
    ]
   },
   "properties": {
    "kind": "stop",
    "route": 28,
    "direction_id": 0,
    "from": "Метро «Сокол»",
    "to": "Проспект Маршала Жукова",
    "osm_relation_id": 3184022,
    "stop_sequence": 6,
    "stop_name": "Улица Академика Курчатова",
    "osm_node_id": 798645928
   }
  },
  {
   "type": "Feature",
   "geometry": {
    "type": "Point",
    "coordinates": [
     37.4697611,
     55.8102117
    ]
   },
   "properties": {
    "kind": "stop",
    "route": 28,
    "direction_id": 0,
    "from": "Метро «Сокол»",
    "to": "Проспект Маршала Жукова",
    "osm_relation_id": 3184022,
    "stop_sequence": 7,
    "stop_name": "Диспансер",
    "osm_node_id": 945438226
   }
  },
  {
   "type": "Feature",
   "geometry": {
    "type": "Point",
    "coordinates": [
     37.4631335,
     55.8099877
    ]
   },
   "properties": {
    "kind": "stop",
    "route": 28,
    "direction_id": 0,
    "from": "Метро «Сокол»",
    "to": "Проспект Маршала Жукова",
    "osm_relation_id": 3184022,
    "stop_sequence": 8,
    "stop_name": "Метро «Щукинская»",
    "osm_node_id": 303302468
   }
  },
  {
   "type": "Feature",
   "geometry": {
    "type": "Point",
    "coordinates": [
     37.4581526,
     55.8068443
    ]
   },
   "properties": {
    "kind": "stop",
    "route": 28,
    "direction_id": 0,
    "from": "Метро «Сокол»",
    "to": "Проспект Маршала Жукова",
    "osm_relation_id": 3184022,
    "stop_sequence": 9,
    "stop_name": "Медицинский центр имени Бурназяна",
    "osm_node_id": 711057604
   }
  },
  {
   "type": "Feature",
   "geometry": {
    "type": "Point",
    "coordinates": [
     37.4535993,
     55.8056539
    ]
   },
   "properties": {
    "kind": "stop",
    "route": 28,
    "direction_id": 0,
    "from": "Метро «Сокол»",
    "to": "Проспект Маршала Жукова",
    "osm_relation_id": 3184022,
    "stop_sequence": 10,
    "stop_name": "Детская поликлиника",
    "osm_node_id": 943820342
   }
  },
  {
   "type": "Feature",
   "geometry": {
    "type": "Point",
    "coordinates": [
     37.4502931,
     55.8013013
    ]
   },
   "properties": {
    "kind": "stop",
    "route": 28,
    "direction_id": 0,
    "from": "Метро «Сокол»",
    "to": "Проспект Маршала Жукова",
    "osm_relation_id": 3184022,
    "stop_sequence": 11,
    "stop_name": "Улица Живописная, 50",
    "osm_node_id": 943820347
   }
  },
  {
   "type": "Feature",
   "geometry": {
    "type": "Point",
    "coordinates": [
     37.4543868,
     55.7940982
    ]
   },
   "properties": {
    "kind": "stop",
    "route": 28,
    "direction_id": 0,
    "from": "Метро «Сокол»",
    "to": "Проспект Маршала Жукова",
    "osm_relation_id": 3184022,
    "stop_sequence": 12,
    "stop_name": "Улица Рогова",
    "osm_node_id": 943820345
   }
  },
  {
   "type": "Feature",
   "geometry": {
    "type": "Point",
    "coordinates": [
     37.4541559,
     55.7893539
    ]
   },
   "properties": {
    "kind": "stop",
    "route": 28,
    "direction_id": 0,
    "from": "Метро «Сокол»",
    "to": "Проспект Маршала Жукова",
    "osm_relation_id": 3184022,
    "stop_sequence": 13,
    "stop_name": "Бассейн",
    "osm_node_id": 825976719
   }
  },
  {
   "type": "Feature",
   "geometry": {
    "type": "Point",
    "coordinates": [
     37.4551867,
     55.7848201
    ]
   },
   "properties": {
    "kind": "stop",
    "route": 28,
    "direction_id": 0,
    "from": "Метро «Сокол»",
    "to": "Проспект Маршала Жукова",
    "osm_relation_id": 3184022,
    "stop_sequence": 14,
    "stop_name": "Улица Маршала Тухачевского",
    "osm_node_id": 943820332
   }
  },
  {
   "type": "Feature",
   "geometry": {
    "type": "Point",
    "coordinates": [
     37.4538925,
     55.7802392
    ]
   },
   "properties": {
    "kind": "stop",
    "route": 28,
    "direction_id": 0,
    "from": "Метро «Сокол»",
    "to": "Проспект Маршала Жукова",
    "osm_relation_id": 3184022,
    "stop_sequence": 15,
    "stop_name": "Проспект Маршала Жукова",
    "osm_node_id": 11126908381
   }
  },
  {
   "type": "Feature",
   "geometry": {
    "type": "MultiLineString",
    "coordinates": [
     [
      [
       37.4549434,
       55.7804252
      ],
      [
       37.455079,
       55.7807388
      ]
     ],
     [
      [
       37.455079,
       55.7807388
      ],
      [
       37.4552006,
       55.7809988
      ]
     ],
     [
      [
       37.4552006,
       55.7809988
      ],
      [
       37.4555707,
       55.781787
      ],
      [
       37.4556881,
       55.7820257
      ]
     ],
     [
      [
       37.4556881,
       55.7820257
      ],
      [
       37.4561053,
       55.7829199
      ]
     ],
     [
      [
       37.4561053,
       55.7829199
      ],
      [
       37.4561409,
       55.7829954
      ],
      [
       37.4561973,
       55.78317
      ],
      [
       37.4561977,
       55.7833133
      ],
      [
       37.4561737,
       55.7834194
      ],
      [
       37.4561472,
       55.7834834
      ],
      [
       37.4561043,
       55.783561
      ],
      [
       37.4560305,
       55.7836701
      ]
     ],
     [
      [
       37.4560305,
       55.7836701
      ],
      [
       37.4558862,
       55.7838834
      ],
      [
       37.4555718,
       55.7843353
      ]
     ],
     [
      [
       37.4555718,
       55.7843353
      ],
      [
       37.4555528,
       55.7843626
      ],
      [
       37.4553494,
       55.7846637
      ],
      [
       37.4553,
       55.7847368
      ],
      [
       37.4552686,
       55.7847817
      ],
      [
       37.4551551,
       55.7849443
      ],
      [
       37.4549582,
       55.7852411
      ]
     ],
     [
      [
       37.4549582,
       55.7852411
      ],
      [
       37.4547181,
       55.7856118
      ],
      [
       37.4545129,
       55.7859934
      ],
      [
       37.4542829,
       55.786557
      ],
      [
       37.4542073,
       55.7868735
      ],
      [
       37.4541634,
       55.7871663
      ],
      [
       37.4541454,
       55.7877255
      ],
      [
       37.4541926,
       55.788883
      ],
      [
       37.4541948,
       55.788968
      ],
      [
       37.4541955,
       55.789114
      ],
      [
       37.4542006,
       55.7892373
      ],
      [
       37.4542053,
       55.7893525
      ],
      [
       37.4544163,
       55.7917972
      ],
      [
       37.4544272,
       55.7928625
      ],
      [
       37.4544306,
       55.7931992
      ],
      [
       37.4544387,
       55.7940261
      ],
      [
       37.454438,
       55.794096
      ]
     ],
     [
      [
       37.454438,
       55.794096
      ],
      [
       37.4544357,
       55.794318
      ],
      [
       37.454435,
       55.7944107
      ],
      [
       37.4543805,
       55.7946724
      ],
      [
       37.4542956,
       55.7949305
      ],
      [
       37.4541927,
       55.7951257
      ],
      [
       37.4540864,
       55.7952879
      ],
      [
       37.4539737,
       55.7954402
      ],
      [
       37.4539522,
       55.7954646
      ],
      [
       37.4538289,
       55.7956045
      ],
      [
       37.4536565,
       55.7957643
      ],
      [
       37.4535646,
       55.7958404
      ]
     ],
     [
      [
       37.4535646,
       55.7958404
      ],
      [
       37.4532846,
       55.7960722
      ],
      [
       37.4532767,
       55.7960788
      ],
      [
       37.4531772,
       55.7961569
      ],
      [
       37.4522503,
       55.7969243
      ]
     ],
     [
      [
       37.4522503,
       55.7969243
      ],
      [
       37.4508151,
       55.7981125
      ]
     ],
     [
      [
       37.4508151,
       55.7981125
      ],
      [
       37.4506945,
       55.7982123
      ],
      [
       37.450566,
       55.798369
      ],
      [
       37.4504655,
       55.7985304
      ],
      [
       37.4504004,
       55.7986847
      ],
      [
       37.4503653,
       55.7988344
      ],
      [
       37.450352,
       55.7990386
      ]
     ],
     [
      [
       37.450352,
       55.7990386
      ],
      [
       37.4503488,
       55.7990869
      ],
      [
       37.4503483,
       55.8011484
      ],
      [
       37.4503488,
       55.8012076
      ],
      [
       37.4503501,
       55.8013561
      ],
      [
       37.4504488,
       55.8030362
      ]
     ],
     [
      [
       37.4504488,
       55.8030362
      ],
      [
       37.4504536,
       55.8031184
      ],
      [
       37.4504606,
       55.8032232
      ],
      [
       37.4504627,
       55.8032815
      ],
      [
       37.4504659,
       55.8033232
      ],
      [
       37.4504869,
       55.8035927
      ],
      [
       37.4505056,
       55.8039011
      ],
      [
       37.4505186,
       55.8041229
      ]
     ],
     [
      [
       37.4505186,
       55.8041229
      ],
      [
       37.450524,
       55.8042143
      ],
      [
       37.4505532,
       55.8043577
      ],
      [
       37.4506203,
       55.8045183
      ],
      [
       37.4506872,
       55.8046312
      ],
      [
       37.4507893,
       55.8047419
      ],
      [
       37.4509428,
       55.8048651
      ],
      [
       37.4511508,
       55.8049959
      ]
     ],
     [
      [
       37.4511508,
       55.8049959
      ],
      [
       37.4513594,
       55.8051065
      ],
      [
       37.451693,
       55.8052833
      ],
      [
       37.4517303,
       55.8053032
      ]
     ],
     [
      [
       37.4517303,
       55.8053032
      ],
      [
       37.4518196,
       55.8053506
      ],
      [
       37.4518566,
       55.8053702
      ],
      [
       37.451969,
       55.805428
      ],
      [
       37.4520319,
       55.8054551
      ],
      [
       37.4521659,
       55.8054972
      ],
      [
       37.4522838,
       55.8055189
      ]
     ],
     [
      [
       37.4522838,
       55.8055189
      ],
      [
       37.4527426,
       55.8055525
      ],
      [
       37.4532373,
       55.8055914
      ],
      [
       37.4534377,
       55.805608
      ],
      [
       37.4540308,
       55.8056547
      ],
      [
       37.4542123,
       55.8056695
      ]
     ],
     [
      [
       37.4542123,
       55.8056695
      ],
      [
       37.4547985,
       55.8057175
      ],
      [
       37.4552411,
       55.8057658
      ],
      [
       37.4555476,
       55.8058161
      ],
      [
       37.4560042,
       55.8059067
      ],
      [
       37.4564877,
       55.8060218
      ],
      [
       37.4567652,
       55.8060996
      ],
      [
       37.4570323,
       55.8061898
      ],
      [
       37.457474,
       55.8063721
      ],
      [
       37.4576464,
       55.8064622
      ],
      [
       37.4577787,
       55.806538
      ],
      [
       37.457948,
       55.8066488
      ],
      [
       37.4581876,
       55.8068269
      ]
     ],
     [
      [
       37.4581876,
       55.8068269
      ],
      [
       37.4603657,
       55.8086892
      ],
      [
       37.4604482,
       55.8087545
      ],
      [
       37.4610233,
       55.8092124
      ],
      [
       37.461205,
       55.8093652
      ],
      [
       37.4612465,
       55.8094014
      ],
      [
       37.4613418,
       55.8094745
      ],
      [
       37.4613823,
       55.809507
      ]
     ],
     [
      [
       37.4613823,
       55.809507
      ],
      [
       37.4615121,
       55.8096222
      ],
      [
       37.461668,
       55.8097385
      ],
      [
       37.4618272,
       55.8098189
      ],
      [
       37.4619654,
       55.8098642
      ],
      [
       37.4621117,
       55.8098943
      ],
      [
       37.4622295,
       55.8099037
      ],
      [
       37.4625114,
       55.8099199
      ]
     ],
     [
      [
       37.4625114,
       55.8099199
      ],
      [
       37.464067,
       55.8099761
      ]
     ],
     [
      [
       37.464067,
       55.8099761
      ],
      [
       37.466192,
       55.8100529
      ],
      [
       37.4669824,
       55.8100779
      ]
     ],
     [
      [
       37.4669824,
       55.8100779
      ],
      [
       37.4683869,
       55.8101225
      ]
     ],
     [
      [
       37.4683869,
       55.8101225
      ],
      [
       37.4689969,
       55.8101418
      ],
      [
       37.4695372,
       55.8101609
      ],
      [
       37.4696303,
       55.8101646
      ],
      [
       37.469861,
       55.8101736
      ],
      [
       37.4703974,
       55.8101899
      ]
     ],
     [
      [
       37.4703974,
       55.8101899
      ],
      [
       37.4743843,
       55.8103108
      ],
      [
       37.4747072,
       55.8103231
      ]
     ],
     [
      [
       37.4747072,
       55.8103231
      ],
      [
       37.4751642,
       55.8103359
      ],
      [
       37.4755698,
       55.8103472
      ]
     ],
     [
      [
       37.4755698,
       55.8103472
      ],
      [
       37.4758988,
       55.8103561
      ],
      [
       37.4760179,
       55.8103572
      ],
      [
       37.4761727,
       55.810361
      ],
      [
       37.4769147,
       55.8103898
      ],
      [
       37.4770598,
       55.8103952
      ],
      [
       37.4771921,
       55.8104003
      ],
      [
       37.4778027,
       55.8104233
      ],
      [
       37.4786495,
       55.8104532
      ],
      [
       37.4798116,
       55.8104981
      ],
      [
       37.4823617,
       55.8105957
      ],
      [
       37.4831449,
       55.8106182
      ],
      [
       37.4835757,
       55.8106332
      ],
      [
       37.4838343,
       55.8106411
      ]
     ],
     [
      [
       37.4838343,
       55.8106411
      ],
      [
       37.484235,
       55.8106177
      ],
      [
       37.4843879,
       55.8105925
      ],
      [
       37.4845891,
       55.8105294
      ],
      [
       37.4846766,
       55.8104992
      ]
     ],
     [
      [
       37.4846766,
       55.8104992
      ],
      [
       37.487136,
       55.8096502
      ],
      [
       37.4874065,
       55.8095685
      ]
     ],
     [
      [
       37.4874065,
       55.8095685
      ],
      [
       37.4888095,
       55.8091567
      ]
     ],
     [
      [
       37.4888095,
       55.8091567
      ],
      [
       37.4891126,
       55.8090864
      ],
      [
       37.4892104,
       55.8090689
      ],
      [
       37.4892972,
       55.809062
      ],
      [
       37.4893762,
       55.8090608
      ],
      [
       37.4894573,
       55.8090664
      ],
      [
       37.4895441,
       55.8090783
      ],
      [
       37.4896074,
       55.8090909
      ],
      [
       37.4896378,
       55.8090999
      ]
     ],
     [
      [
       37.490975,
       55.8094654
      ],
      [
       37.4896378,
       55.8090999
      ]
     ],
     [
      [
       37.490975,
       55.8094654
      ],
      [
       37.4910008,
       55.8094726
      ],
      [
       37.4910739,
       55.8094909
      ],
      [
       37.4911516,
       55.8095019
      ],
      [
       37.4912314,
       55.8095051
      ],
      [
       37.4913111,
       55.8095004
      ],
      [
       37.4913881,
       55.8094881
      ],
      [
       37.4917647,
       55.8094166
      ],
      [
       37.4919286,
       55.8093829
      ]
     ],
     [
      [
       37.4919286,
       55.8093829
      ],
      [
       37.4920642,
       55.8093538
      ],
      [
       37.4921642,
       55.8093325
      ],
      [
       37.4924794,
       55.8092644
      ],
      [
       37.4926856,
       55.8092199
      ]
     ],
     [
      [
       37.4926856,
       55.8092199
      ],
      [
       37.4928151,
       55.8091906
      ],
      [
       37.4942834,
       55.8088711
      ],
      [
       37.4948828,
       55.8087434
      ],
      [
       37.4974013,
       55.8082027
      ],
      [
       37.4996145,
       55.8077868
      ],
      [
       37.4998949,
       55.8077355
      ],
      [
       37.5017408,
       55.8074003
      ],
      [
       37.5039029,
       55.8069779
      ],
      [
       37.5048796,
       55.8067939
      ],
      [
       37.5051091,
       55.8067506
      ],
      [
       37.5052766,
       55.8067179
      ]
     ],
     [
      [
       37.5052766,
       55.8067179
      ],
      [
       37.5059158,
       55.8065931
      ],
      [
       37.5061191,
       55.8065532
      ],
      [
       37.5063338,
       55.8065024
      ]
     ],
     [
      [
       37.5063338,
       55.8065024
      ],
      [
       37.5074167,
       55.806246
      ],
      [
       37.5078562,
       55.8061428
      ],
      [
       37.5082069,
       55.8060592
      ]
     ],
     [
      [
       37.5082069,
       55.8060592
      ],
      [
       37.5083525,
       55.8059969
      ],
      [
       37.5086983,
       55.805802
      ]
     ]
    ]
   },
   "properties": {
    "kind": "track",
    "route": 28,
    "direction_id": 1,
    "from": "Проспект Маршала Жукова",
    "to": "Метро «Сокол»",
    "osm_relation_id": 3184023
   }
  },
  {
   "type": "Feature",
   "geometry": {
    "type": "Point",
    "coordinates": [
     37.4549434,
     55.7804252
    ]
   },
   "properties": {
    "kind": "stop",
    "route": 28,
    "direction_id": 1,
    "from": "Проспект Маршала Жукова",
    "to": "Метро «Сокол»",
    "osm_relation_id": 3184023,
    "stop_sequence": 1,
    "stop_name": "Проспект Маршала Жукова",
    "osm_node_id": 825879399
   }
  },
  {
   "type": "Feature",
   "geometry": {
    "type": "Point",
    "coordinates": [
     37.4553494,
     55.7846637
    ]
   },
   "properties": {
    "kind": "stop",
    "route": 28,
    "direction_id": 1,
    "from": "Проспект Маршала Жукова",
    "to": "Метро «Сокол»",
    "osm_relation_id": 3184023,
    "stop_sequence": 2,
    "stop_name": "Улица Маршала Тухачевского",
    "osm_node_id": 944176908
   }
  },
  {
   "type": "Feature",
   "geometry": {
    "type": "Point",
    "coordinates": [
     37.4541926,
     55.788883
    ]
   },
   "properties": {
    "kind": "stop",
    "route": 28,
    "direction_id": 1,
    "from": "Проспект Маршала Жукова",
    "to": "Метро «Сокол»",
    "osm_relation_id": 3184023,
    "stop_sequence": 3,
    "stop_name": "Бассейн",
    "osm_node_id": 825953891
   }
  },
  {
   "type": "Feature",
   "geometry": {
    "type": "Point",
    "coordinates": [
     37.4544357,
     55.794318
    ]
   },
   "properties": {
    "kind": "stop",
    "route": 28,
    "direction_id": 1,
    "from": "Проспект Маршала Жукова",
    "to": "Метро «Сокол»",
    "osm_relation_id": 3184023,
    "stop_sequence": 4,
    "stop_name": "Улица Рогова",
    "osm_node_id": 944176922
   }
  },
  {
   "type": "Feature",
   "geometry": {
    "type": "Point",
    "coordinates": [
     37.4503483,
     55.8011484
    ]
   },
   "properties": {
    "kind": "stop",
    "route": 28,
    "direction_id": 1,
    "from": "Проспект Маршала Жукова",
    "to": "Метро «Сокол»",
    "osm_relation_id": 3184023,
    "stop_sequence": 5,
    "stop_name": "Улица Живописная, 50",
    "osm_node_id": 944176905
   }
  },
  {
   "type": "Feature",
   "geometry": {
    "type": "Point",
    "coordinates": [
     37.4532373,
     55.8055914
    ]
   },
   "properties": {
    "kind": "stop",
    "route": 28,
    "direction_id": 1,
    "from": "Проспект Маршала Жукова",
    "to": "Метро «Сокол»",
    "osm_relation_id": 3184023,
    "stop_sequence": 6,
    "stop_name": "Детская поликлиника",
    "osm_node_id": 944176914
   }
  },
  {
   "type": "Feature",
   "geometry": {
    "type": "Point",
    "coordinates": [
     37.4622295,
     55.8099037
    ]
   },
   "properties": {
    "kind": "stop",
    "route": 28,
    "direction_id": 1,
    "from": "Проспект Маршала Жукова",
    "to": "Метро «Сокол»",
    "osm_relation_id": 3184023,
    "stop_sequence": 7,
    "stop_name": "Метро «Щукинская»",
    "osm_node_id": 946177826
   }
  },
  {
   "type": "Feature",
   "geometry": {
    "type": "Point",
    "coordinates": [
     37.4689969,
     55.8101418
    ]
   },
   "properties": {
    "kind": "stop",
    "route": 28,
    "direction_id": 1,
    "from": "Проспект Маршала Жукова",
    "to": "Метро «Сокол»",
    "osm_relation_id": 3184023,
    "stop_sequence": 8,
    "stop_name": "Диспансер",
    "osm_node_id": 946177823
   }
  },
  {
   "type": "Feature",
   "geometry": {
    "type": "Point",
    "coordinates": [
     37.4743843,
     55.8103108
    ]
   },
   "properties": {
    "kind": "stop",
    "route": 28,
    "direction_id": 1,
    "from": "Проспект Маршала Жукова",
    "to": "Метро «Сокол»",
    "osm_relation_id": 3184023,
    "stop_sequence": 9,
    "stop_name": "Покровское-Стрешнево",
    "osm_node_id": 6162356566
   }
  },
  {
   "type": "Feature",
   "geometry": {
    "type": "Point",
    "coordinates": [
     37.4769147,
     55.8103898
    ]
   },
   "properties": {
    "kind": "stop",
    "route": 28,
    "direction_id": 1,
    "from": "Проспект Маршала Жукова",
    "to": "Метро «Сокол»",
    "osm_relation_id": 3184023,
    "stop_sequence": 10,
    "stop_name": "Улица Академика Курчатова",
    "osm_node_id": 943034221
   }
  },
  {
   "type": "Feature",
   "geometry": {
    "type": "Point",
    "coordinates": [
     37.4831449,
     55.8106182
    ]
   },
   "properties": {
    "kind": "stop",
    "route": 28,
    "direction_id": 1,
    "from": "Проспект Маршала Жукова",
    "to": "Метро «Сокол»",
    "osm_relation_id": 3184023,
    "stop_sequence": 11,
    "stop_name": "Пехотная улица",
    "osm_node_id": 943034197
   }
  },
  {
   "type": "Feature",
   "geometry": {
    "type": "Point",
    "coordinates": [
     37.4942834,
     55.8088711
    ]
   },
   "properties": {
    "kind": "stop",
    "route": 28,
    "direction_id": 1,
    "from": "Проспект Маршала Жукова",
    "to": "Метро «Сокол»",
    "osm_relation_id": 3184023,
    "stop_sequence": 12,
    "stop_name": "Улица Панфилова",
    "osm_node_id": 2424317941
   }
  },
  {
   "type": "Feature",
   "geometry": {
    "type": "Point",
    "coordinates": [
     37.4996145,
     55.8077868
    ]
   },
   "properties": {
    "kind": "stop",
    "route": 28,
    "direction_id": 1,
    "from": "Проспект Маршала Жукова",
    "to": "Метро «Сокол»",
    "osm_relation_id": 3184023,
    "stop_sequence": 13,
    "stop_name": "Университет РОСБИОТЕХ",
    "osm_node_id": 2424320142
   }
  },
  {
   "type": "Feature",
   "geometry": {
    "type": "Point",
    "coordinates": [
     37.5048796,
     55.8067939
    ]
   },
   "properties": {
    "kind": "stop",
    "route": 28,
    "direction_id": 1,
    "from": "Проспект Маршала Жукова",
    "to": "Метро «Сокол»",
    "osm_relation_id": 3184023,
    "stop_sequence": 14,
    "stop_name": "Гидропроект",
    "osm_node_id": 2424327578
   }
  },
  {
   "type": "Feature",
   "geometry": {
    "type": "Point",
    "coordinates": [
     37.5086983,
     55.805802
    ]
   },
   "properties": {
    "kind": "stop",
    "route": 28,
    "direction_id": 1,
    "from": "Проспект Маршала Жукова",
    "to": "Метро «Сокол»",
    "osm_relation_id": 3184023,
    "stop_sequence": 15,
    "stop_name": "Метро «Сокол»",
    "osm_node_id": 2424418056
   }
  },
  {
   "type": "Feature",
   "geometry": {
    "type": "MultiLineString",
    "coordinates": [
     [
      [
       37.7238732,
       55.7530488
      ],
      [
       37.7237483,
       55.7530247
      ],
      [
       37.7219921,
       55.7526727
      ],
      [
       37.7217362,
       55.7526265
      ]
     ],
     [
      [
       37.7217362,
       55.7526265
      ],
      [
       37.7215119,
       55.752586
      ]
     ],
     [
      [
       37.7215119,
       55.752586
      ],
      [
       37.7205977,
       55.7524097
      ],
      [
       37.7194193,
       55.7521825
      ]
     ],
     [
      [
       37.7194193,
       55.7521825
      ],
      [
       37.719056,
       55.7521124
      ],
      [
       37.7177237,
       55.7518332
      ]
     ],
     [
      [
       37.7177237,
       55.7518332
      ],
      [
       37.7175733,
       55.7517981
      ]
     ],
     [
      [
       37.7175733,
       55.7517981
      ],
      [
       37.7173863,
       55.7517663
      ],
      [
       37.7173374,
       55.7517577
      ],
      [
       37.7172409,
       55.7517422
      ]
     ],
     [
      [
       37.7172409,
       55.7517422
      ],
      [
       37.7171636,
       55.7517312
      ],
      [
       37.7171077,
       55.7517246
      ],
      [
       37.7170694,
       55.75172
      ],
      [
       37.7168283,
       55.7516946
      ],
      [
       37.7167207,
       55.7516815
      ],
      [
       37.7166255,
       55.7516671
      ],
      [
       37.7164933,
       55.7516444
      ]
     ],
     [
      [
       37.7164933,
       55.7516444
      ],
      [
       37.7157334,
       55.7515035
      ]
     ],
     [
      [
       37.7157334,
       55.7515035
      ],
      [
       37.7155891,
       55.7514718
      ],
      [
       37.7154763,
       55.7514438
      ],
      [
       37.7153568,
       55.7514096
      ],
      [
       37.7150434,
       55.7513169
      ],
      [
       37.7149332,
       55.7512867
      ],
      [
       37.7148314,
       55.7512611
      ],
      [
       37.7146961,
       55.7512319
      ]
     ],
     [
      [
       37.7146961,
       55.7512319
      ],
      [
       37.7140134,
       55.7511025
      ],
      [
       37.7136652,
       55.7510365
      ]
     ],
     [
      [
       37.7136652,
       55.7510365
      ],
      [
       37.7134968,
       55.7510344
      ],
      [
       37.7134723,
       55.7510405
      ],
      [
       37.7134156,
       55.7510525
      ],
      [
       37.713321,
       55.7510976
      ],
      [
       37.7132597,
       55.75114
      ],
      [
       37.7131952,
       55.751185
      ]
     ],
     [
      [
       37.7131952,
       55.751185
      ],
      [
       37.7131301,
       55.7513188
      ],
      [
       37.7128773,
       55.7517277
      ],
      [
       37.7128275,
       55.7518082
      ],
      [
       37.7124615,
       55.7524107
      ],
      [
       37.7122351,
       55.7528092
      ]
     ],
     [
      [
       37.7122351,
       55.7528092
      ],
      [
       37.7121781,
       55.7529079
      ],
      [
       37.7121483,
       55.7529555
      ],
      [
       37.7121171,
       55.7530055
      ],
      [
       37.7120899,
       55.75303
      ],
      [
       37.712076,
       55.7530425
      ],
      [
       37.7120642,
       55.7530531
      ],
      [
       37.7119735,
       55.7530967
      ],
      [
       37.7118957,
       55.7531281
      ],
      [
       37.7117895,
       55.7531651
      ]
     ],
     [
      [
       37.7117895,
       55.7531651
      ],
      [
       37.7116101,
       55.7532168
      ],
      [
       37.7106767,
       55.7535376
      ],
      [
       37.7104478,
       55.7536196
      ],
      [
       37.7094129,
       55.7539903
      ],
      [
       37.7087173,
       55.7542282
      ],
      [
       37.7081863,
       55.7544111
      ],
      [
       37.7079994,
       55.7544741
      ]
     ],
     [
      [
       37.7079994,
       55.7544741
      ],
      [
       37.7077575,
       55.7545556
      ],
      [
       37.7068932,
       55.7548569
      ],
      [
       37.7065868,
       55.7549579
      ]
     ],
     [
      [
       37.7065868,
       55.7549579
      ],
      [
       37.7061878,
       55.7550894
      ],
      [
       37.7017054,
       55.7565717
      ],
      [
       37.6999983,
       55.7571362
      ],
      [
       37.699428,
       55.7573229
      ],
      [
       37.6992821,
       55.757368
      ],
      [
       37.6990846,
       55.7574253
      ],
      [
       37.6987546,
       55.7575325
      ],
      [
       37.6985788,
       55.7575896
      ],
      [
       37.6956828,
       55.7585522
      ],
      [
       37.6942888,
       55.7590215
      ],
      [
       37.6940028,
       55.7591177
      ],
      [
       37.6938362,
       55.7591756
      ],
      [
       37.6932552,
       55.7593737
      ],
      [
       37.6928067,
       55.7595266
      ],
      [
       37.692414,
       55.759668
      ],
      [
       37.6913878,
       55.7600343
      ],
      [
       37.6901592,
       55.7604774
      ],
      [
       37.6880219,
       55.7612358
      ],
      [
       37.6878516,
       55.7612992
      ],
      [
       37.6871832,
       55.7615474
      ]
     ],
     [
      [
       37.6871832,
       55.7615474
      ],
      [
       37.6869386,
       55.7616355
      ],
      [
       37.6866368,
       55.7617398
      ]
     ],
     [
      [
       37.6866368,
       55.7617398
      ],
      [
       37.6862778,
       55.761871
      ]
     ],
     [
      [
       37.6862778,
       55.761871
      ],
      [
       37.6844984,
       55.7625092
      ]
     ],
     [
      [
       37.6844984,
       55.7625092
      ],
      [
       37.6841891,
       55.7626151
      ],
      [
       37.6840483,
       55.7626573
      ],
      [
       37.6838994,
       55.762689
      ],
      [
       37.6837398,
       55.7627154
      ],
      [
       37.6836229,
       55.7627316
      ],
      [
       37.6835708,
       55.7627388
      ],
      [
       37.6834049,
       55.7627581
      ]
     ],
     [
      [
       37.6834049,
       55.7627581
      ],
      [
       37.682302,
       55.7628491
      ],
      [
       37.6818854,
       55.762884
      ],
      [
       37.6810824,
       55.7629534
      ],
      [
       37.680433,
       55.7630065
      ]
     ],
     [
      [
       37.680433,
       55.7630065
      ],
      [
       37.6803777,
       55.7630199
      ],
      [
       37.6803314,
       55.7630354
      ],
      [
       37.6802851,
       55.763055
      ],
      [
       37.6802395,
       55.7630825
      ],
      [
       37.6801953,
       55.7631187
      ],
      [
       37.6801738,
       55.7631508
      ],
      [
       37.6801658,
       55.7631787
      ],
      [
       37.6801631,
       55.7632134
      ],
      [
       37.6801671,
       55.763262
      ]
     ],
     [
      [
       37.6801671,
       55.763262
      ],
      [
       37.6802959,
       55.7637517
      ],
      [
       37.6803202,
       55.7639328
      ],
      [
       37.6803161,
       55.7640358
      ],
      [
       37.6803057,
       55.7641155
      ]
     ],
     [
      [
       37.6803057,
       55.7641155
      ],
      [
       37.6802742,
       55.7643581
      ],
      [
       37.680264,
       55.7644382
      ],
      [
       37.6801323,
       55.7652327
      ],
      [
       37.6800963,
       55.7654403
      ],
      [
       37.6800776,
       55.7655481
      ],
      [
       37.6799553,
       55.7663328
      ],
      [
       37.6799038,
       55.7665881
      ],
      [
       37.679885,
       55.7666955
      ],
      [
       37.6798388,
       55.7669724
      ],
      [
       37.6798044,
       55.7671546
      ],
      [
       37.679664,
       55.7678976
      ],
      [
       37.6796233,
       55.768105
      ],
      [
       37.6795367,
       55.7685471
      ],
      [
       37.6795216,
       55.7686239
      ],
      [
       37.6794416,
       55.7689995
      ],
      [
       37.6792317,
       55.7698722
      ],
      [
       37.6792175,
       55.7699294
      ],
      [
       37.6791396,
       55.770247
      ],
      [
       37.679056,
       55.7705877
      ],
      [
       37.6789835,
       55.7708834
      ],
      [
       37.6789227,
       55.7710971
      ],
      [
       37.6788752,
       55.7712639
      ],
      [
       37.6787597,
       55.7717665
      ],
      [
       37.6786612,
       55.772195
      ],
      [
       37.6786284,
       55.7723357
      ],
      [
       37.6784641,
       55.7730395
      ],
      [
       37.6784448,
       55.7731215
      ],
      [
       37.6784255,
       55.7731852
      ],
      [
       37.6784133,
       55.7732273
      ],
      [
       37.6781171,
       55.7742401
      ],
      [
       37.6780739,
       55.7743942
      ]
     ],
     [
      [
       37.6780739,
       55.7743942
      ],
      [
       37.6779903,
       55.774703
      ],
      [
       37.677941,
       55.7748681
      ],
      [
       37.6778637,
       55.7751735
      ],
      [
       37.6778466,
       55.7752337
      ]
     ],
     [
      [
       37.6778466,
       55.7752337
      ],
      [
       37.6778119,
       55.7753556
      ],
      [
       37.6777867,
       55.7754174
      ],
      [
       37.6777513,
       55.7754634
      ],
      [
       37.6776989,
       55.7755034
      ],
      [
       37.6776249,
       55.7755445
      ],
      [
       37.6775152,
       55.7756053
      ]
     ],
     [
      [
       37.6775152,
       55.7756053
      ],
      [
       37.6771957,
       55.7757826
      ],
      [
       37.6769872,
       55.7758847
      ],
      [
       37.6757148,
       55.7765076
      ],
      [
       37.6754038,
       55.7766598
      ],
      [
       37.6748049,
       55.7769531
      ],
      [
       37.6744653,
       55.7771188
      ]
     ],
     [
      [
       37.6744653,
       55.7771188
      ],
      [
       37.674161,
       55.7772673
      ],
      [
       37.6740937,
       55.777294
      ],
      [
       37.6740872,
       55.7772966
      ],
      [
       37.6739846,
       55.7773202
      ],
      [
       37.6738943,
       55.7773183
      ],
      [
       37.6738099,
       55.7773002
      ],
      [
       37.6737402,
       55.7772679
      ],
      [
       37.6737268,
       55.7772608
      ],
      [
       37.6734965,
       55.7771349
      ]
     ],
     [
      [
       37.6734965,
       55.7771349
      ],
      [
       37.6734216,
       55.777094
      ],
      [
       37.6733991,
       55.7770817
      ],
      [
       37.6731392,
       55.7769547
      ],
      [
       37.6730436,
       55.7769119
      ]
     ],
     [
      [
       37.6730436,
       55.7769119
      ],
      [
       37.6715365,
       55.7762431
      ],
      [
       37.6712713,
       55.7761268
      ]
     ],
     [
      [
       37.6712713,
       55.7761268
      ],
      [
       37.6711815,
       55.7760874
      ],
      [
       37.6711114,
       55.7760767
      ],
      [
       37.6710706,
       55.7760704
      ],
      [
       37.6709447,
       55.7760712
      ],
      [
       37.6708585,
       55.7760873
      ],
      [
       37.6708217,
       55.7760942
      ],
      [
       37.6707854,
       55.7761039
      ],
      [
       37.6707306,
       55.7761303
      ],
      [
       37.6706698,
       55.7761764
      ]
     ],
     [
      [
       37.6706698,
       55.7761764
      ],
      [
       37.6703821,
       55.7763944
      ],
      [
       37.6699748,
       55.7767017
      ]
     ],
     [
      [
       37.6699748,
       55.7767017
      ],
      [
       37.6696931,
       55.776926
      ],
      [
       37.669605,
       55.7770111
      ]
     ],
     [
      [
       37.669605,
       55.7770111
      ],
      [
       37.6694462,
       55.7771644
      ],
      [
       37.6693612,
       55.7772511
      ],
      [
       37.6692778,
       55.7773291
      ],
      [
       37.6688917,
       55.7776457
      ]
     ],
     [
      [
       37.6688917,
       55.7776457
      ],
      [
       37.6679015,
       55.7784055
      ]
     ],
     [
      [
       37.6679015,
       55.7784055
      ],
      [
       37.6677567,
       55.7784973
      ],
      [
       37.6675204,
       55.7786434
      ]
     ],
     [
      [
       37.6675204,
       55.7786434
      ],
      [
       37.6672254,
       55.7788258
      ],
      [
       37.6668325,
       55.7790764
      ],
      [
       37.6665044,
       55.7792887
      ]
     ],
     [
      [
       37.6665044,
       55.7792887
      ],
      [
       37.6664734,
       55.7793049
      ],
      [
       37.6664401,
       55.7793195
      ],
      [
       37.6664012,
       55.7793334
      ],
      [
       37.6663674,
       55.7793437
      ],
      [
       37.6663049,
       55.7793594
      ],
      [
       37.6662466,
       55.7793711
      ],
      [
       37.6662024,
       55.7793783
      ],
      [
       37.6661345,
       55.7793852
      ],
      [
       37.6660924,
       55.7793868
      ],
      [
       37.6660501,
       55.7793864
      ],
      [
       37.6660081,
       55.7793839
      ],
      [
       37.6659958,
       55.7793825
      ],
      [
       37.6659259,
       55.779373
      ],
      [
       37.6658863,
       55.7793647
      ],
      [
       37.6658481,
       55.7793545
      ],
      [
       37.6658116,
       55.7793425
      ],
      [
       37.6657771,
       55.7793288
      ]
     ],
     [
      [
       37.6657771,
       55.7793288
      ],
      [
       37.6657596,
       55.7793208
      ],
      [
       37.6646196,
       55.7788627
      ],
      [
       37.6640261,
       55.7786297
      ]
     ],
     [
      [
       37.6640261,
       55.7786297
      ],
      [
       37.6637621,
       55.7785261
      ],
      [
       37.6631588,
       55.7782672
      ],
      [
       37.6629366,
       55.7781629
      ]
     ],
     [
      [
       37.6629366,
       55.7781629
      ],
      [
       37.6626183,
       55.7780135
      ],
      [
       37.6605446,
       55.777063
      ],
      [
       37.659136,
       55.7764106
      ],
      [
       37.658813,
       55.776271
      ]
     ],
     [
      [
       37.658813,
       55.776271
      ],
      [
       37.6586146,
       55.7761859
      ],
      [
       37.6585471,
       55.776157
      ],
      [
       37.658234,
       55.7760475
      ],
      [
       37.658205,
       55.7760372
      ],
      [
       37.6581497,
       55.7760175
      ],
      [
       37.6580284,
       55.7759774
      ]
     ],
     [
      [
       37.6580284,
       55.7759774
      ],
      [
       37.6571614,
       55.7756921
      ]
     ],
     [
      [
       37.6571614,
       55.7756921
      ],
      [
       37.6570063,
       55.7756402
      ],
      [
       37.6569002,
       55.7756059
      ],
      [
       37.6567947,
       55.7755733
      ],
      [
       37.6566763,
       55.775545
      ],
      [
       37.6563076,
       55.7754616
      ]
     ],
     [
      [
       37.6563076,
       55.7754616
      ],
      [
       37.6559449,
       55.7753902
      ],
      [
       37.6554999,
       55.7753026
      ],
      [
       37.655137,
       55.7752296
      ],
      [
       37.6545317,
       55.7751078
      ]
     ],
     [
      [
       37.6545317,
       55.7751078
      ],
      [
       37.6544109,
       55.7750835
      ]
     ],
     [
      [
       37.6544109,
       55.7750835
      ],
      [
       37.6540364,
       55.775005
      ],
      [
       37.6536738,
       55.7749164
      ],
      [
       37.6535402,
       55.7748834
      ],
      [
       37.6533653,
       55.7748401
      ],
      [
       37.6527737,
       55.7746859
      ],
      [
       37.652603,
       55.7746411
      ],
      [
       37.652491,
       55.7746139
      ],
      [
       37.6524308,
       55.7746127
      ],
      [
       37.6523705,
       55.7746188
      ],
      [
       37.6523362,
       55.7746245
      ],
      [
       37.6523079,
       55.7746319
      ],
      [
       37.6522745,
       55.7746437
      ],
      [
       37.6522219,
       55.774666
      ],
      [
       37.6520307,
       55.7747461
      ],
      [
       37.651611,
       55.7749997
      ]
     ],
     [
      [
       37.651611,
       55.7749997
      ],
      [
       37.6515883,
       55.7750162
      ],
      [
       37.6509722,
       55.7754194
      ]
     ],
     [
      [
       37.6509722,
       55.7754194
      ],
      [
       37.6503482,
       55.7758279
      ]
     ],
     [
      [
       37.6503482,
       55.7758279
      ],
      [
       37.650071,
       55.7759977
      ],
      [
       37.6500259,
       55.7760237
      ],
      [
       37.6496992,
       55.7762135
      ],
      [
       37.6494197,
       55.7763734
      ],
      [
       37.6493037,
       55.7764462
      ]
     ],
     [
      [
       37.6493037,
       55.7764462
      ],
      [
       37.6491486,
       55.7765463
      ]
     ],
     [
      [
       37.6491486,
       55.7765463
      ],
      [
       37.6490313,
       55.776666
      ],
      [
       37.6489765,
       55.7767292
      ]
     ],
     [
      [
       37.6489765,
       55.7767292
      ],
      [
       37.6489216,
       55.7767924
      ],
      [
       37.6485872,
       55.7771941
      ]
     ],
     [
      [
       37.6485872,
       55.7771941
      ],
      [
       37.6484514,
       55.7773596
      ],
      [
       37.6483241,
       55.7774783
      ]
     ],
     [
      [
       37.6483241,
       55.7774783
      ],
      [
       37.6474848,
       55.778024
      ],
      [
       37.6468675,
       55.7784386
      ],
      [
       37.6464971,
       55.7786804
      ],
      [
       37.6462431,
       55.7788576
      ],
      [
       37.6451873,
       55.7795661
      ]
     ],
     [
      [
       37.6451873,
       55.7795661
      ],
      [
       37.6450185,
       55.7796808
      ],
      [
       37.6448851,
       55.7797543
      ],
      [
       37.644833,
       55.7797721
      ],
      [
       37.6447696,
       55.7797853
      ],
      [
       37.6446587,
       55.7797879
      ],
      [
       37.6445431,
       55.779783
      ],
      [
       37.6442872,
       55.7797649
      ],
      [
       37.6438802,
       55.7797425
      ],
      [
       37.643675,
       55.7797378
      ]
     ],
     [
      [
       37.643675,
       55.7797378
      ],
      [
       37.642577,
       55.7797258
      ]
     ],
     [
      [
       37.642577,
       55.7797258
      ],
      [
       37.6415935,
       55.779715
      ]
     ],
     [
      [
       37.6415935,
       55.779715
      ],
      [
       37.6414789,
       55.7797137
      ],
      [
       37.6413864,
       55.7797163
      ],
      [
       37.6412964,
       55.779722
      ],
      [
       37.6411425,
       55.7797357
      ],
      [
       37.6410129,
       55.7797494
      ]
     ],
     [
      [
       37.6410129,
       55.7797494
      ],
      [
       37.6397583,
       55.7798817
      ],
      [
       37.6391258,
       55.7799462
      ],
      [
       37.6388384,
       55.7799754
      ],
      [
       37.6377466,
       55.7800888
      ],
      [
       37.6370718,
       55.7801588
      ],
      [
       37.6357769,
       55.7802926
      ],
      [
       37.6355005,
       55.7803219
      ],
      [
       37.6345339,
       55.7804252
      ],
      [
       37.6340822,
       55.7804735
      ],
      [
       37.6338262,
       55.7804993
      ]
     ],
     [
      [
       37.6338262,
       55.7804993
      ],
      [
       37.6335701,
       55.780525
      ],
      [
       37.6335502,
       55.7805265
      ]
     ],
     [
      [
       37.6335502,
       55.7805265
      ],
      [
       37.6333606,
       55.780538
      ],
      [
       37.6331473,
       55.7805527
      ],
      [
       37.6329876,
       55.7805606
      ]
     ],
     [
      [
       37.6329876,
       55.7805606
      ],
      [
       37.6329206,
       55.7805625
      ],
      [
       37.632762,
       55.7805802
      ],
      [
       37.632604,
       55.7806061
      ],
      [
       37.6322647,
       55.7806765
      ],
      [
       37.631994,
       55.7807326
      ]
     ],
     [
      [
       37.631994,
       55.7807326
      ],
      [
       37.6318424,
       55.7807584
      ],
      [
       37.6318154,
       55.7807616
      ],
      [
       37.6317599,
       55.780768
      ],
      [
       37.6316785,
       55.7807695
      ],
      [
       37.6315554,
       55.7807578
      ],
      [
       37.6314496,
       55.7807344
      ],
      [
       37.6314134,
       55.7807214
      ],
      [
       37.6313614,
       55.7806986
      ],
      [
       37.6313108,
       55.7806684
      ],
      [
       37.6312794,
       55.7806408
      ],
      [
       37.6312515,
       55.7806085
      ],
      [
       37.6312239,
       55.7805714
      ],
      [
       37.6311953,
       55.7805042
      ],
      [
       37.6311715,
       55.7804338
      ]
     ],
     [
      [
       37.6311715,
       55.7804338
      ],
      [
       37.6311411,
       55.7803437
      ],
      [
       37.6311001,
       55.7802258
      ],
      [
       37.6310098,
       55.7799343
      ],
      [
       37.6309371,
       55.7797081
      ]
     ],
     [
      [
       37.6309371,
       55.7797081
      ],
      [
       37.6308893,
       55.7795236
      ],
      [
       37.6308769,
       55.7794707
      ],
      [
       37.6308364,
       55.779298
      ]
     ],
     [
      [
       37.6308364,
       55.779298
      ],
      [
       37.6307998,
       55.7791184
      ],
      [
       37.6307019,
       55.7786385
      ],
      [
       37.6306884,
       55.7785723
      ]
     ],
     [
      [
       37.6306884,
       55.7785723
      ],
      [
       37.6306741,
       55.7785024
      ],
      [
       37.6306621,
       55.7784536
      ],
      [
       37.6306506,
       55.7784317
      ],
      [
       37.6306326,
       55.778412
      ],
      [
       37.6306038,
       55.7783902
      ],
      [
       37.6305617,
       55.7783724
      ],
      [
       37.6305005,
       55.7783557
      ],
      [
       37.6304419,
       55.7783477
      ],
      [
       37.6303672,
       55.7783421
      ],
      [
       37.6301963,
       55.778342
      ]
     ],
     [
      [
       37.6301963,
       55.778342
      ],
      [
       37.6295646,
       55.7783415
      ],
      [
       37.6293309,
       55.7783413
      ],
      [
       37.6291971,
       55.7783412
      ],
      [
       37.6290186,
       55.778341
      ],
      [
       37.6282129,
       55.7783354
      ]
     ],
     [
      [
       37.6282129,
       55.7783354
      ],
      [
       37.6281007,
       55.7783346
      ],
      [
       37.6278134,
       55.7783345
      ],
      [
       37.6274388,
       55.7783353
      ]
     ],
     [
      [
       37.6274388,
       55.7783353
      ],
      [
       37.6271975,
       55.7783515
      ],
      [
       37.626935,
       55.7783747
      ],
      [
       37.6266729,
       55.7784077
      ],
      [
       37.6262815,
       55.7784752
      ],
      [
       37.6253835,
       55.7786558
      ],
      [
       37.6237388,
       55.7789735
      ]
     ],
     [
      [
       37.6237388,
       55.7789735
      ],
      [
       37.6236235,
       55.7789942
      ],
      [
       37.6231888,
       55.7790898
      ],
      [
       37.6229714,
       55.7791376
      ],
      [
       37.6228188,
       55.779175
      ],
      [
       37.6226826,
       55.7792101
      ],
      [
       37.622666,
       55.7792149
      ],
      [
       37.6224802,
       55.7792711
      ],
      [
       37.6224156,
       55.7792911
      ]
     ],
     [
      [
       37.6224156,
       55.7792911
      ],
      [
       37.6223261,
       55.7793189
      ],
      [
       37.6221491,
       55.7793748
      ],
      [
       37.6218882,
       55.7794579
      ]
     ],
     [
      [
       37.6218882,
       55.7794579
      ],
      [
       37.6217769,
       55.7794934
      ],
      [
       37.6216594,
       55.7795355
      ],
      [
       37.6215729,
       55.7795665
      ],
      [
       37.6214324,
       55.7796218
      ]
     ],
     [
      [
       37.6214324,
       55.7796218
      ],
      [
       37.6213716,
       55.7796457
      ],
      [
       37.6212315,
       55.7797004
      ],
      [
       37.6208372,
       55.7798542
      ]
     ],
     [
      [
       37.6208372,
       55.7798542
      ],
      [
       37.6207528,
       55.7798872
      ],
      [
       37.6207029,
       55.7799029
      ],
      [
       37.6206823,
       55.7799073
      ],
      [
       37.6206515,
       55.7799137
      ],
      [
       37.6205965,
       55.7799202
      ],
      [
       37.6205427,
       55.7799222
      ],
      [
       37.6204859,
       55.7799195
      ],
      [
       37.6204278,
       55.7799112
      ],
      [
       37.6203779,
       55.7799021
      ],
      [
       37.6203305,
       55.7798895
      ],
      [
       37.6203014,
       55.7798786
      ],
      [
       37.620286,
       55.7798728
      ],
      [
       37.6202524,
       55.7798565
      ],
      [
       37.6202119,
       55.779835
      ],
      [
       37.6201736,
       55.7798092
      ],
      [
       37.6200935,
       55.779753
      ]
     ],
     [
      [
       37.6200935,
       55.779753
      ],
      [
       37.6197133,
       55.7794864
      ],
      [
       37.6192337,
       55.7791491
      ],
      [
       37.6185849,
       55.7786938
      ]
     ],
     [
      [
       37.6185849,
       55.7786938
      ],
      [
       37.6185199,
       55.7786482
      ],
      [
       37.6184896,
       55.7786312
      ],
      [
       37.6184498,
       55.7786106
      ],
      [
       37.6184129,
       55.778595
      ],
      [
       37.6183726,
       55.7785804
      ],
      [
       37.6183353,
       55.7785694
      ],
      [
       37.6182893,
       55.7785577
      ],
      [
       37.6182423,
       55.7785477
      ],
      [
       37.6181925,
       55.7785418
      ],
      [
       37.6180658,
       55.7785279
      ]
     ],
     [
      [
       37.6180658,
       55.7785279
      ],
      [
       37.6179853,
       55.778519
      ],
      [
       37.6177856,
       55.7784972
      ],
      [
       37.6176495,
       55.7784827
      ]
     ],
     [
      [
       37.6176495,
       55.7784827
      ],
      [
       37.6176082,
       55.7784785
      ],
      [
       37.6175632,
       55.7784759
      ],
      [
       37.6175216,
       55.7784734
      ],
      [
       37.6174777,
       55.7784728
      ],
      [
       37.6174336,
       55.7784754
      ],
      [
       37.6173921,
       55.7784787
      ],
      [
       37.6173478,
       55.7784845
      ],
      [
       37.6173026,
       55.7784918
      ],
      [
       37.6170031,
       55.778544
      ]
     ],
     [
      [
       37.6170031,
       55.778544
      ],
      [
       37.6168427,
       55.7785719
      ],
      [
       37.6165834,
       55.7786171
      ],
      [
       37.6163098,
       55.7786648
      ],
      [
       37.6162189,
       55.7786814
      ],
      [
       37.6154761,
       55.7788183
      ],
      [
       37.614668,
       55.7789656
      ],
      [
       37.6142646,
       55.7790391
      ],
      [
       37.6141938,
       55.779052
      ]
     ],
     [
      [
       37.6141938,
       55.779052
      ],
      [
       37.6140366,
       55.7790807
      ],
      [
       37.6136303,
       55.779199
      ],
      [
       37.6135463,
       55.7792287
      ],
      [
       37.613419,
       55.7792746
      ],
      [
       37.6133762,
       55.7792958
      ],
      [
       37.6133037,
       55.7793298
      ],
      [
       37.6132228,
       55.779373
      ]
     ],
     [
      [
       37.6132228,
       55.779373
      ],
      [
       37.6131408,
       55.7794186
      ],
      [
       37.6130962,
       55.7794441
      ],
      [
       37.6128005,
       55.7796069
      ]
     ],
     [
      [
       37.6128005,
       55.7796069
      ],
      [
       37.6127541,
       55.7796324
      ],
      [
       37.6125548,
       55.7797188
      ],
      [
       37.6125325,
       55.779726
      ],
      [
       37.6123544,
       55.7797836
      ],
      [
       37.6122553,
       55.779805
      ],
      [
       37.6120595,
       55.7798454
      ]
     ],
     [
      [
       37.6120595,
       55.7798454
      ],
      [
       37.6118822,
       55.779882
      ],
      [
       37.6114354,
       55.7799742
      ],
      [
       37.6107298,
       55.7801144
      ],
      [
       37.6103947,
       55.7801809
      ],
      [
       37.6103712,
       55.7801856
      ],
      [
       37.6098025,
       55.780305
      ]
     ],
     [
      [
       37.6098025,
       55.780305
      ],
      [
       37.6096812,
       55.7803304
      ],
      [
       37.6094124,
       55.7803938
      ],
      [
       37.6093355,
       55.7804262
      ],
      [
       37.6092419,
       55.7804762
      ],
      [
       37.6090907,
       55.7805585
      ],
      [
       37.6090139,
       55.7806085
      ]
     ],
     [
      [
       37.6090139,
       55.7806085
      ],
      [
       37.6089754,
       55.7806355
      ],
      [
       37.6089082,
       55.7807111
      ],
      [
       37.6088962,
       55.7807367
      ],
      [
       37.6088962,
       55.7807559
      ],
      [
       37.6088962,
       55.7807772
      ],
      [
       37.608925,
       55.7808191
      ],
      [
       37.608956,
       55.7808464
      ],
      [
       37.6089802,
       55.7808677
      ],
      [
       37.609058,
       55.7809416
      ]
     ],
     [
      [
       37.609058,
       55.7809416
      ],
      [
       37.6091358,
       55.7810154
      ],
      [
       37.6091675,
       55.7810459
      ],
      [
       37.6092247,
       55.7811017
      ],
      [
       37.6096153,
       55.7814826
      ],
      [
       37.6100236,
       55.7818807
      ],
      [
       37.6105344,
       55.7823617
      ],
      [
       37.6108477,
       55.7826567
      ],
      [
       37.6109387,
       55.7827417
      ]
     ],
     [
      [
       37.6109387,
       55.7827417
      ],
      [
       37.6110297,
       55.7828267
      ],
      [
       37.6110503,
       55.7828512
      ],
      [
       37.6110583,
       55.7828722
      ],
      [
       37.6110634,
       55.7828925
      ],
      [
       37.6110638,
       55.782916
      ],
      [
       37.6110653,
       55.7829306
      ],
      [
       37.6110535,
       55.7829645
      ],
      [
       37.6110181,
       55.7829998
      ],
      [
       37.6109684,
       55.7830313
      ],
      [
       37.6108513,
       55.7830668
      ],
      [
       37.6108221,
       55.7830757
      ],
      [
       37.6107632,
       55.7830938
      ]
     ],
     [
      [
       37.6107632,
       55.7830938
      ],
      [
       37.6103745,
       55.7832097
      ],
      [
       37.6099733,
       55.7833359
      ],
      [
       37.609763,
       55.7834089
      ],
      [
       37.6093576,
       55.78354
      ],
      [
       37.608919,
       55.7836904
      ],
      [
       37.6087583,
       55.7837455
      ],
      [
       37.6083125,
       55.7838984
      ],
      [
       37.6080759,
       55.7839795
      ],
      [
       37.6079251,
       55.7840313
      ],
      [
       37.6072883,
       55.7842497
      ],
      [
       37.6071225,
       55.7843058
      ],
      [
       37.6070662,
       55.7843249
      ]
     ],
     [
      [
       37.6070662,
       55.7843249
      ],
      [
       37.6067738,
       55.784424
      ],
      [
       37.6066517,
       55.7844686
      ],
      [
       37.6066441,
       55.7844714
      ]
     ],
     [
      [
       37.6066441,
       55.7844714
      ],
      [
       37.6063897,
       55.7845666
      ],
      [
       37.6062698,
       55.7846115
      ],
      [
       37.6062517,
       55.7846188
      ]
     ],
     [
      [
       37.6062517,
       55.7846188
      ],
      [
       37.6062234,
       55.7846449
      ],
      [
       37.6062039,
       55.7846735
      ],
      [
       37.606194,
       55.7847036
      ],
      [
       37.6061938,
       55.784734
      ],
      [
       37.6062037,
       55.7847643
      ],
      [
       37.6062231,
       55.7847929
      ],
      [
       37.6062531,
       55.7848181
      ]
     ],
     [
      [
       37.6062531,
       55.7848181
      ],
      [
       37.6066635,
       55.7851071
      ]
     ],
     [
      [
       37.6066635,
       55.7851071
      ],
      [
       37.6067729,
       55.7851841
      ],
      [
       37.6069169,
       55.7852855
      ],
      [
       37.607085,
       55.7854338
      ],
      [
       37.6071613,
       55.7855076
      ],
      [
       37.6072229,
       55.7855672
      ]
     ],
     [
      [
       37.6072229,
       55.7855672
      ],
      [
       37.6079197,
       55.7862417
      ],
      [
       37.6080075,
       55.7863267
      ],
      [
       37.6081683,
       55.7864811
      ],
      [
       37.6084851,
       55.7867853
      ],
      [
       37.6087215,
       55.787001
      ]
     ],
     [
      [
       37.6087215,
       55.787001
      ],
      [
       37.6090097,
       55.787289
      ],
      [
       37.6090959,
       55.7873718
      ],
      [
       37.6092413,
       55.7875114
      ],
      [
       37.6092844,
       55.7875528
      ],
      [
       37.6093391,
       55.7876053
      ],
      [
       37.609547,
       55.7878049
      ],
      [
       37.6097341,
       55.7879845
      ]
     ],
     [
      [
       37.6097341,
       55.7879845
      ],
      [
       37.6097524,
       55.7880007
      ],
      [
       37.6097682,
       55.7880177
      ],
      [
       37.6097817,
       55.7880354
      ],
      [
       37.6097925,
       55.7880537
      ],
      [
       37.6098008,
       55.7880723
      ],
      [
       37.6098024,
       55.7880766
      ],
      [
       37.6098214,
       55.7881278
      ]
     ],
     [
      [
       37.6098214,
       55.7881278
      ],
      [
       37.6098499,
       55.7881971
      ],
      [
       37.6098602,
       55.7882222
      ],
      [
       37.6099187,
       55.7883488
      ],
      [
       37.6099431,
       55.7884016
      ],
      [
       37.6099465,
       55.788409
      ]
     ],
     [
      [
       37.6099465,
       55.788409
      ],
      [
       37.6099544,
       55.7884201
      ],
      [
       37.6099606,
       55.7884314
      ],
      [
       37.609965,
       55.788443
      ],
      [
       37.6099675,
       55.7884548
      ],
      [
       37.6099683,
       55.7884667
      ],
      [
       37.6099672,
       55.7884785
      ],
      [
       37.6099666,
       55.7884811
      ],
      [
       37.6099643,
       55.7884903
      ]
     ],
     [
      [
       37.6099643,
       55.7884903
      ],
      [
       37.6099625,
       55.7885471
      ],
      [
       37.6099502,
       55.7889435
      ],
      [
       37.609944,
       55.7891419
      ],
      [
       37.6099216,
       55.7898654
      ]
     ],
     [
      [
       37.6099216,
       55.7898654
      ],
      [
       37.6099202,
       55.7899102
      ],
      [
       37.6099134,
       55.7899643
      ],
      [
       37.6098937,
       55.7899919
      ],
      [
       37.6098774,
       55.7900147
      ],
      [
       37.6098157,
       55.7900564
      ],
      [
       37.6097343,
       55.7900855
      ],
      [
       37.6096469,
       55.7900983
      ],
      [
       37.6095446,
       55.7900961
      ]
     ],
     [
      [
       37.6095446,
       55.7900961
      ],
      [
       37.6093138,
       55.790079
      ],
      [
       37.6085354,
       55.7900212
      ],
      [
       37.6062272,
       55.7898573
      ],
      [
       37.6060504,
       55.7898448
      ],
      [
       37.6046707,
       55.7897474
      ],
      [
       37.6045073,
       55.7897343
      ],
      [
       37.6042696,
       55.7897152
      ],
      [
       37.6040986,
       55.7897006
      ]
     ],
     [
      [
       37.6040986,
       55.7897006
      ],
      [
       37.6039717,
       55.7896915
      ],
      [
       37.6031181,
       55.7896289
      ],
      [
       37.6029498,
       55.7896166
      ],
      [
       37.6017282,
       55.7895274
      ],
      [
       37.6011028,
       55.7894817
      ],
      [
       37.6005979,
       55.7894448
      ]
     ],
     [
      [
       37.6005979,
       55.7894448
      ],
      [
       37.600476,
       55.7894365
      ],
      [
       37.6003967,
       55.7894159
      ],
      [
       37.6003836,
       55.7894126
      ],
      [
       37.6003645,
       55.7894076
      ],
      [
       37.6002742,
       55.7893607
      ],
      [
       37.600214,
       55.7893006
      ],
      [
       37.6002027,
       55.7892692
      ],
      [
       37.6001897,
       55.7892329
      ],
      [
       37.6002011,
       55.7891764
      ],
      [
       37.6002035,
       55.7891643
      ],
      [
       37.6002162,
       55.7891217
      ]
     ],
     [
      [
       37.6002162,
       55.7891217
      ],
      [
       37.6003521,
       55.7886681
      ],
      [
       37.6003725,
       55.7886
      ],
      [
       37.6005454,
       55.7880228
      ],
      [
       37.6005853,
       55.7878988
      ],
      [
       37.6006171,
       55.7877998
      ],
      [
       37.600646,
       55.7877259
      ],
      [
       37.6008084,
       55.7873113
      ],
      [
       37.6008238,
       55.7872762
      ],
      [
       37.6010547,
       55.7867504
      ],
      [
       37.6010732,
       55.7867082
      ],
      [
       37.6011324,
       55.7865694
      ],
      [
       37.6016123,
       55.7853872
      ]
     ],
     [
      [
       37.6016123,
       55.7853872
      ],
      [
       37.60163,
       55.7853381
      ],
      [
       37.6016443,
       55.785287
      ],
      [
       37.6016501,
       55.7852582
      ],
      [
       37.601651,
       55.7852389
      ],
      [
       37.6016513,
       55.7852134
      ],
      [
       37.601651,
       55.7851869
      ],
      [
       37.6016464,
       55.7851622
      ],
      [
       37.6016355,
       55.7851353
      ],
      [
       37.6016144,
       55.7850992
      ],
      [
       37.6015858,
       55.7850633
      ]
     ],
     [
      [
       37.6015858,
       55.7850633
      ],
      [
       37.6014641,
       55.7849698
      ]
     ],
     [
      [
       37.6014641,
       55.7849698
      ],
      [
       37.6013884,
       55.7849108
      ],
      [
       37.6013456,
       55.7848774
      ],
      [
       37.6012917,
       55.7848367
      ],
      [
       37.6012408,
       55.7847971
      ],
      [
       37.6011907,
       55.784742
      ],
      [
       37.601161,
       55.7846784
      ],
      [
       37.6011587,
       55.784644
      ],
      [
       37.6011641,
       55.7845798
      ]
     ],
     [
      [
       37.6011641,
       55.7845798
      ],
      [
       37.6012202,
       55.7843331
      ],
      [
       37.6012283,
       55.7842973
      ],
      [
       37.6013363,
       55.7838313
      ],
      [
       37.6013589,
       55.7837363
      ],
      [
       37.6014787,
       55.7832334
      ]
     ],
     [
      [
       37.6014787,
       55.7832334
      ],
      [
       37.6014965,
       55.7831588
      ],
      [
       37.6015438,
       55.7828868
      ],
      [
       37.6015658,
       55.7827264
      ]
     ],
     [
      [
       37.6015658,
       55.7827264
      ],
      [
       37.6015798,
       55.7826244
      ],
      [
       37.6016337,
       55.7821942
      ],
      [
       37.6016421,
       55.7821309
      ],
      [
       37.6016624,
       55.7819789
      ],
      [
       37.6016708,
       55.781895
      ],
      [
       37.6016939,
       55.7816872
      ]
     ],
     [
      [
       37.6016939,
       55.7816872
      ],
      [
       37.6017057,
       55.7815813
      ],
      [
       37.6017497,
       55.7812204
      ],
      [
       37.6017647,
       55.781151
      ]
     ],
     [
      [
       37.6017647,
       55.781151
      ],
      [
       37.6018548,
       55.7807099
      ],
      [
       37.602062,
       55.7801203
      ],
      [
       37.602188,
       55.7798375
      ]
     ],
     [
      [
       37.602188,
       55.7798375
      ],
      [
       37.6022115,
       55.7797846
      ],
      [
       37.6022484,
       55.779731
      ],
      [
       37.6023117,
       55.7796749
      ],
      [
       37.6023815,
       55.7796303
      ],
      [
       37.6024559,
       55.7795959
      ],
      [
       37.602465,
       55.7795917
      ],
      [
       37.6025431,
       55.779564
      ],
      [
       37.6025625,
       55.7795578
      ],
      [
       37.6026164,
       55.7795338
      ],
      [
       37.602689,
       55.7794972
      ],
      [
       37.6027462,
       55.7794712
      ],
      [
       37.6028125,
       55.7794367
      ],
      [
       37.6028527,
       55.779415
      ],
      [
       37.6028881,
       55.7793934
      ],
      [
       37.6029359,
       55.7793643
      ]
     ],
     [
      [
       37.6029359,
       55.7793643
      ],
      [
       37.6033724,
       55.7790909
      ],
      [
       37.6034669,
       55.7790311
      ],
      [
       37.6035976,
       55.7789492
      ],
      [
       37.6037118,
       55.7788778
      ]
     ],
     [
      [
       37.6037118,
       55.7788778
      ],
      [
       37.6038063,
       55.7788214
      ],
      [
       37.6038623,
       55.7787928
      ],
      [
       37.6038918,
       55.7787833
      ],
      [
       37.6039112,
       55.7787805
      ],
      [
       37.6039274,
       55.7787799
      ],
      [
       37.6039327,
       55.7787797
      ],
      [
       37.6039689,
       55.7787833
      ],
      [
       37.6040056,
       55.7787894
      ],
      [
       37.6041028,
       55.7788093
      ],
      [
       37.6044974,
       55.7788865
      ]
     ]
    ]
   },
   "properties": {
    "kind": "track",
    "route": 50,
    "direction_id": 0,
    "from": "Дом культуры «Компрессор»",
    "to": "Метро «Новослободская»",
    "osm_relation_id": 1538169
   }
  },
  {
   "type": "Feature",
   "geometry": {
    "type": "Point",
    "coordinates": [
     37.7238732,
     55.7530488
    ]
   },
   "properties": {
    "kind": "stop",
    "route": 50,
    "direction_id": 0,
    "from": "Дом культуры «Компрессор»",
    "to": "Метро «Новослободская»",
    "osm_relation_id": 1538169,
    "stop_sequence": 1,
    "stop_name": "Дом культуры «Компрессор»",
    "osm_node_id": 800886899
   }
  },
  {
   "type": "Feature",
   "geometry": {
    "type": "Point",
    "coordinates": [
     37.7205977,
     55.7524097
    ]
   },
   "properties": {
    "kind": "stop",
    "route": 50,
    "direction_id": 0,
    "from": "Дом культуры «Компрессор»",
    "to": "Метро «Новослободская»",
    "osm_relation_id": 1538169,
    "stop_sequence": 2,
    "stop_name": "Метро «Авиамоторная»",
    "osm_node_id": 7618078829
   }
  },
  {
   "type": "Feature",
   "geometry": {
    "type": "Point",
    "coordinates": [
     37.7157334,
     55.7515035
    ]
   },
   "properties": {
    "kind": "stop",
    "route": 50,
    "direction_id": 0,
    "from": "Дом культуры «Компрессор»",
    "to": "Метро «Новослободская»",
    "osm_relation_id": 1538169,
    "stop_sequence": 3,
    "stop_name": "Метро «Авиамоторная»",
    "osm_node_id": 800886916
   }
  },
  {
   "type": "Feature",
   "geometry": {
    "type": "Point",
    "coordinates": [
     37.7087173,
     55.7542282
    ]
   },
   "properties": {
    "kind": "stop",
    "route": 50,
    "direction_id": 0,
    "from": "Дом культуры «Компрессор»",
    "to": "Метро «Новослободская»",
    "osm_relation_id": 1538169,
    "stop_sequence": 4,
    "stop_name": "МЭИ",
    "osm_node_id": 1507754589
   }
  },
  {
   "type": "Feature",
   "geometry": {
    "type": "Point",
    "coordinates": [
     37.6987546,
     55.7575325
    ]
   },
   "properties": {
    "kind": "stop",
    "route": 50,
    "direction_id": 0,
    "from": "Дом культуры «Компрессор»",
    "to": "Метро «Новослободская»",
    "osm_relation_id": 1538169,
    "stop_sequence": 5,
    "stop_name": "Улица Лефортовский Вал",
    "osm_node_id": 1507754571
   }
  },
  {
   "type": "Feature",
   "geometry": {
    "type": "Point",
    "coordinates": [
     37.6932552,
     55.7593737
    ]
   },
   "properties": {
    "kind": "stop",
    "route": 50,
    "direction_id": 0,
    "from": "Дом культуры «Компрессор»",
    "to": "Метро «Новослободская»",
    "osm_relation_id": 1538169,
    "stop_sequence": 6,
    "stop_name": "1-й Краснокурсантский проезд",
    "osm_node_id": 1507754852
   }
  },
  {
   "type": "Feature",
   "geometry": {
    "type": "Point",
    "coordinates": [
     37.6880219,
     55.7612358
    ]
   },
   "properties": {
    "kind": "stop",
    "route": 50,
    "direction_id": 0,
    "from": "Дом культуры «Компрессор»",
    "to": "Метро «Новослободская»",
    "osm_relation_id": 1538169,
    "stop_sequence": 7,
    "stop_name": "Лефортовский мост",
    "osm_node_id": 1507754587
   }
  },
  {
   "type": "Feature",
   "geometry": {
    "type": "Point",
    "coordinates": [
     37.682302,
     55.7628491
    ]
   },
   "properties": {
    "kind": "stop",
    "route": 50,
    "direction_id": 0,
    "from": "Дом культуры «Компрессор»",
    "to": "Метро «Новослободская»",
    "osm_relation_id": 1538169,
    "stop_sequence": 8,
    "stop_name": "Лефортовская набережная",
    "osm_node_id": 2360761231
   }
  },
  {
   "type": "Feature",
   "geometry": {
    "type": "Point",
    "coordinates": [
     37.6801323,
     55.7652327
    ]
   },
   "properties": {
    "kind": "stop",
    "route": 50,
    "direction_id": 0,
    "from": "Дом культуры «Компрессор»",
    "to": "Метро «Новослободская»",
    "osm_relation_id": 1538169,
    "stop_sequence": 9,
    "stop_name": "МГТУ имени Баумана",
    "osm_node_id": 2360708033
   }
  },
  {
   "type": "Feature",
   "geometry": {
    "type": "Point",
    "coordinates": [
     37.6796233,
     55.768105
    ]
   },
   "properties": {
    "kind": "stop",
    "route": 50,
    "direction_id": 0,
    "from": "Дом культуры «Компрессор»",
    "to": "Метро «Новослободская»",
    "osm_relation_id": 1538169,
    "stop_sequence": 10,
    "stop_name": "Аптекарский переулок",
    "osm_node_id": 2360708026
   }
  },
  {
   "type": "Feature",
   "geometry": {
    "type": "Point",
    "coordinates": [
     37.6786612,
     55.772195
    ]
   },
   "properties": {
    "kind": "stop",
    "route": 50,
    "direction_id": 0,
    "from": "Дом культуры «Компрессор»",
    "to": "Метро «Новослободская»",
    "osm_relation_id": 1538169,
    "stop_sequence": 11,
    "stop_name": "Метро «Бауманская»",
    "osm_node_id": 2360708034
   }
  },
  {
   "type": "Feature",
   "geometry": {
    "type": "Point",
    "coordinates": [
     37.6778637,
     55.7751735
    ]
   },
   "properties": {
    "kind": "stop",
    "route": 50,
    "direction_id": 0,
    "from": "Дом культуры «Компрессор»",
    "to": "Метро «Новослободская»",
    "osm_relation_id": 1538169,
    "stop_sequence": 12,
    "stop_name": "Басманный двор",
    "osm_node_id": 2358271807
   }
  },
  {
   "type": "Feature",
   "geometry": {
    "type": "Point",
    "coordinates": [
     37.6734216,
     55.777094
    ]
   },
   "properties": {
    "kind": "stop",
    "route": 50,
    "direction_id": 0,
    "from": "Дом культуры «Компрессор»",
    "to": "Метро «Новослободская»",
    "osm_relation_id": 1538169,
    "stop_sequence": 13,
    "stop_name": "Поликлиника",
    "osm_node_id": 2358271811
   }
  },
  {
   "type": "Feature",
   "geometry": {
    "type": "Point",
    "coordinates": [
     37.6703821,
     55.7763944
    ]
   },
   "properties": {
    "kind": "stop",
    "route": 50,
    "direction_id": 0,
    "from": "Дом культуры «Компрессор»",
    "to": "Метро «Новослободская»",
    "osm_relation_id": 1538169,
    "stop_sequence": 14,
    "stop_name": "Ольховская улица",
    "osm_node_id": 2358271809
   }
  },
  {
   "type": "Feature",
   "geometry": {
    "type": "Point",
    "coordinates": [
     37.6668325,
     55.7790764
    ]
   },
   "properties": {
    "kind": "stop",
    "route": 50,
    "direction_id": 0,
    "from": "Дом культуры «Компрессор»",
    "to": "Метро «Новослободская»",
    "osm_relation_id": 1538169,
    "stop_sequence": 15,
    "stop_name": "Метро «Красносельская»",
    "osm_node_id": 2358271813
   }
  },
  {
   "type": "Feature",
   "geometry": {
    "type": "Point",
    "coordinates": [
     37.6563076,
     55.7754616
    ]
   },
   "properties": {
    "kind": "stop",
    "route": 50,
    "direction_id": 0,
    "from": "Дом культуры «Компрессор»",
    "to": "Метро «Новослободская»",
    "osm_relation_id": 1538169,
    "stop_sequence": 16,
    "stop_name": "Метро «Комсомольская»",
    "osm_node_id": 387747233
   }
  },
  {
   "type": "Feature",
   "geometry": {
    "type": "Point",
    "coordinates": [
     37.6527737,
     55.7746859
    ]
   },
   "properties": {
    "kind": "stop",
    "route": 50,
    "direction_id": 0,
    "from": "Дом культуры «Компрессор»",
    "to": "Метро «Новослободская»",
    "osm_relation_id": 1538169,
    "stop_sequence": 17,
    "stop_name": "МЦД Площадь трёх вокзалов",
    "osm_node_id": 13134322142
   }
  },
  {
   "type": "Feature",
   "geometry": {
    "type": "Point",
    "coordinates": [
     37.6496992,
     55.7762135
    ]
   },
   "properties": {
    "kind": "stop",
    "route": 50,
    "direction_id": 0,
    "from": "Дом культуры «Компрессор»",
    "to": "Метро «Новослободская»",
    "osm_relation_id": 1538169,
    "stop_sequence": 18,
    "stop_name": "Каланчёвская улица",
    "osm_node_id": 2214943613
   }
  },
  {
   "type": "Feature",
   "geometry": {
    "type": "Point",
    "coordinates": [
     37.6451873,
     55.7795661
    ]
   },
   "properties": {
    "kind": "stop",
    "route": 50,
    "direction_id": 0,
    "from": "Дом культуры «Компрессор»",
    "to": "Метро «Новослободская»",
    "osm_relation_id": 1538169,
    "stop_sequence": 19,
    "stop_name": "Пантелеевская улица",
    "osm_node_id": 697485006
   }
  },
  {
   "type": "Feature",
   "geometry": {
    "type": "Point",
    "coordinates": [
     37.6414789,
     55.7797137
    ]
   },
   "properties": {
    "kind": "stop",
    "route": 50,
    "direction_id": 0,
    "from": "Дом культуры «Компрессор»",
    "to": "Метро «Новослободская»",
    "osm_relation_id": 1538169,
    "stop_sequence": 20,
    "stop_name": "Астраханский переулок",
    "osm_node_id": 473120403
   }
  },
  {
   "type": "Feature",
   "geometry": {
    "type": "Point",
    "coordinates": [
     37.6391258,
     55.7799462
    ]
   },
   "properties": {
    "kind": "stop",
    "route": 50,
    "direction_id": 0,
    "from": "Дом культуры «Компрессор»",
    "to": "Метро «Новослободская»",
    "osm_relation_id": 1538169,
    "stop_sequence": 21,
    "stop_name": "Ботанический переулок",
    "osm_node_id": 697485002
   }
  },
  {
   "type": "Feature",
   "geometry": {
    "type": "Point",
    "coordinates": [
     37.6345339,
     55.7804252
    ]
   },
   "properties": {
    "kind": "stop",
    "route": 50,
    "direction_id": 0,
    "from": "Дом культуры «Компрессор»",
    "to": "Метро «Новослободская»",
    "osm_relation_id": 1538169,
    "stop_sequence": 22,
    "stop_name": "Метро «Проспект Мира»",
    "osm_node_id": 697485003
   }
  },
  {
   "type": "Feature",
   "geometry": {
    "type": "Point",
    "coordinates": [
     37.6322647,
     55.7806765
    ]
   },
   "properties": {
    "kind": "stop",
    "route": 50,
    "direction_id": 0,
    "from": "Дом культуры «Компрессор»",
    "to": "Метро «Новослободская»",
    "osm_relation_id": 1538169,
    "stop_sequence": 23,
    "stop_name": "Спорткомплекс «Олимпийский»",
    "osm_node_id": 4656724436
   }
  },
  {
   "type": "Feature",
   "geometry": {
    "type": "Point",
    "coordinates": [
     37.6309371,
     55.7797081
    ]
   },
   "properties": {
    "kind": "stop",
    "route": 50,
    "direction_id": 0,
    "from": "Дом культуры «Компрессор»",
    "to": "Метро «Новослободская»",
    "osm_relation_id": 1538169,
    "stop_sequence": 24,
    "stop_name": "Улица Гиляровского",
    "osm_node_id": 1257401479
   }
  },
  {
   "type": "Feature",
   "geometry": {
    "type": "Point",
    "coordinates": [
     37.6295646,
     55.7783415
    ]
   },
   "properties": {
    "kind": "stop",
    "route": 50,
    "direction_id": 0,
    "from": "Дом культуры «Компрессор»",
    "to": "Метро «Новослободская»",
    "osm_relation_id": 1538169,
    "stop_sequence": 25,
    "stop_name": "Улица Щепкина",
    "osm_node_id": 1257401483
   }
  },
  {
   "type": "Feature",
   "geometry": {
    "type": "Point",
    "coordinates": [
     37.6237388,
     55.7789735
    ]
   },
   "properties": {
    "kind": "stop",
    "route": 50,
    "direction_id": 0,
    "from": "Дом культуры «Компрессор»",
    "to": "Метро «Новослободская»",
    "osm_relation_id": 1538169,
    "stop_sequence": 26,
    "stop_name": "Театр зверей имени Дурова",
    "osm_node_id": 3016214907
   }
  },
  {
   "type": "Feature",
   "geometry": {
    "type": "Point",
    "coordinates": [
     37.6168427,
     55.7785719
    ]
   },
   "properties": {
    "kind": "stop",
    "route": 50,
    "direction_id": 0,
    "from": "Дом культуры «Компрессор»",
    "to": "Метро «Новослободская»",
    "osm_relation_id": 1538169,
    "stop_sequence": 27,
    "stop_name": "Самотёчная улица",
    "osm_node_id": 3598834231
   }
  },
  {
   "type": "Feature",
   "geometry": {
    "type": "Point",
    "coordinates": [
     37.6131408,
     55.7794186
    ]
   },
   "properties": {
    "kind": "stop",
    "route": 50,
    "direction_id": 0,
    "from": "Дом культуры «Компрессор»",
    "to": "Метро «Новослободская»",
    "osm_relation_id": 1538169,
    "stop_sequence": 28,
    "stop_name": "4-й Самотёчный переулок",
    "osm_node_id": 1257401477
   }
  },
  {
   "type": "Feature",
   "geometry": {
    "type": "Point",
    "coordinates": [
     37.6090907,
     55.7805585
    ]
   },
   "properties": {
    "kind": "stop",
    "route": 50,
    "direction_id": 0,
    "from": "Дом культуры «Компрессор»",
    "to": "Метро «Новослободская»",
    "osm_relation_id": 1538169,
    "stop_sequence": 29,
    "stop_name": "Селезнёвская улица",
    "osm_node_id": 3016716232
   }
  },
  {
   "type": "Feature",
   "geometry": {
    "type": "Point",
    "coordinates": [
     37.6108477,
     55.7826567
    ]
   },
   "properties": {
    "kind": "stop",
    "route": 50,
    "direction_id": 0,
    "from": "Дом культуры «Компрессор»",
    "to": "Метро «Новослободская»",
    "osm_relation_id": 1538169,
    "stop_sequence": 30,
    "stop_name": "Улица Достоевского",
    "osm_node_id": 1257401460
   }
  },
  {
   "type": "Feature",
   "geometry": {
    "type": "Point",
    "coordinates": [
     37.6067729,
     55.7851841
    ]
   },
   "properties": {
    "kind": "stop",
    "route": 50,
    "direction_id": 0,
    "from": "Дом культуры «Компрессор»",
    "to": "Метро «Новослободская»",
    "osm_relation_id": 1538169,
    "stop_sequence": 31,
    "stop_name": "Площадь Борьбы",
    "osm_node_id": 12464911097
   }
  },
  {
   "type": "Feature",
   "geometry": {
    "type": "Point",
    "coordinates": [
     37.6087215,
     55.787001
    ]
   },
   "properties": {
    "kind": "stop",
    "route": 50,
    "direction_id": 0,
    "from": "Дом культуры «Компрессор»",
    "to": "Метро «Новослободская»",
    "osm_relation_id": 1538169,
    "stop_sequence": 32,
    "stop_name": "Главный корпус МИИТ",
    "osm_node_id": 2631470100
   }
  },
  {
   "type": "Feature",
   "geometry": {
    "type": "Point",
    "coordinates": [
     37.6099502,
     55.7889435
    ]
   },
   "properties": {
    "kind": "stop",
    "route": 50,
    "direction_id": 0,
    "from": "Дом культуры «Компрессор»",
    "to": "Метро «Новослободская»",
    "osm_relation_id": 1538169,
    "stop_sequence": 33,
    "stop_name": "МИИТ",
    "osm_node_id": 13388798130
   }
  },
  {
   "type": "Feature",
   "geometry": {
    "type": "Point",
    "coordinates": [
     37.6093138,
     55.790079
    ]
   },
   "properties": {
    "kind": "stop",
    "route": 50,
    "direction_id": 0,
    "from": "Дом культуры «Компрессор»",
    "to": "Метро «Новослободская»",
    "osm_relation_id": 1538169,
    "stop_sequence": 34,
    "stop_name": "Улица Образцова",
    "osm_node_id": 2631470114
   }
  },
  {
   "type": "Feature",
   "geometry": {
    "type": "Point",
    "coordinates": [
     37.6045073,
     55.7897343
    ]
   },
   "properties": {
    "kind": "stop",
    "route": 50,
    "direction_id": 0,
    "from": "Дом культуры «Компрессор»",
    "to": "Метро «Новослободская»",
    "osm_relation_id": 1538169,
    "stop_sequence": 35,
    "stop_name": "Дворец культуры МИИТ",
    "osm_node_id": 2631470097
   }
  },
  {
   "type": "Feature",
   "geometry": {
    "type": "Point",
    "coordinates": [
     37.6011028,
     55.7894817
    ]
   },
   "properties": {
    "kind": "stop",
    "route": 50,
    "direction_id": 0,
    "from": "Дом культуры «Компрессор»",
    "to": "Метро «Новослободская»",
    "osm_relation_id": 1538169,
    "stop_sequence": 36,
    "stop_name": "Минаевский переулок",
    "osm_node_id": 2631470108
   }
  },
  {
   "type": "Feature",
   "geometry": {
    "type": "Point",
    "coordinates": [
     37.6005454,
     55.7880228
    ]
   },
   "properties": {
    "kind": "stop",
    "route": 50,
    "direction_id": 0,
    "from": "Дом культуры «Компрессор»",
    "to": "Метро «Новослободская»",
    "osm_relation_id": 1538169,
    "stop_sequence": 37,
    "stop_name": "Тихвинский переулок",
    "osm_node_id": 2631470112
   }
  },
  {
   "type": "Feature",
   "geometry": {
    "type": "Point",
    "coordinates": [
     37.6012202,
     55.7843331
    ]
   },
   "properties": {
    "kind": "stop",
    "route": 50,
    "direction_id": 0,
    "from": "Дом культуры «Компрессор»",
    "to": "Метро «Новослободская»",
    "osm_relation_id": 1538169,
    "stop_sequence": 38,
    "stop_name": "Улица Палиха",
    "osm_node_id": 3007026870
   }
  },
  {
   "type": "Feature",
   "geometry": {
    "type": "Point",
    "coordinates": [
     37.6016624,
     55.7819789
    ]
   },
   "properties": {
    "kind": "stop",
    "route": 50,
    "direction_id": 0,
    "from": "Дом культуры «Компрессор»",
    "to": "Метро «Новослободская»",
    "osm_relation_id": 1538169,
    "stop_sequence": 39,
    "stop_name": "Метро «Менделеевская»",
    "osm_node_id": 4291992589
   }
  },
  {
   "type": "Feature",
   "geometry": {
    "type": "Point",
    "coordinates": [
     37.6022115,
     55.7797846
    ]
   },
   "properties": {
    "kind": "stop",
    "route": 50,
    "direction_id": 0,
    "from": "Дом культуры «Компрессор»",
    "to": "Метро «Новослободская»",
    "osm_relation_id": 1538169,
    "stop_sequence": 40,
    "stop_name": "Метро «Новослободская»",
    "osm_node_id": 3016749921
   }
  },
  {
   "type": "Feature",
   "geometry": {
    "type": "Point",
    "coordinates": [
     37.6044974,
     55.7788865
    ]
   },
   "properties": {
    "kind": "stop",
    "route": 50,
    "direction_id": 0,
    "from": "Дом культуры «Компрессор»",
    "to": "Метро «Новослободская»",
    "osm_relation_id": 1538169,
    "stop_sequence": 41,
    "stop_name": "Метро «Новослободская»",
    "osm_node_id": 3016750433
   }
  },
  {
   "type": "Feature",
   "geometry": {
    "type": "MultiLineString",
    "coordinates": [
     [
      [
       37.6044974,
       55.7788865
      ],
      [
       37.6048862,
       55.7789674
      ],
      [
       37.6049895,
       55.7789926
      ],
      [
       37.6050408,
       55.7790066
      ],
      [
       37.6050987,
       55.7790245
      ],
      [
       37.6052935,
       55.779085
      ]
     ],
     [
      [
       37.6052935,
       55.779085
      ],
      [
       37.6053829,
       55.7791163
      ],
      [
       37.6054351,
       55.7791373
      ],
      [
       37.605481,
       55.7791676
      ],
      [
       37.6054988,
       55.7791873
      ],
      [
       37.6055155,
       55.7792079
      ],
      [
       37.6055305,
       55.7792346
      ],
      [
       37.6055327,
       55.7792403
      ],
      [
       37.605535,
       55.7792454
      ],
      [
       37.6055356,
       55.7792509
      ],
      [
       37.6055363,
       55.7792573
      ],
      [
       37.6055089,
       55.7793377
      ],
      [
       37.6054981,
       55.7793601
      ]
     ],
     [
      [
       37.6054981,
       55.7793601
      ],
      [
       37.6054153,
       55.7795326
      ],
      [
       37.6051585,
       55.7800675
      ]
     ],
     [
      [
       37.6051585,
       55.7800675
      ],
      [
       37.6050881,
       55.7801828
      ],
      [
       37.6050634,
       55.7802052
      ],
      [
       37.6050342,
       55.7802224
      ],
      [
       37.6049607,
       55.7802476
      ],
      [
       37.6048724,
       55.7802571
      ],
      [
       37.6048465,
       55.7802561
      ],
      [
       37.6047925,
       55.7802512
      ],
      [
       37.6047027,
       55.7802341
      ],
      [
       37.6045752,
       55.7801933
      ]
     ],
     [
      [
       37.6045752,
       55.7801933
      ],
      [
       37.6038934,
       55.7799785
      ],
      [
       37.6029409,
       55.7796788
      ]
     ],
     [
      [
       37.6029409,
       55.7796788
      ],
      [
       37.6027889,
       55.7796293
      ],
      [
       37.6027169,
       55.7796181
      ],
      [
       37.6026857,
       55.7796133
      ],
      [
       37.602616,
       55.7796114
      ],
      [
       37.6025427,
       55.7796177
      ],
      [
       37.6025296,
       55.7796233
      ],
      [
       37.6024825,
       55.7796433
      ],
      [
       37.602383,
       55.7796995
      ],
      [
       37.6023249,
       55.7797302
      ],
      [
       37.6022933,
       55.7797629
      ],
      [
       37.6022632,
       55.7798052
      ],
      [
       37.6022446,
       55.7798442
      ]
     ],
     [
      [
       37.6022446,
       55.7798442
      ],
      [
       37.6021809,
       55.7799775
      ],
      [
       37.6021216,
       55.780121
      ],
      [
       37.6020812,
       55.7802468
      ],
      [
       37.601922,
       55.7807292
      ],
      [
       37.6018351,
       55.7811588
      ]
     ],
     [
      [
       37.6018351,
       55.7811588
      ],
      [
       37.6018042,
       55.7813116
      ],
      [
       37.601782,
       55.7814772
      ],
      [
       37.6017581,
       55.781687
      ]
     ],
     [
      [
       37.6017581,
       55.781687
      ],
      [
       37.6017032,
       55.7821677
      ],
      [
       37.6016908,
       55.7822532
      ],
      [
       37.6016324,
       55.7827274
      ]
     ],
     [
      [
       37.6016324,
       55.7827274
      ],
      [
       37.6016222,
       55.7828098
      ],
      [
       37.6016109,
       55.7829019
      ],
      [
       37.6015638,
       55.7831532
      ],
      [
       37.6015424,
       55.7832398
      ]
     ],
     [
      [
       37.6015424,
       55.7832398
      ],
      [
       37.6014973,
       55.7834595
      ],
      [
       37.6014141,
       55.7837404
      ],
      [
       37.601401,
       55.7837906
      ],
      [
       37.6013485,
       55.7840197
      ],
      [
       37.6013002,
       55.7842226
      ],
      [
       37.6012155,
       55.7845914
      ]
     ],
     [
      [
       37.6012155,
       55.7845914
      ],
      [
       37.6012135,
       55.7846385
      ],
      [
       37.6012195,
       55.7846777
      ],
      [
       37.6012452,
       55.7847303
      ],
      [
       37.6012897,
       55.7847807
      ],
      [
       37.6013353,
       55.7848163
      ],
      [
       37.6015049,
       55.7849477
      ]
     ],
     [
      [
       37.6015049,
       55.7849477
      ],
      [
       37.6016303,
       55.7850443
      ]
     ],
     [
      [
       37.6016303,
       55.7850443
      ],
      [
       37.6016657,
       55.7850886
      ],
      [
       37.601687,
       55.7851279
      ],
      [
       37.6016884,
       55.7851307
      ],
      [
       37.6016976,
       55.785157
      ],
      [
       37.6017025,
       55.7851841
      ],
      [
       37.6017035,
       55.7852132
      ]
     ],
     [
      [
       37.6017035,
       55.7852132
      ],
      [
       37.6017016,
       55.785261
      ],
      [
       37.6016968,
       55.7852903
      ],
      [
       37.6016814,
       55.78534
      ],
      [
       37.601664,
       55.7853927
      ]
     ],
     [
      [
       37.601664,
       55.7853927
      ],
      [
       37.6015765,
       55.7856291
      ],
      [
       37.6015668,
       55.7856552
      ],
      [
       37.6015506,
       55.785699
      ],
      [
       37.6013597,
       55.7861492
      ],
      [
       37.6011792,
       55.7865752
      ],
      [
       37.6011205,
       55.786713
      ],
      [
       37.6010545,
       55.7868632
      ],
      [
       37.6008554,
       55.7873168
      ],
      [
       37.6007055,
       55.7876989
      ],
      [
       37.6006929,
       55.787731
      ],
      [
       37.6006599,
       55.7878149
      ],
      [
       37.6006572,
       55.7878235
      ],
      [
       37.6006318,
       55.7879035
      ],
      [
       37.6005924,
       55.7880278
      ],
      [
       37.6005339,
       55.7882232
      ],
      [
       37.6004195,
       55.788605
      ],
      [
       37.6003994,
       55.7886723
      ],
      [
       37.6002634,
       55.7891273
      ]
     ],
     [
      [
       37.6002634,
       55.7891273
      ],
      [
       37.6002519,
       55.7891656
      ],
      [
       37.6002501,
       55.7891816
      ],
      [
       37.6002452,
       55.7892264
      ],
      [
       37.6002699,
       55.7892857
      ],
      [
       37.6003239,
       55.7893385
      ],
      [
       37.6003992,
       55.7893792
      ],
      [
       37.6004993,
       55.7894076
      ],
      [
       37.600606,
       55.7894182
      ]
     ],
     [
      [
       37.600606,
       55.7894182
      ],
      [
       37.600823,
       55.789434
      ],
      [
       37.601109,
       55.7894549
      ],
      [
       37.6019898,
       55.7895193
      ],
      [
       37.6025232,
       55.7895582
      ],
      [
       37.6025724,
       55.7895618
      ],
      [
       37.603079,
       55.7895988
      ],
      [
       37.6039713,
       55.7896645
      ],
      [
       37.6040961,
       55.7896741
      ]
     ],
     [
      [
       37.6040961,
       55.7896741
      ],
      [
       37.6042678,
       55.7896879
      ],
      [
       37.6046771,
       55.7897208
      ],
      [
       37.6048111,
       55.7897304
      ],
      [
       37.6050345,
       55.7897464
      ],
      [
       37.6056784,
       55.7897924
      ],
      [
       37.6057775,
       55.7897995
      ],
      [
       37.6060558,
       55.7898194
      ],
      [
       37.6088081,
       55.7900162
      ],
      [
       37.6090873,
       55.7900362
      ],
      [
       37.6093899,
       55.7900578
      ],
      [
       37.6095654,
       55.7900704
      ]
     ],
     [
      [
       37.6095654,
       55.7900704
      ],
      [
       37.6096506,
       55.7900619
      ],
      [
       37.6097378,
       55.7900383
      ],
      [
       37.6098047,
       55.7900029
      ],
      [
       37.6098508,
       55.7899583
      ],
      [
       37.6098723,
       55.7899081
      ],
      [
       37.6098735,
       55.78987
      ]
     ],
     [
      [
       37.6098735,
       55.78987
      ],
      [
       37.6098906,
       55.7893398
      ],
      [
       37.6099015,
       55.7889999
      ],
      [
       37.6099071,
       55.7888267
      ],
      [
       37.6099146,
       55.7885958
      ],
      [
       37.6099177,
       55.788498
      ]
     ],
     [
      [
       37.6099177,
       55.788498
      ],
      [
       37.6099182,
       55.7884933
      ],
      [
       37.6099195,
       55.7884802
      ],
      [
       37.609921,
       55.7884693
      ],
      [
       37.6099208,
       55.7884583
      ],
      [
       37.6099189,
       55.7884474
      ],
      [
       37.6099153,
       55.7884366
      ],
      [
       37.6099101,
       55.7884261
      ],
      [
       37.6099032,
       55.7884158
      ]
     ],
     [
      [
       37.6099032,
       55.7884158
      ],
      [
       37.6098996,
       55.788408
      ],
      [
       37.6098195,
       55.7882335
      ],
      [
       37.6097751,
       55.7881336
      ]
     ],
     [
      [
       37.6097751,
       55.7881336
      ],
      [
       37.609749,
       55.7880723
      ],
      [
       37.6097375,
       55.7880509
      ],
      [
       37.6097256,
       55.7880335
      ],
      [
       37.6097162,
       55.7880214
      ],
      [
       37.6097064,
       55.7880099
      ],
      [
       37.6096868,
       55.7879905
      ]
     ],
     [
      [
       37.6096868,
       55.7879905
      ],
      [
       37.609252,
       55.7875751
      ],
      [
       37.6091999,
       55.787525
      ],
      [
       37.6090542,
       55.7873851
      ],
      [
       37.608968,
       55.7873023
      ],
      [
       37.6087697,
       55.7871119
      ],
      [
       37.6087193,
       55.7870635
      ],
      [
       37.6084436,
       55.7867988
      ],
      [
       37.6079661,
       55.7863403
      ],
      [
       37.6078786,
       55.786255
      ],
      [
       37.6076879,
       55.786069
      ],
      [
       37.6073554,
       55.7857483
      ],
      [
       37.6071833,
       55.7855822
      ]
     ],
     [
      [
       37.6071833,
       55.7855822
      ],
      [
       37.6070452,
       55.7854488
      ],
      [
       37.6068768,
       55.7853042
      ],
      [
       37.6066209,
       55.785128
      ]
     ],
     [
      [
       37.6066209,
       55.785128
      ],
      [
       37.606203,
       55.7848402
      ]
     ],
     [
      [
       37.606203,
       55.7848402
      ],
      [
       37.6061776,
       55.7848209
      ],
      [
       37.6061543,
       55.7848022
      ],
      [
       37.6061325,
       55.7847705
      ],
      [
       37.6061321,
       55.7847692
      ],
      [
       37.606123,
       55.7847423
      ],
      [
       37.6061185,
       55.7847153
      ],
      [
       37.6061197,
       55.7846988
      ],
      [
       37.6061204,
       55.7846881
      ],
      [
       37.6061287,
       55.7846614
      ],
      [
       37.6061407,
       55.7846396
      ],
      [
       37.6061586,
       55.7846167
      ],
      [
       37.6061804,
       55.7845962
      ]
     ],
     [
      [
       37.6061804,
       55.7845962
      ],
      [
       37.6062423,
       55.7845717
      ],
      [
       37.6063504,
       55.784535
      ],
      [
       37.6067847,
       55.7843814
      ],
      [
       37.6069101,
       55.7843377
      ],
      [
       37.6070325,
       55.784295
      ]
     ],
     [
      [
       37.6070325,
       55.784295
      ],
      [
       37.6070904,
       55.7842754
      ],
      [
       37.6072554,
       55.7842173
      ],
      [
       37.6078922,
       55.783998
      ],
      [
       37.6080427,
       55.7839467
      ],
      [
       37.6082777,
       55.7838651
      ],
      [
       37.6087219,
       55.7837108
      ],
      [
       37.6088822,
       55.7836551
      ],
      [
       37.6093144,
       55.783505
      ],
      [
       37.6097269,
       55.7833731
      ],
      [
       37.6099448,
       55.7833076
      ],
      [
       37.6104435,
       55.783144
      ],
      [
       37.610732,
       55.7830475
      ]
     ],
     [
      [
       37.610732,
       55.7830475
      ],
      [
       37.6108026,
       55.7830239
      ],
      [
       37.6108782,
       55.7829986
      ],
      [
       37.6109303,
       55.7829747
      ],
      [
       37.6109644,
       55.7829476
      ],
      [
       37.6109693,
       55.7829438
      ],
      [
       37.6109955,
       55.7829088
      ],
      [
       37.6109922,
       55.782874
      ],
      [
       37.6109596,
       55.7828301
      ],
      [
       37.6109108,
       55.7827843
      ],
      [
       37.6108797,
       55.7827554
      ]
     ],
     [
      [
       37.6108797,
       55.7827554
      ],
      [
       37.6104982,
       55.7824013
      ],
      [
       37.6099774,
       55.7819093
      ],
      [
       37.609915,
       55.7818503
      ],
      [
       37.6095471,
       55.7815028
      ],
      [
       37.6091909,
       55.7811663
      ],
      [
       37.6091499,
       55.7811304
      ],
      [
       37.6090804,
       55.7810694
      ],
      [
       37.6090367,
       55.781031
      ],
      [
       37.6089595,
       55.780963
      ]
     ],
     [
      [
       37.6089595,
       55.780963
      ],
      [
       37.6088102,
       55.7808314
      ],
      [
       37.6088077,
       55.7808302
      ],
      [
       37.6087936,
       55.7808076
      ],
      [
       37.6087857,
       55.7807731
      ],
      [
       37.6087885,
       55.7807451
      ],
      [
       37.6087916,
       55.7807142
      ],
      [
       37.6088252,
       55.7806719
      ],
      [
       37.6088587,
       55.7806342
      ],
      [
       37.6089023,
       55.7805852
      ]
     ],
     [
      [
       37.6089023,
       55.7805852
      ],
      [
       37.6090071,
       55.7805129
      ],
      [
       37.6092681,
       55.7803762
      ],
      [
       37.6093076,
       55.7803595
      ],
      [
       37.6093551,
       55.7803428
      ],
      [
       37.6096457,
       55.7802683
      ],
      [
       37.609766,
       55.7802426
      ]
     ],
     [
      [
       37.609766,
       55.7802426
      ],
      [
       37.6101461,
       55.7801613
      ],
      [
       37.6103571,
       55.7801187
      ],
      [
       37.6110506,
       55.7799785
      ],
      [
       37.6117144,
       55.779853
      ],
      [
       37.6118997,
       55.779818
      ],
      [
       37.6120382,
       55.7797928
      ]
     ],
     [
      [
       37.6120382,
       55.7797928
      ],
      [
       37.6122269,
       55.7797585
      ],
      [
       37.6122971,
       55.7797457
      ],
      [
       37.6123238,
       55.7797382
      ],
      [
       37.6123604,
       55.7797279
      ],
      [
       37.6124236,
       55.7797068
      ],
      [
       37.6126727,
       55.779609
      ],
      [
       37.612735,
       55.7795722
      ]
     ],
     [
      [
       37.612735,
       55.7795722
      ],
      [
       37.6128558,
       55.7795009
      ],
      [
       37.6131548,
       55.7793426
      ]
     ],
     [
      [
       37.6131548,
       55.7793426
      ],
      [
       37.6132481,
       55.7792932
      ],
      [
       37.6133188,
       55.7792612
      ],
      [
       37.6134432,
       55.7792048
      ],
      [
       37.6134502,
       55.7792017
      ],
      [
       37.6135976,
       55.7791573
      ],
      [
       37.6136336,
       55.7791464
      ],
      [
       37.6140236,
       55.7790573
      ],
      [
       37.61418,
       55.7790287
      ]
     ],
     [
      [
       37.61418,
       55.7790287
      ],
      [
       37.6150373,
       55.7788717
      ],
      [
       37.6162051,
       55.7786579
      ],
      [
       37.6162845,
       55.7786434
      ],
      [
       37.6162948,
       55.7786415
      ],
      [
       37.6169873,
       55.778521
      ]
     ],
     [
      [
       37.6169873,
       55.778521
      ],
      [
       37.6172905,
       55.7784683
      ],
      [
       37.6173334,
       55.7784613
      ],
      [
       37.617382,
       55.7784551
      ],
      [
       37.6174276,
       55.7784507
      ],
      [
       37.6174763,
       55.7784483
      ],
      [
       37.6174853,
       55.7784484
      ],
      [
       37.6175227,
       55.778449
      ],
      [
       37.617568,
       55.7784514
      ],
      [
       37.6176146,
       55.7784541
      ],
      [
       37.617657,
       55.7784584
      ]
     ],
     [
      [
       37.617657,
       55.7784584
      ],
      [
       37.6177945,
       55.778473
      ],
      [
       37.6179936,
       55.7784947
      ],
      [
       37.6180778,
       55.7785038
      ]
     ],
     [
      [
       37.6180778,
       55.7785038
      ],
      [
       37.6182015,
       55.7785173
      ],
      [
       37.6182551,
       55.7785246
      ],
      [
       37.6183052,
       55.7785349
      ],
      [
       37.6183551,
       55.7785475
      ],
      [
       37.6183941,
       55.7785593
      ],
      [
       37.618438,
       55.7785748
      ],
      [
       37.6184784,
       55.7785917
      ],
      [
       37.618521,
       55.778614
      ],
      [
       37.6185514,
       55.7786312
      ],
      [
       37.6186189,
       55.7786786
      ]
     ],
     [
      [
       37.6186189,
       55.7786786
      ],
      [
       37.6192666,
       55.7791334
      ],
      [
       37.6197426,
       55.7794679
      ],
      [
       37.6199591,
       55.7796195
      ],
      [
       37.6201266,
       55.7797367
      ]
     ],
     [
      [
       37.6201266,
       55.7797367
      ],
      [
       37.6202064,
       55.7797926
      ],
      [
       37.6202437,
       55.7798181
      ],
      [
       37.6202807,
       55.7798382
      ],
      [
       37.6203131,
       55.7798537
      ],
      [
       37.6203522,
       55.7798677
      ],
      [
       37.620394,
       55.7798789
      ],
      [
       37.6204401,
       55.7798879
      ],
      [
       37.6204928,
       55.7798952
      ],
      [
       37.6205426,
       55.7798977
      ],
      [
       37.6205903,
       55.7798959
      ],
      [
       37.6206383,
       55.7798902
      ],
      [
       37.6206553,
       55.7798868
      ],
      [
       37.6206848,
       55.7798803
      ],
      [
       37.6207297,
       55.7798668
      ],
      [
       37.6208131,
       55.7798341
      ]
     ],
     [
      [
       37.6208131,
       55.7798341
      ],
      [
       37.6212062,
       55.7796802
      ],
      [
       37.6213433,
       55.7796269
      ],
      [
       37.6214112,
       55.7796003
      ]
     ],
     [
      [
       37.6214112,
       55.7796003
      ],
      [
       37.6215483,
       55.7795467
      ],
      [
       37.6216381,
       55.7795146
      ],
      [
       37.6217554,
       55.7794726
      ],
      [
       37.6218662,
       55.7794369
      ]
     ],
     [
      [
       37.6218662,
       55.7794369
      ],
      [
       37.6221271,
       55.7793529
      ],
      [
       37.6223073,
       55.7792967
      ],
      [
       37.6223836,
       55.7792729
      ]
     ],
     [
      [
       37.6223836,
       55.7792729
      ],
      [
       37.6224599,
       55.7792491
      ],
      [
       37.6226469,
       55.7791928
      ],
      [
       37.6226733,
       55.7791853
      ],
      [
       37.6228008,
       55.7791526
      ],
      [
       37.6232604,
       55.77905
      ],
      [
       37.6232957,
       55.7790421
      ],
      [
       37.6236121,
       55.7789714
      ],
      [
       37.623722,
       55.7789502
      ]
     ],
     [
      [
       37.623722,
       55.7789502
      ],
      [
       37.6253697,
       55.7786332
      ],
      [
       37.6258843,
       55.7785272
      ]
     ],
     [
      [
       37.6258843,
       55.7785272
      ],
      [
       37.626263,
       55.7784491
      ],
      [
       37.626653,
       55.778381
      ],
      [
       37.626923,
       55.7783462
      ],
      [
       37.6271921,
       55.7783213
      ],
      [
       37.6274376,
       55.7783078
      ]
     ],
     [
      [
       37.6274376,
       55.7783078
      ],
      [
       37.6278115,
       55.7783021
      ],
      [
       37.6280967,
       55.7783037
      ],
      [
       37.6282281,
       55.7783055
      ]
     ],
     [
      [
       37.6282281,
       55.7783055
      ],
      [
       37.6286886,
       55.778312
      ],
      [
       37.6290301,
       55.7783107
      ],
      [
       37.6291978,
       55.7783117
      ]
     ],
     [
      [
       37.6291978,
       55.7783117
      ],
      [
       37.6295795,
       55.7783127
      ],
      [
       37.630198,
       55.7783142
      ]
     ],
     [
      [
       37.630198,
       55.7783142
      ],
      [
       37.6303719,
       55.7783146
      ],
      [
       37.6304532,
       55.778319
      ],
      [
       37.6304983,
       55.7783214
      ],
      [
       37.6305495,
       55.7783281
      ],
      [
       37.6306069,
       55.7783438
      ],
      [
       37.6306836,
       55.7783809
      ],
      [
       37.6307147,
       55.7784148
      ],
      [
       37.6307301,
       55.7784526
      ],
      [
       37.630742,
       55.7785037
      ],
      [
       37.6307545,
       55.7785727
      ]
     ],
     [
      [
       37.6307545,
       55.7785727
      ],
      [
       37.6307785,
       55.7787056
      ],
      [
       37.630905,
       55.7792951
      ]
     ],
     [
      [
       37.630905,
       55.7792951
      ],
      [
       37.6309552,
       55.7795239
      ],
      [
       37.6310081,
       55.7797089
      ]
     ],
     [
      [
       37.6310081,
       55.7797089
      ],
      [
       37.6310278,
       55.7797779
      ],
      [
       37.6310709,
       55.7799284
      ],
      [
       37.6311496,
       55.7801777
      ],
      [
       37.6312114,
       55.7803737
      ],
      [
       37.6312297,
       55.7804316
      ]
     ],
     [
      [
       37.6312297,
       55.7804316
      ],
      [
       37.6312901,
       55.7805668
      ],
      [
       37.631305,
       55.7805947
      ],
      [
       37.6313237,
       55.7806221
      ],
      [
       37.6313571,
       55.7806519
      ],
      [
       37.6313932,
       55.7806722
      ],
      [
       37.6314262,
       55.7806885
      ],
      [
       37.631479,
       55.78071
      ],
      [
       37.6315641,
       55.7807273
      ],
      [
       37.6316687,
       55.7807386
      ],
      [
       37.6317573,
       55.7807363
      ],
      [
       37.6318176,
       55.780728
      ],
      [
       37.6319681,
       55.7806941
      ]
     ],
     [
      [
       37.6319681,
       55.7806941
      ],
      [
       37.6323751,
       55.7806137
      ],
      [
       37.6325804,
       55.7805731
      ],
      [
       37.6326634,
       55.7805557
      ],
      [
       37.6327642,
       55.7805414
      ],
      [
       37.6329058,
       55.780524
      ],
      [
       37.6329792,
       55.7805212
      ]
     ],
     [
      [
       37.6329792,
       55.7805212
      ],
      [
       37.6331338,
       55.7805127
      ],
      [
       37.6333494,
       55.7805044
      ],
      [
       37.6335623,
       55.7804938
      ],
      [
       37.6338087,
       55.780467
      ]
     ],
     [
      [
       37.6338087,
       55.780467
      ],
      [
       37.6340281,
       55.7804441
      ],
      [
       37.6343838,
       55.7804065
      ],
      [
       37.6345895,
       55.7803842
      ],
      [
       37.6354905,
       55.7802896
      ],
      [
       37.6360936,
       55.7802257
      ],
      [
       37.636662,
       55.7801656
      ],
      [
       37.6373059,
       55.7800975
      ],
      [
       37.6377345,
       55.780053
      ],
      [
       37.6378826,
       55.7800376
      ],
      [
       37.6386487,
       55.779958
      ],
      [
       37.6393925,
       55.7798808
      ],
      [
       37.6399804,
       55.7798197
      ],
      [
       37.640142,
       55.7798034
      ],
      [
       37.6410095,
       55.779716
      ]
     ],
     [
      [
       37.6410095,
       55.779716
      ],
      [
       37.6411303,
       55.7797038
      ],
      [
       37.6412808,
       55.77969
      ],
      [
       37.6413777,
       55.7796835
      ],
      [
       37.6414773,
       55.7796809
      ],
      [
       37.6415937,
       55.7796816
      ]
     ],
     [
      [
       37.6415937,
       55.7796816
      ],
      [
       37.6420429,
       55.7796845
      ],
      [
       37.6425735,
       55.7796879
      ]
     ],
     [
      [
       37.6425735,
       55.7796879
      ],
      [
       37.6427682,
       55.7796891
      ],
      [
       37.6432031,
       55.7796924
      ],
      [
       37.6436736,
       55.7796967
      ]
     ],
     [
      [
       37.6436736,
       55.7796967
      ],
      [
       37.6438522,
       55.7797003
      ],
      [
       37.6438806,
       55.7797029
      ],
      [
       37.6442966,
       55.7797257
      ],
      [
       37.6446469,
       55.7797562
      ],
      [
       37.6447184,
       55.7797548
      ],
      [
       37.6447868,
       55.7797446
      ],
      [
       37.6448531,
       55.7797249
      ],
      [
       37.6449746,
       55.7796553
      ],
      [
       37.6451089,
       55.7795658
      ]
     ],
     [
      [
       37.6451089,
       55.7795658
      ],
      [
       37.6454248,
       55.7793525
      ],
      [
       37.6462029,
       55.7788392
      ],
      [
       37.6468192,
       55.7784159
      ],
      [
       37.6474561,
       55.7780046
      ],
      [
       37.6482815,
       55.7774643
      ]
     ],
     [
      [
       37.6482815,
       55.7774643
      ],
      [
       37.6483987,
       55.7773436
      ],
      [
       37.6485342,
       55.7771852
      ]
     ],
     [
      [
       37.6485342,
       55.7771852
      ],
      [
       37.6488774,
       55.776783
      ],
      [
       37.648938,
       55.7767094
      ]
     ],
     [
      [
       37.648938,
       55.7767094
      ],
      [
       37.6489841,
       55.7766534
      ],
      [
       37.649116,
       55.7765297
      ],
      [
       37.6492685,
       55.776428
      ]
     ],
     [
      [
       37.6492685,
       55.776428
      ],
      [
       37.6494671,
       55.7763164
      ]
     ],
     [
      [
       37.6494671,
       55.7763164
      ],
      [
       37.6499433,
       55.7760354
      ],
      [
       37.6499903,
       55.7760051
      ],
      [
       37.650312,
       55.7757977
      ]
     ],
     [
      [
       37.650312,
       55.7757977
      ],
      [
       37.6509312,
       55.775398
      ]
     ],
     [
      [
       37.6509312,
       55.775398
      ],
      [
       37.6515504,
       55.774998
      ],
      [
       37.6515719,
       55.7749836
      ],
      [
       37.6516902,
       55.774915
      ],
      [
       37.6519487,
       55.7747522
      ]
     ],
     [
      [
       37.6519487,
       55.7747522
      ],
      [
       37.6520218,
       55.7747077
      ],
      [
       37.6520825,
       55.7746635
      ],
      [
       37.6521499,
       55.774626
      ],
      [
       37.6522449,
       55.7745809
      ]
     ],
     [
      [
       37.6522449,
       55.7745809
      ],
      [
       37.6523697,
       55.7745402
      ],
      [
       37.6524302,
       55.7745205
      ],
      [
       37.6524628,
       55.7745117
      ],
      [
       37.652505,
       55.7745061
      ],
      [
       37.6525601,
       55.7745026
      ],
      [
       37.6525992,
       55.7745019
      ],
      [
       37.6526396,
       55.7745021
      ],
      [
       37.6526788,
       55.7745068
      ],
      [
       37.6527059,
       55.7745129
      ],
      [
       37.6527642,
       55.7745261
      ]
     ],
     [
      [
       37.6527642,
       55.7745261
      ],
      [
       37.6531564,
       55.7746318
      ],
      [
       37.6534709,
       55.7747166
      ],
      [
       37.6535406,
       55.7747375
      ],
      [
       37.6535735,
       55.7747468
      ],
      [
       37.6535972,
       55.7747545
      ],
      [
       37.6536345,
       55.7747671
      ],
      [
       37.6536742,
       55.774783
      ],
      [
       37.6537532,
       55.774816
      ],
      [
       37.65415,
       55.7749717
      ],
      [
       37.6542459,
       55.7750072
      ],
      [
       37.6543269,
       55.775033
      ],
      [
       37.6544287,
       55.7750585
      ],
      [
       37.6545323,
       55.7750804
      ]
     ],
     [
      [
       37.6545323,
       55.7750804
      ],
      [
       37.6555161,
       55.7752772
      ],
      [
       37.6559629,
       55.7753652
      ],
      [
       37.6563258,
       55.7754366
      ]
     ],
     [
      [
       37.6563258,
       55.7754366
      ],
      [
       37.656694,
       55.7755189
      ],
      [
       37.6568149,
       55.7755489
      ],
      [
       37.6569258,
       55.7755832
      ],
      [
       37.6570293,
       55.7756166
      ],
      [
       37.6571822,
       55.7756678
      ]
     ],
     [
      [
       37.6571822,
       55.7756678
      ],
      [
       37.6580484,
       55.7759528
      ]
     ],
     [
      [
       37.6580484,
       55.7759528
      ],
      [
       37.6581743,
       55.7759943
      ],
      [
       37.6582244,
       55.7760122
      ],
      [
       37.6582648,
       55.7760266
      ],
      [
       37.6585745,
       55.7761348
      ],
      [
       37.6586353,
       55.7761609
      ],
      [
       37.6588416,
       55.7762494
      ]
     ],
     [
      [
       37.6588416,
       55.7762494
      ],
      [
       37.6591658,
       55.7763895
      ],
      [
       37.660574,
       55.7770418
      ],
      [
       37.6626511,
       55.7779896
      ],
      [
       37.6629725,
       55.7781394
      ]
     ],
     [
      [
       37.6629725,
       55.7781394
      ],
      [
       37.663188,
       55.7782398
      ],
      [
       37.6637992,
       55.7785
      ],
      [
       37.6640543,
       55.778602
      ]
     ],
     [
      [
       37.6640543,
       55.778602
      ],
      [
       37.6646604,
       55.7788442
      ],
      [
       37.665607,
       55.7792274
      ],
      [
       37.6657882,
       55.7792991
      ],
      [
       37.6658061,
       55.7793074
      ]
     ],
     [
      [
       37.6658061,
       55.7793074
      ],
      [
       37.6658462,
       55.7793191
      ],
      [
       37.6658879,
       55.7793289
      ],
      [
       37.6659309,
       55.7793367
      ],
      [
       37.665975,
       55.7793424
      ],
      [
       37.6660197,
       55.779346
      ],
      [
       37.6660648,
       55.7793474
      ],
      [
       37.666133,
       55.7793463
      ],
      [
       37.6661753,
       55.7793423
      ],
      [
       37.6662178,
       55.7793364
      ],
      [
       37.6662656,
       55.7793278
      ],
      [
       37.6663274,
       55.7793134
      ],
      [
       37.6663559,
       55.7793072
      ],
      [
       37.6663966,
       55.7792961
      ],
      [
       37.6664354,
       55.7792831
      ],
      [
       37.6664722,
       55.7792683
      ]
     ],
     [
      [
       37.6664722,
       55.7792683
      ],
      [
       37.6669072,
       55.7789857
      ],
      [
       37.6672448,
       55.7787659
      ],
      [
       37.6674796,
       55.7786204
      ]
     ],
     [
      [
       37.6674796,
       55.7786204
      ],
      [
       37.6677144,
       55.7784749
      ],
      [
       37.6678512,
       55.7783847
      ]
     ],
     [
      [
       37.6678512,
       55.7783847
      ],
      [
       37.6688413,
       55.777625
      ]
     ],
     [
      [
       37.6688413,
       55.777625
      ],
      [
       37.6692393,
       55.7773131
      ],
      [
       37.6693229,
       55.777236
      ],
      [
       37.6694054,
       55.7771502
      ],
      [
       37.6696542,
       55.7769117
      ],
      [
       37.6699352,
       55.7766865
      ]
     ],
     [
      [
       37.6699352,
       55.7766865
      ],
      [
       37.6706318,
       55.7761598
      ]
     ],
     [
      [
       37.6706318,
       55.7761598
      ],
      [
       37.6706917,
       55.7761145
      ],
      [
       37.6707524,
       55.77608
      ],
      [
       37.6708025,
       55.7760608
      ],
      [
       37.6708734,
       55.7760403
      ],
      [
       37.6709817,
       55.7760291
      ],
      [
       37.6710501,
       55.7760318
      ],
      [
       37.6711093,
       55.7760394
      ],
      [
       37.6711435,
       55.7760474
      ],
      [
       37.671197,
       55.7760601
      ],
      [
       37.6712919,
       55.7761017
      ]
     ],
     [
      [
       37.6712919,
       55.7761017
      ],
      [
       37.6715657,
       55.7762217
      ],
      [
       37.6728987,
       55.7768125
      ],
      [
       37.6730739,
       55.7768909
      ]
     ],
     [
      [
       37.6730739,
       55.7768909
      ],
      [
       37.6731698,
       55.7769339
      ],
      [
       37.6734315,
       55.7770619
      ],
      [
       37.6735399,
       55.777121
      ]
     ],
     [
      [
       37.6735399,
       55.777121
      ],
      [
       37.6737599,
       55.7772414
      ],
      [
       37.6738401,
       55.777271
      ],
      [
       37.6739333,
       55.7772839
      ],
      [
       37.6740556,
       55.7772767
      ],
      [
       37.6740643,
       55.7772744
      ],
      [
       37.6741315,
       55.777246
      ],
      [
       37.6744308,
       55.7770999
      ]
     ],
     [
      [
       37.6744308,
       55.7770999
      ],
      [
       37.6747736,
       55.7769325
      ],
      [
       37.6753724,
       55.7766394
      ],
      [
       37.6754964,
       55.7765781
      ],
      [
       37.6756834,
       55.7764872
      ],
      [
       37.6771641,
       55.7757624
      ],
      [
       37.6774834,
       55.7755852
      ]
     ],
     [
      [
       37.6774834,
       55.7755852
      ],
      [
       37.6775922,
       55.7755248
      ],
      [
       37.6776624,
       55.7754859
      ],
      [
       37.6777095,
       55.7754499
      ],
      [
       37.6777409,
       55.775409
      ],
      [
       37.6777527,
       55.7753801
      ],
      [
       37.6777649,
       55.7753504
      ],
      [
       37.6777957,
       55.7752275
      ]
     ],
     [
      [
       37.6777957,
       55.7752275
      ],
      [
       37.6778539,
       55.7749951
      ],
      [
       37.6778854,
       55.7748913
      ],
      [
       37.6778943,
       55.774862
      ],
      [
       37.6779731,
       55.7745357
      ],
      [
       37.6779947,
       55.7744634
      ],
      [
       37.6780169,
       55.774389
      ]
     ],
     [
      [
       37.6780169,
       55.774389
      ],
      [
       37.6780659,
       55.7742064
      ],
      [
       37.6781464,
       55.7739431
      ],
      [
       37.6782622,
       55.7735779
      ],
      [
       37.6783642,
       55.7732163
      ],
      [
       37.6783765,
       55.7731735
      ],
      [
       37.6783946,
       55.7731095
      ],
      [
       37.6784159,
       55.7730278
      ],
      [
       37.6784561,
       55.7728699
      ],
      [
       37.6785273,
       55.7725615
      ],
      [
       37.678581,
       55.7723321
      ],
      [
       37.6786617,
       55.7719874
      ],
      [
       37.678709,
       55.7717855
      ],
      [
       37.6788179,
       55.7712891
      ],
      [
       37.6788451,
       55.7711786
      ],
      [
       37.6788668,
       55.7710953
      ],
      [
       37.6788766,
       55.771057
      ],
      [
       37.6791084,
       55.7701614
      ],
      [
       37.6791842,
       55.7698686
      ],
      [
       37.6792,
       55.7698049
      ],
      [
       37.6792026,
       55.7697946
      ],
      [
       37.6792925,
       55.7694194
      ],
      [
       37.6793595,
       55.7691394
      ],
      [
       37.6793917,
       55.7689903
      ],
      [
       37.679472,
       55.768621
      ],
      [
       37.6794889,
       55.7685446
      ],
      [
       37.6796164,
       55.7678948
      ],
      [
       37.6797567,
       55.7671523
      ],
      [
       37.679791,
       55.766971
      ],
      [
       37.6798835,
       55.7664074
      ],
      [
       37.6798883,
       55.7663796
      ],
      [
       37.6799584,
       55.7659554
      ],
      [
       37.680003,
       55.7656992
      ],
      [
       37.6800298,
       55.7655456
      ],
      [
       37.6800492,
       55.7654376
      ],
      [
       37.6802153,
       55.7644427
      ],
      [
       37.6802263,
       55.7643567
      ],
      [
       37.680257,
       55.7641138
      ]
     ],
     [
      [
       37.680257,
       55.7641138
      ],
      [
       37.6802672,
       55.7640329
      ],
      [
       37.6802714,
       55.7639266
      ],
      [
       37.6802481,
       55.7637535
      ],
      [
       37.6801142,
       55.7632695
      ]
     ],
     [
      [
       37.6801142,
       55.7632695
      ],
      [
       37.6801031,
       55.7631974
      ],
      [
       37.6801016,
       55.7631716
      ],
      [
       37.6801097,
       55.7631455
      ],
      [
       37.6801098,
       55.7631451
      ],
      [
       37.6801304,
       55.7631051
      ],
      [
       37.68015,
       55.7630796
      ],
      [
       37.680178,
       55.7630536
      ],
      [
       37.680219,
       55.7630299
      ],
      [
       37.6802792,
       55.7630063
      ],
      [
       37.6803695,
       55.7629825
      ],
      [
       37.6804068,
       55.7629726
      ]
     ],
     [
      [
       37.6804068,
       55.7629726
      ],
      [
       37.6810666,
       55.7629179
      ],
      [
       37.6815409,
       55.7628785
      ],
      [
       37.6818751,
       55.7628499
      ],
      [
       37.6833551,
       55.7627233
      ]
     ],
     [
      [
       37.6833551,
       55.7627233
      ],
      [
       37.6835465,
       55.7627041
      ],
      [
       37.6837439,
       55.7626802
      ],
      [
       37.6838057,
       55.7626692
      ],
      [
       37.6838924,
       55.7626539
      ],
      [
       37.684001,
       55.7626338
      ],
      [
       37.6841115,
       55.7626057
      ],
      [
       37.6844701,
       55.7624846
      ]
     ],
     [
      [
       37.6844701,
       55.7624846
      ],
      [
       37.6862502,
       55.761847
      ]
     ],
     [
      [
       37.6862502,
       55.761847
      ],
      [
       37.6866129,
       55.7617172
      ]
     ],
     [
      [
       37.6866129,
       55.7617172
      ],
      [
       37.6867098,
       55.7616848
      ],
      [
       37.6870398,
       55.7615743
      ],
      [
       37.6871575,
       55.7615349
      ]
     ],
     [
      [
       37.6871575,
       55.7615349
      ],
      [
       37.6878231,
       55.7612778
      ],
      [
       37.688202,
       55.76114
      ],
      [
       37.690132,
       55.7604521
      ],
      [
       37.6913592,
       55.7600086
      ],
      [
       37.6927803,
       55.7594995
      ],
      [
       37.6938077,
       55.7591494
      ],
      [
       37.6939749,
       55.7590931
      ],
      [
       37.6942592,
       55.7589967
      ],
      [
       37.6948388,
       55.7588011
      ],
      [
       37.6949228,
       55.7587729
      ],
      [
       37.6956552,
       55.7585276
      ],
      [
       37.6990594,
       55.757399
      ],
      [
       37.6992461,
       55.7573364
      ],
      [
       37.699389,
       55.7572884
      ],
      [
       37.699614,
       55.7572129
      ],
      [
       37.6999584,
       55.7570973
      ],
      [
       37.7000346,
       55.7570728
      ],
      [
       37.7016701,
       55.7565374
      ],
      [
       37.7061639,
       55.7550665
      ],
      [
       37.7065661,
       55.7549321
      ]
     ],
     [
      [
       37.7065661,
       55.7549321
      ],
      [
       37.7068734,
       55.7548295
      ],
      [
       37.707971,
       55.7544512
      ]
     ],
     [
      [
       37.707971,
       55.7544512
      ],
      [
       37.7081652,
       55.7543931
      ],
      [
       37.7093839,
       55.7539647
      ],
      [
       37.7104201,
       55.7535932
      ],
      [
       37.7106459,
       55.7535122
      ],
      [
       37.7115871,
       55.7531961
      ],
      [
       37.7117665,
       55.7531457
      ]
     ],
     [
      [
       37.7117665,
       55.7531457
      ],
      [
       37.7119113,
       55.7530835
      ],
      [
       37.7120014,
       55.7530396
      ],
      [
       37.7120486,
       55.7529901
      ],
      [
       37.7120886,
       55.7529453
      ],
      [
       37.7121207,
       55.7528995
      ],
      [
       37.7121817,
       55.7527986
      ]
     ],
     [
      [
       37.7121817,
       55.7527986
      ],
      [
       37.7124031,
       55.7523998
      ],
      [
       37.7127769,
       55.7517968
      ],
      [
       37.7130022,
       55.7514294
      ],
      [
       37.7130765,
       55.7513081
      ],
      [
       37.7131463,
       55.7511791
      ]
     ],
     [
      [
       37.7131463,
       55.7511791
      ],
      [
       37.7132057,
       55.7511295
      ],
      [
       37.7132179,
       55.7511193
      ],
      [
       37.7132792,
       55.7510832
      ],
      [
       37.7133449,
       55.7510504
      ],
      [
       37.7134301,
       55.7510223
      ],
      [
       37.7135121,
       55.7510083
      ],
      [
       37.7135414,
       55.7510101
      ],
      [
       37.713637,
       55.7510112
      ]
     ],
     [
      [
       37.713637,
       55.7510112
      ],
      [
       37.7140255,
       55.7510833
      ],
      [
       37.7147113,
       55.7512088
      ]
     ],
     [
      [
       37.7147113,
       55.7512088
      ],
      [
       37.7148484,
       55.7512384
      ],
      [
       37.714955,
       55.7512632
      ],
      [
       37.7150657,
       55.7512956
      ],
      [
       37.7153664,
       55.7513852
      ],
      [
       37.7154966,
       55.7514219
      ],
      [
       37.7156068,
       55.7514492
      ],
      [
       37.7157486,
       55.7514804
      ]
     ],
     [
      [
       37.7157486,
       55.7514804
      ],
      [
       37.7161454,
       55.7515552
      ],
      [
       37.7165064,
       55.7516209
      ]
     ],
     [
      [
       37.7165064,
       55.7516209
      ],
      [
       37.7166372,
       55.7516434
      ],
      [
       37.7167302,
       55.7516575
      ],
      [
       37.7168358,
       55.7516703
      ],
      [
       37.7170769,
       55.7516957
      ],
      [
       37.7171221,
       55.7517011
      ],
      [
       37.7171725,
       55.7517071
      ],
      [
       37.7172519,
       55.7517183
      ],
      [
       37.71735,
       55.7517341
      ],
      [
       37.7175758,
       55.7517742
      ]
     ],
     [
      [
       37.7175758,
       55.7517742
      ],
      [
       37.7177345,
       55.7518105
      ]
     ],
     [
      [
       37.7177345,
       55.7518105
      ],
      [
       37.7190742,
       55.7520827
      ],
      [
       37.7194489,
       55.7521559
      ]
     ],
     [
      [
       37.7194489,
       55.7521559
      ],
      [
       37.7203255,
       55.7523273
      ],
      [
       37.7215273,
       55.7525622
      ]
     ],
     [
      [
       37.7215273,
       55.7525622
      ],
      [
       37.7217603,
       55.752606
      ]
     ],
     [
      [
       37.7217603,
       55.752606
      ],
      [
       37.7219975,
       55.7526508
      ],
      [
       37.7237671,
       55.7529882
      ]
     ]
    ]
   },
   "properties": {
    "kind": "track",
    "route": 50,
    "direction_id": 1,
    "from": "Метро «Новослободская»",
    "to": "Дом культуры «Компрессор»",
    "osm_relation_id": 1538170
   }
  },
  {
   "type": "Feature",
   "geometry": {
    "type": "Point",
    "coordinates": [
     37.6044974,
     55.7788865
    ]
   },
   "properties": {
    "kind": "stop",
    "route": 50,
    "direction_id": 1,
    "from": "Метро «Новослободская»",
    "to": "Дом культуры «Компрессор»",
    "osm_relation_id": 1538170,
    "stop_sequence": 1,
    "stop_name": "Метро «Новослободская»",
    "osm_node_id": 3016750433
   }
  },
  {
   "type": "Feature",
   "geometry": {
    "type": "Point",
    "coordinates": [
     37.6021809,
     55.7799775
    ]
   },
   "properties": {
    "kind": "stop",
    "route": 50,
    "direction_id": 1,
    "from": "Метро «Новослободская»",
    "to": "Дом культуры «Компрессор»",
    "osm_relation_id": 1538170,
    "stop_sequence": 2,
    "stop_name": "Метро «Новослободская»",
    "osm_node_id": 3016750453
   }
  },
  {
   "type": "Feature",
   "geometry": {
    "type": "Point",
    "coordinates": [
     37.6016908,
     55.7822532
    ]
   },
   "properties": {
    "kind": "stop",
    "route": 50,
    "direction_id": 1,
    "from": "Метро «Новослободская»",
    "to": "Дом культуры «Компрессор»",
    "osm_relation_id": 1538170,
    "stop_sequence": 3,
    "stop_name": "Метро «Менделеевская»",
    "osm_node_id": 679350543
   }
  },
  {
   "type": "Feature",
   "geometry": {
    "type": "Point",
    "coordinates": [
     37.6015668,
     55.7856552
    ]
   },
   "properties": {
    "kind": "stop",
    "route": 50,
    "direction_id": 1,
    "from": "Метро «Новослободская»",
    "to": "Дом культуры «Компрессор»",
    "osm_relation_id": 1538170,
    "stop_sequence": 4,
    "stop_name": "Улица Палиха",
    "osm_node_id": 2631470110
   }
  },
  {
   "type": "Feature",
   "geometry": {
    "type": "Point",
    "coordinates": [
     37.6007055,
     55.7876989
    ]
   },
   "properties": {
    "kind": "stop",
    "route": 50,
    "direction_id": 1,
    "from": "Метро «Новослободская»",
    "to": "Дом культуры «Компрессор»",
    "osm_relation_id": 1538170,
    "stop_sequence": 5,
    "stop_name": "Тихвинский переулок",
    "osm_node_id": 2631470111
   }
  },
  {
   "type": "Feature",
   "geometry": {
    "type": "Point",
    "coordinates": [
     37.6025232,
     55.7895582
    ]
   },
   "properties": {
    "kind": "stop",
    "route": 50,
    "direction_id": 1,
    "from": "Метро «Новослободская»",
    "to": "Дом культуры «Компрессор»",
    "osm_relation_id": 1538170,
    "stop_sequence": 6,
    "stop_name": "Минаевский переулок",
    "osm_node_id": 4291992590
   }
  },
  {
   "type": "Feature",
   "geometry": {
    "type": "Point",
    "coordinates": [
     37.6050345,
     55.7897464
    ]
   },
   "properties": {
    "kind": "stop",
    "route": 50,
    "direction_id": 1,
    "from": "Метро «Новослободская»",
    "to": "Дом культуры «Компрессор»",
    "osm_relation_id": 1538170,
    "stop_sequence": 7,
    "stop_name": "Дворец культуры МИИТ",
    "osm_node_id": 2631470095
   }
  },
  {
   "type": "Feature",
   "geometry": {
    "type": "Point",
    "coordinates": [
     37.6088081,
     55.7900162
    ]
   },
   "properties": {
    "kind": "stop",
    "route": 50,
    "direction_id": 1,
    "from": "Метро «Новослободская»",
    "to": "Дом культуры «Компрессор»",
    "osm_relation_id": 1538170,
    "stop_sequence": 8,
    "stop_name": "Улица Образцова",
    "osm_node_id": 2631470113
   }
  },
  {
   "type": "Feature",
   "geometry": {
    "type": "Point",
    "coordinates": [
     37.6099015,
     55.7889999
    ]
   },
   "properties": {
    "kind": "stop",
    "route": 50,
    "direction_id": 1,
    "from": "Метро «Новослободская»",
    "to": "Дом культуры «Компрессор»",
    "osm_relation_id": 1538170,
    "stop_sequence": 9,
    "stop_name": "МИИТ",
    "osm_node_id": 13388798128
   }
  },
  {
   "type": "Feature",
   "geometry": {
    "type": "Point",
    "coordinates": [
     37.6090542,
     55.7873851
    ]
   },
   "properties": {
    "kind": "stop",
    "route": 50,
    "direction_id": 1,
    "from": "Метро «Новослободская»",
    "to": "Дом культуры «Компрессор»",
    "osm_relation_id": 1538170,
    "stop_sequence": 10,
    "stop_name": "Главный корпус МИИТ",
    "osm_node_id": 2631470105
   }
  },
  {
   "type": "Feature",
   "geometry": {
    "type": "Point",
    "coordinates": [
     37.6069101,
     55.7843377
    ]
   },
   "properties": {
    "kind": "stop",
    "route": 50,
    "direction_id": 1,
    "from": "Метро «Новослободская»",
    "to": "Дом культуры «Компрессор»",
    "osm_relation_id": 1538170,
    "stop_sequence": 11,
    "stop_name": "Площадь Борьбы",
    "osm_node_id": 12464935104
   }
  },
  {
   "type": "Feature",
   "geometry": {
    "type": "Point",
    "coordinates": [
     37.6104435,
     55.783144
    ]
   },
   "properties": {
    "kind": "stop",
    "route": 50,
    "direction_id": 1,
    "from": "Метро «Новослободская»",
    "to": "Дом культуры «Компрессор»",
    "osm_relation_id": 1538170,
    "stop_sequence": 12,
    "stop_name": "Улица Достоевского",
    "osm_node_id": 3007312924
   }
  },
  {
   "type": "Feature",
   "geometry": {
    "type": "Point",
    "coordinates": [
     37.6091909,
     55.7811663
    ]
   },
   "properties": {
    "kind": "stop",
    "route": 50,
    "direction_id": 1,
    "from": "Метро «Новослободская»",
    "to": "Дом культуры «Компрессор»",
    "osm_relation_id": 1538170,
    "stop_sequence": 13,
    "stop_name": "Селезнёвская улица",
    "osm_node_id": 3016721033
   }
  },
  {
   "type": "Feature",
   "geometry": {
    "type": "Point",
    "coordinates": [
     37.6128558,
     55.7795009
    ]
   },
   "properties": {
    "kind": "stop",
    "route": 50,
    "direction_id": 1,
    "from": "Метро «Новослободская»",
    "to": "Дом культуры «Компрессор»",
    "osm_relation_id": 1538170,
    "stop_sequence": 14,
    "stop_name": "4-й Самотёчный переулок",
    "osm_node_id": 473120396
   }
  },
  {
   "type": "Feature",
   "geometry": {
    "type": "Point",
    "coordinates": [
     37.6169873,
     55.778521
    ]
   },
   "properties": {
    "kind": "stop",
    "route": 50,
    "direction_id": 1,
    "from": "Метро «Новослободская»",
    "to": "Дом культуры «Компрессор»",
    "osm_relation_id": 1538170,
    "stop_sequence": 15,
    "stop_name": "Самотёчная улица",
    "osm_node_id": 473120397
   }
  },
  {
   "type": "Feature",
   "geometry": {
    "type": "Point",
    "coordinates": [
     37.6232957,
     55.7790421
    ]
   },
   "properties": {
    "kind": "stop",
    "route": 50,
    "direction_id": 1,
    "from": "Метро «Новослободская»",
    "to": "Дом культуры «Компрессор»",
    "osm_relation_id": 1538170,
    "stop_sequence": 16,
    "stop_name": "Театр зверей имени Дурова",
    "osm_node_id": 3016214896
   }
  },
  {
   "type": "Feature",
   "geometry": {
    "type": "Point",
    "coordinates": [
     37.6286886,
     55.778312
    ]
   },
   "properties": {
    "kind": "stop",
    "route": 50,
    "direction_id": 1,
    "from": "Метро «Новослободская»",
    "to": "Дом культуры «Компрессор»",
    "osm_relation_id": 1538170,
    "stop_sequence": 17,
    "stop_name": "Улица Щепкина",
    "osm_node_id": 473120399
   }
  },
  {
   "type": "Feature",
   "geometry": {
    "type": "Point",
    "coordinates": [
     37.630905,
     55.7792951
    ]
   },
   "properties": {
    "kind": "stop",
    "route": 50,
    "direction_id": 1,
    "from": "Метро «Новослободская»",
    "to": "Дом культуры «Компрессор»",
    "osm_relation_id": 1538170,
    "stop_sequence": 18,
    "stop_name": "Улица Гиляровского",
    "osm_node_id": 473120400
   }
  },
  {
   "type": "Feature",
   "geometry": {
    "type": "Point",
    "coordinates": [
     37.6323751,
     55.7806137
    ]
   },
   "properties": {
    "kind": "stop",
    "route": 50,
    "direction_id": 1,
    "from": "Метро «Новослободская»",
    "to": "Дом культуры «Компрессор»",
    "osm_relation_id": 1538170,
    "stop_sequence": 19,
    "stop_name": "Спорткомплекс «Олимпийский»",
    "osm_node_id": 4656724435
   }
  },
  {
   "type": "Feature",
   "geometry": {
    "type": "Point",
    "coordinates": [
     37.6343838,
     55.7804065
    ]
   },
   "properties": {
    "kind": "stop",
    "route": 50,
    "direction_id": 1,
    "from": "Метро «Новослободская»",
    "to": "Дом культуры «Компрессор»",
    "osm_relation_id": 1538170,
    "stop_sequence": 20,
    "stop_name": "Метро «Проспект Мира»",
    "osm_node_id": 473120401
   }
  },
  {
   "type": "Feature",
   "geometry": {
    "type": "Point",
    "coordinates": [
     37.6399804,
     55.7798197
    ]
   },
   "properties": {
    "kind": "stop",
    "route": 50,
    "direction_id": 1,
    "from": "Метро «Новослободская»",
    "to": "Дом культуры «Компрессор»",
    "osm_relation_id": 1538170,
    "stop_sequence": 21,
    "stop_name": "Ботанический переулок",
    "osm_node_id": 473120402
   }
  },
  {
   "type": "Feature",
   "geometry": {
    "type": "Point",
    "coordinates": [
     37.6420429,
     55.7796845
    ]
   },
   "properties": {
    "kind": "stop",
    "route": 50,
    "direction_id": 1,
    "from": "Метро «Новослободская»",
    "to": "Дом культуры «Компрессор»",
    "osm_relation_id": 1538170,
    "stop_sequence": 22,
    "stop_name": "Астраханский переулок",
    "osm_node_id": 4291989484
   }
  },
  {
   "type": "Feature",
   "geometry": {
    "type": "Point",
    "coordinates": [
     37.6454248,
     55.7793525
    ]
   },
   "properties": {
    "kind": "stop",
    "route": 50,
    "direction_id": 1,
    "from": "Метро «Новослободская»",
    "to": "Дом культуры «Компрессор»",
    "osm_relation_id": 1538170,
    "stop_sequence": 23,
    "stop_name": "Пантелеевская улица",
    "osm_node_id": 473120404
   }
  },
  {
   "type": "Feature",
   "geometry": {
    "type": "Point",
    "coordinates": [
     37.650312,
     55.7757977
    ]
   },
   "properties": {
    "kind": "stop",
    "route": 50,
    "direction_id": 1,
    "from": "Метро «Новослободская»",
    "to": "Дом культуры «Компрессор»",
    "osm_relation_id": 1538170,
    "stop_sequence": 24,
    "stop_name": "Каланчёвская улица",
    "osm_node_id": 11987259526
   }
  },
  {
   "type": "Feature",
   "geometry": {
    "type": "Point",
    "coordinates": [
     37.6531564,
     55.7746318
    ]
   },
   "properties": {
    "kind": "stop",
    "route": 50,
    "direction_id": 1,
    "from": "Метро «Новослободская»",
    "to": "Дом культуры «Компрессор»",
    "osm_relation_id": 1538170,
    "stop_sequence": 25,
    "stop_name": "МЦД Площадь трёх вокзалов",
    "osm_node_id": 13134322144
   }
  },
  {
   "type": "Feature",
   "geometry": {
    "type": "Point",
    "coordinates": [
     37.6555161,
     55.7752772
    ]
   },
   "properties": {
    "kind": "stop",
    "route": 50,
    "direction_id": 1,
    "from": "Метро «Новослободская»",
    "to": "Дом культуры «Компрессор»",
    "osm_relation_id": 1538170,
    "stop_sequence": 26,
    "stop_name": "Метро «Комсомольская»",
    "osm_node_id": 471943151
   }
  },
  {
   "type": "Feature",
   "geometry": {
    "type": "Point",
    "coordinates": [
     37.665607,
     55.7792274
    ]
   },
   "properties": {
    "kind": "stop",
    "route": 50,
    "direction_id": 1,
    "from": "Метро «Новослободская»",
    "to": "Дом культуры «Компрессор»",
    "osm_relation_id": 1538170,
    "stop_sequence": 27,
    "stop_name": "Метро «Красносельская»",
    "osm_node_id": 471943152
   }
  },
  {
   "type": "Feature",
   "geometry": {
    "type": "Point",
    "coordinates": [
     37.6669072,
     55.7789857
    ]
   },
   "properties": {
    "kind": "stop",
    "route": 50,
    "direction_id": 1,
    "from": "Метро «Новослободская»",
    "to": "Дом культуры «Компрессор»",
    "osm_relation_id": 1538170,
    "stop_sequence": 28,
    "stop_name": "Нижняя Красносельская улица",
    "osm_node_id": 2358271808
   }
  },
  {
   "type": "Feature",
   "geometry": {
    "type": "Point",
    "coordinates": [
     37.6699352,
     55.7766865
    ]
   },
   "properties": {
    "kind": "stop",
    "route": 50,
    "direction_id": 1,
    "from": "Метро «Новослободская»",
    "to": "Дом культуры «Компрессор»",
    "osm_relation_id": 1538170,
    "stop_sequence": 29,
    "stop_name": "Ольховская улица",
    "osm_node_id": 2358271810
   }
  },
  {
   "type": "Feature",
   "geometry": {
    "type": "Point",
    "coordinates": [
     37.6735399,
     55.777121
    ]
   },
   "properties": {
    "kind": "stop",
    "route": 50,
    "direction_id": 1,
    "from": "Метро «Новослободская»",
    "to": "Дом культуры «Компрессор»",
    "osm_relation_id": 1538170,
    "stop_sequence": 30,
    "stop_name": "Поликлиника",
    "osm_node_id": 2358271812
   }
  },
  {
   "type": "Feature",
   "geometry": {
    "type": "Point",
    "coordinates": [
     37.6777957,
     55.7752275
    ]
   },
   "properties": {
    "kind": "stop",
    "route": 50,
    "direction_id": 1,
    "from": "Метро «Новослободская»",
    "to": "Дом культуры «Компрессор»",
    "osm_relation_id": 1538170,
    "stop_sequence": 31,
    "stop_name": "Басманный двор",
    "osm_node_id": 2360708029
   }
  },
  {
   "type": "Feature",
   "geometry": {
    "type": "Point",
    "coordinates": [
     37.6785273,
     55.7725615
    ]
   },
   "properties": {
    "kind": "stop",
    "route": 50,
    "direction_id": 1,
    "from": "Метро «Новослободская»",
    "to": "Дом культуры «Компрессор»",
    "osm_relation_id": 1538170,
    "stop_sequence": 32,
    "stop_name": "Метро «Бауманская»",
    "osm_node_id": 2360708036
   }
  },
  {
   "type": "Feature",
   "geometry": {
    "type": "Point",
    "coordinates": [
     37.6793595,
     55.7691394
    ]
   },
   "properties": {
    "kind": "stop",
    "route": 50,
    "direction_id": 1,
    "from": "Метро «Новослободская»",
    "to": "Дом культуры «Компрессор»",
    "osm_relation_id": 1538170,
    "stop_sequence": 33,
    "stop_name": "Аптекарский переулок",
    "osm_node_id": 2360708027
   }
  },
  {
   "type": "Feature",
   "geometry": {
    "type": "Point",
    "coordinates": [
     37.680003,
     55.7656992
    ]
   },
   "properties": {
    "kind": "stop",
    "route": 50,
    "direction_id": 1,
    "from": "Метро «Новослободская»",
    "to": "Дом культуры «Компрессор»",
    "osm_relation_id": 1538170,
    "stop_sequence": 34,
    "stop_name": "МГТУ имени Баумана",
    "osm_node_id": 2360708032
   }
  },
  {
   "type": "Feature",
   "geometry": {
    "type": "Point",
    "coordinates": [
     37.6815409,
     55.7628785
    ]
   },
   "properties": {
    "kind": "stop",
    "route": 50,
    "direction_id": 1,
    "from": "Метро «Новослободская»",
    "to": "Дом культуры «Компрессор»",
    "osm_relation_id": 1538170,
    "stop_sequence": 35,
    "stop_name": "Лефортовская набережная",
    "osm_node_id": 2360761234
   }
  },
  {
   "type": "Feature",
   "geometry": {
    "type": "Point",
    "coordinates": [
     37.688202,
     55.76114
    ]
   },
   "properties": {
    "kind": "stop",
    "route": 50,
    "direction_id": 1,
    "from": "Метро «Новослободская»",
    "to": "Дом культуры «Компрессор»",
    "osm_relation_id": 1538170,
    "stop_sequence": 36,
    "stop_name": "Лефортовский мост",
    "osm_node_id": 1507754582
   }
  },
  {
   "type": "Feature",
   "geometry": {
    "type": "Point",
    "coordinates": [
     37.6949228,
     55.7587729
    ]
   },
   "properties": {
    "kind": "stop",
    "route": 50,
    "direction_id": 1,
    "from": "Метро «Новослободская»",
    "to": "Дом культуры «Компрессор»",
    "osm_relation_id": 1538170,
    "stop_sequence": 37,
    "stop_name": "1-й Краснокурсантский проезд",
    "osm_node_id": 1507754858
   }
  },
  {
   "type": "Feature",
   "geometry": {
    "type": "Point",
    "coordinates": [
     37.699614,
     55.7572129
    ]
   },
   "properties": {
    "kind": "stop",
    "route": 50,
    "direction_id": 1,
    "from": "Метро «Новослободская»",
    "to": "Дом культуры «Компрессор»",
    "osm_relation_id": 1538170,
    "stop_sequence": 38,
    "stop_name": "Улица Лефортовский Вал",
    "osm_node_id": 1507754577
   }
  },
  {
   "type": "Feature",
   "geometry": {
    "type": "Point",
    "coordinates": [
     37.707971,
     55.7544512
    ]
   },
   "properties": {
    "kind": "stop",
    "route": 50,
    "direction_id": 1,
    "from": "Метро «Новослободская»",
    "to": "Дом культуры «Компрессор»",
    "osm_relation_id": 1538170,
    "stop_sequence": 39,
    "stop_name": "МЭИ",
    "osm_node_id": 1507754592
   }
  },
  {
   "type": "Feature",
   "geometry": {
    "type": "Point",
    "coordinates": [
     37.7161454,
     55.7515552
    ]
   },
   "properties": {
    "kind": "stop",
    "route": 50,
    "direction_id": 1,
    "from": "Метро «Новослободская»",
    "to": "Дом культуры «Компрессор»",
    "osm_relation_id": 1538170,
    "stop_sequence": 40,
    "stop_name": "Метро «Авиамоторная»",
    "osm_node_id": 250722843
   }
  },
  {
   "type": "Feature",
   "geometry": {
    "type": "Point",
    "coordinates": [
     37.7203255,
     55.7523273
    ]
   },
   "properties": {
    "kind": "stop",
    "route": 50,
    "direction_id": 1,
    "from": "Метро «Новослободская»",
    "to": "Дом культуры «Компрессор»",
    "osm_relation_id": 1538170,
    "stop_sequence": 41,
    "stop_name": "Метро «Авиамоторная»",
    "osm_node_id": 7618078828
   }
  },
  {
   "type": "Feature",
   "geometry": {
    "type": "Point",
    "coordinates": [
     37.7237671,
     55.7529882
    ]
   },
   "properties": {
    "kind": "stop",
    "route": 50,
    "direction_id": 1,
    "from": "Метро «Новослободская»",
    "to": "Дом культуры «Компрессор»",
    "osm_relation_id": 1538170,
    "stop_sequence": 42,
    "stop_name": "Дом культуры «Компрессор»",
    "osm_node_id": 695081254
   }
  }
 ]
}