{
 "type": "FeatureCollection",
 "metadata": {
  "sources": {
   "справочник": "dataset/spravochniki/10_routes.xlsx",
   "OSM": "dataset/external/osm_missing_routes.geojson"
  },
  "license_osm": "ODbL, © участники OpenStreetMap"
 },
 "features": [
  {
   "type": "Feature",
   "geometry": {
    "type": "Point",
    "coordinates": [
     37.59088377,
     55.59468022
    ]
   },
   "properties": {
    "route": 1,
    "direction_id": 0,
    "stop_sequence": 1,
    "stop_id": "sprav:2594",
    "stop_name": "Чертаново Южное",
    "source": "справочник",
    "source_date": "2025-10-11",
    "direction_name": "Чертаново Южное — Москворецкий рынок"
   }
  },
  {
   "type": "Feature",
   "geometry": {
    "type": "Point",
    "coordinates": [
     37.58807507,
     55.59657683
    ]
   },
   "properties": {
    "route": 1,
    "direction_id": 0,
    "stop_sequence": 2,
    "stop_id": "sprav:2595",
    "stop_name": "Чертаново Южное",
    "source": "справочник",
    "source_date": "2025-10-11",
    "direction_name": "Чертаново Южное — Москворецкий рынок"
   }
  },
  {
   "type": "Feature",
   "geometry": {
    "type": "Point",
    "coordinates": [
     37.58852605,
     55.59872098
    ]
   },
   "properties": {
    "route": 1,
    "direction_id": 0,
    "stop_sequence": 3,
    "stop_id": "sprav:7879",
    "stop_name": "Поликлиника",
    "source": "справочник",
    "source_date": "2025-10-11",
    "direction_name": "Чертаново Южное — Москворецкий рынок"
   }
  },
  {
   "type": "Feature",
   "geometry": {
    "type": "Point",
    "coordinates": [
     37.58896473,
     55.60048714
    ]
   },
   "properties": {
    "route": 1,
    "direction_id": 0,
    "stop_sequence": 4,
    "stop_id": "sprav:2597",
    "stop_name": "ОВД \"Чертаново Южное\"",
    "source": "справочник",
    "source_date": "2025-10-11",
    "direction_name": "Чертаново Южное — Москворецкий рынок"
   }
  },
  {
   "type": "Feature",
   "geometry": {
    "type": "Point",
    "coordinates": [
     37.58945246,
     55.60246308
    ]
   },
   "properties": {
    "route": 1,
    "direction_id": 0,
    "stop_sequence": 5,
    "stop_id": "sprav:3804",
    "stop_name": "Чертановская улица, 53",
    "source": "справочник",
    "source_date": "2025-10-11",
    "direction_name": "Чертаново Южное — Москворецкий рынок"
   }
  },
  {
   "type": "Feature",
   "geometry": {
    "type": "Point",
    "coordinates": [
     37.5903004,
     55.60611312
    ]
   },
   "properties": {
    "route": 1,
    "direction_id": 0,
    "stop_sequence": 6,
    "stop_id": "sprav:7880",
    "stop_name": "Кировоградские пруды",
    "source": "справочник",
    "source_date": "2025-10-11",
    "direction_name": "Чертаново Южное — Москворецкий рынок"
   }
  },
  {
   "type": "Feature",
   "geometry": {
    "type": "Point",
    "coordinates": [
     37.59102749,
     55.60899713
    ]
   },
   "properties": {
    "route": 1,
    "direction_id": 0,
    "stop_sequence": 7,
    "stop_id": "sprav:2598",
    "stop_name": "Чертановская улица, 44",
    "source": "справочник",
    "source_date": "2025-10-11",
    "direction_name": "Чертаново Южное — Москворецкий рынок"
   }
  },
  {
   "type": "Feature",
   "geometry": {
    "type": "Point",
    "coordinates": [
     37.59215968,
     55.61351128
    ]
   },
   "properties": {
    "route": 1,
    "direction_id": 0,
    "stop_sequence": 8,
    "stop_id": "sprav:2599",
    "stop_name": "Чертаново Центральное",
    "source": "справочник",
    "source_date": "2025-10-11",
    "direction_name": "Чертаново Южное — Москворецкий рынок"
   }
  },
  {
   "type": "Feature",
   "geometry": {
    "type": "Point",
    "coordinates": [
     37.59299208,
     55.61623051
    ]
   },
   "properties": {
    "route": 1,
    "direction_id": 0,
    "stop_sequence": 9,
    "stop_id": "sprav:2600",
    "stop_name": "Детская стоматологическая поликлиника",
    "source": "справочник",
    "source_date": "2025-10-11",
    "direction_name": "Чертаново Южное — Москворецкий рынок"
   }
  },
  {
   "type": "Feature",
   "geometry": {
    "type": "Point",
    "coordinates": [
     37.59394526,
     55.61949019
    ]
   },
   "properties": {
    "route": 1,
    "direction_id": 0,
    "stop_sequence": 10,
    "stop_id": "sprav:3805",
    "stop_name": "Чертановская улица, 28",
    "source": "справочник",
    "source_date": "2025-10-11",
    "direction_name": "Чертаново Южное — Москворецкий рынок"
   }
  },
  {
   "type": "Feature",
   "geometry": {
    "type": "Point",
    "coordinates": [
     37.59605983,
     55.62456713
    ]
   },
   "properties": {
    "route": 1,
    "direction_id": 0,
    "stop_sequence": 11,
    "stop_id": "sprav:7883",
    "stop_name": "Кинотеатр \"Ашхабад\"",
    "source": "справочник",
    "source_date": "2025-10-11",
    "direction_name": "Чертаново Южное — Москворецкий рынок"
   }
  },
  {
   "type": "Feature",
   "geometry": {
    "type": "Point",
    "coordinates": [
     37.59899743,
     55.62849035
    ]
   },
   "properties": {
    "route": 1,
    "direction_id": 0,
    "stop_sequence": 12,
    "stop_id": "sprav:2602",
    "stop_name": "Школьный парк",
    "source": "справочник",
    "source_date": "2025-10-11",
    "direction_name": "Чертаново Южное — Москворецкий рынок"
   }
  },
  {
   "type": "Feature",
   "geometry": {
    "type": "Point",
    "coordinates": [
     37.60102877,
     55.63118209
    ]
   },
   "properties": {
    "route": 1,
    "direction_id": 0,
    "stop_sequence": 13,
    "stop_id": "sprav:2603",
    "stop_name": "Футбольная школа Чертаново",
    "source": "справочник",
    "source_date": "2025-10-11",
    "direction_name": "Чертаново Южное — Москворецкий рынок"
   }
  },
  {
   "type": "Feature",
   "geometry": {
    "type": "Point",
    "coordinates": [
     37.60393742,
     55.63486141
    ]
   },
   "properties": {
    "route": 1,
    "direction_id": 0,
    "stop_sequence": 14,
    "stop_id": "sprav:2604",
    "stop_name": "Сумской проезд",
    "source": "справочник",
    "source_date": "2025-10-11",
    "direction_name": "Чертаново Южное — Москворецкий рынок"
   }
  },
  {
   "type": "Feature",
   "geometry": {
    "type": "Point",
    "coordinates": [
     37.60526029,
     55.63774302
    ]
   },
   "properties": {
    "route": 1,
    "direction_id": 0,
    "stop_sequence": 15,
    "stop_id": "sprav:2605",
    "stop_name": "Верхний Чертановский пруд",
    "source": "справочник",
    "source_date": "2025-10-11",
    "direction_name": "Чертаново Южное — Москворецкий рынок"
   }
  },
  {
   "type": "Feature",
   "geometry": {
    "type": "Point",
    "coordinates": [
     37.60573152,
     55.64036325
    ]
   },
   "properties": {
    "route": 1,
    "direction_id": 0,
    "stop_sequence": 16,
    "stop_id": "sprav:2606",
    "stop_name": "Метро \"Чертановская\"",
    "source": "справочник",
    "source_date": "2025-10-11",
    "direction_name": "Чертаново Южное — Москворецкий рынок"
   }
  },
  {
   "type": "Feature",
   "geometry": {
    "type": "Point",
    "coordinates": [
     37.60569728,
     55.64306927
    ]
   },
   "properties": {
    "route": 1,
    "direction_id": 0,
    "stop_sequence": 17,
    "stop_id": "sprav:2607",
    "stop_name": "Балаклавский проспект",
    "source": "справочник",
    "source_date": "2025-10-11",
    "direction_name": "Чертаново Южное — Москворецкий рынок"
   }
  },
  {
   "type": "Feature",
   "geometry": {
    "type": "Point",
    "coordinates": [
     37.60565615,
     55.6451741
    ]
   },
   "properties": {
    "route": 1,
    "direction_id": 0,
    "stop_sequence": 18,
    "stop_id": "sprav:2608",
    "stop_name": "Черноморский бульвар",
    "source": "справочник",
    "source_date": "2025-10-11",
    "direction_name": "Чертаново Южное — Москворецкий рынок"
   }
  },
  {
   "type": "Feature",
   "geometry": {
    "type": "Point",
    "coordinates": [
     37.60557104,
     55.64941433
    ]
   },
   "properties": {
    "route": 1,
    "direction_id": 0,
    "stop_sequence": 19,
    "stop_id": "sprav:2609",
    "stop_name": "Симферопольский бульвар, 20",
    "source": "справочник",
    "source_date": "2025-10-11",
    "direction_name": "Чертаново Южное — Москворецкий рынок"
   }
  },
  {
   "type": "Feature",
   "geometry": {
    "type": "Point",
    "coordinates": [
     37.60563747,
     55.65288042
    ]
   },
   "properties": {
    "route": 1,
    "direction_id": 0,
    "stop_sequence": 20,
    "stop_id": "sprav:2610",
    "stop_name": "Метро \"Каховская\"",
    "source": "справочник",
    "source_date": "2025-10-11",
    "direction_name": "Чертаново Южное — Москворецкий рынок"
   }
  },
  {
   "type": "Feature",
   "geometry": {
    "type": "Point",
    "coordinates": [
     37.60558607,
     55.65634537
    ]
   },
   "properties": {
    "route": 1,
    "direction_id": 0,
    "stop_sequence": 21,
    "stop_id": "sprav:2611",
    "stop_name": "Болотниковская улица",
    "source": "справочник",
    "source_date": "2025-10-11",
    "direction_name": "Чертаново Южное — Москворецкий рынок"
   }
  },
  {
   "type": "Feature",
   "geometry": {
    "type": "Point",
    "coordinates": [
     37.60862856,
     55.65841001
    ]
   },
   "properties": {
    "route": 1,
    "direction_id": 0,
    "stop_sequence": 22,
    "stop_id": "sprav:2612",
    "stop_name": "Москворецкий рынок",
    "source": "справочник",
    "source_date": "2025-10-11",
    "direction_name": "Чертаново Южное — Москворецкий рынок"
   }
  },
  {
   "type": "Feature",
   "geometry": {
    "type": "Point",
    "coordinates": [
     37.60862856,
     55.65841001
    ]
   },
   "properties": {
    "route": 1,
    "direction_id": 1,
    "stop_sequence": 1,
    "stop_id": "sprav:2612",
    "stop_name": "Москворецкий рынок",
    "source": "справочник",
    "source_date": "2025-10-11",
    "direction_name": "Москворецкий рынок — Чертаново Южное"
   }
  },
  {
   "type": "Feature",
   "geometry": {
    "type": "Point",
    "coordinates": [
     37.60520769,
     55.65619014
    ]
   },
   "properties": {
    "route": 1,
    "direction_id": 1,
    "stop_sequence": 2,
    "stop_id": "sprav:2613",
    "stop_name": "Болотниковская улица",
    "source": "справочник",
    "source_date": "2025-10-11",
    "direction_name": "Москворецкий рынок — Чертаново Южное"
   }
  },
  {
   "type": "Feature",
   "geometry": {
    "type": "Point",
    "coordinates": [
     37.60513109,
     55.65352634
    ]
   },
   "properties": {
    "route": 1,
    "direction_id": 1,
    "stop_sequence": 3,
    "stop_id": "sprav:2614",
    "stop_name": "Метро \"Каховская\"",
    "source": "справочник",
    "source_date": "2025-10-11",
    "direction_name": "Москворецкий рынок — Чертаново Южное"
   }
  },
  {
   "type": "Feature",
   "geometry": {
    "type": "Point",
    "coordinates": [
     37.60538678,
     55.64911174
    ]
   },
   "properties": {
    "route": 1,
    "direction_id": 1,
    "stop_sequence": 4,
    "stop_id": "sprav:2615",
    "stop_name": "Симферопольский бульвар, 20",
    "source": "справочник",
    "source_date": "2025-10-11",
    "direction_name": "Москворецкий рынок — Чертаново Южное"
   }
  },
  {
   "type": "Feature",
   "geometry": {
    "type": "Point",
    "coordinates": [
     37.60545188,
     55.64561675
    ]
   },
   "properties": {
    "route": 1,
    "direction_id": 1,
    "stop_sequence": 5,
    "stop_id": "sprav:2616",
    "stop_name": "Черноморский бульвар",
    "source": "справочник",
    "source_date": "2025-10-11",
    "direction_name": "Москворецкий рынок — Чертаново Южное"
   }
  },
  {
   "type": "Feature",
   "geometry": {
    "type": "Point",
    "coordinates": [
     37.6055104,
     55.64261869
    ]
   },
   "properties": {
    "route": 1,
    "direction_id": 1,
    "stop_sequence": 6,
    "stop_id": "sprav:2617",
    "stop_name": "Балаклавский проспект",
    "source": "справочник",
    "source_date": "2025-10-11",
    "direction_name": "Москворецкий рынок — Чертаново Южное"
   }
  },
  {
   "type": "Feature",
   "geometry": {
    "type": "Point",
    "coordinates": [
     37.60549058,
     55.64029108
    ]
   },
   "properties": {
    "route": 1,
    "direction_id": 1,
    "stop_sequence": 7,
    "stop_id": "sprav:2618",
    "stop_name": "Метро \"Чертановская\"",
    "source": "справочник",
    "source_date": "2025-10-11",
    "direction_name": "Москворецкий рынок — Чертаново Южное"
   }
  },
  {
   "type": "Feature",
   "geometry": {
    "type": "Point",
    "coordinates": [
     37.60508089,
     55.63783765
    ]
   },
   "properties": {
    "route": 1,
    "direction_id": 1,
    "stop_sequence": 8,
    "stop_id": "sprav:2619",
    "stop_name": "Верхний Чертановский пруд",
    "source": "справочник",
    "source_date": "2025-10-11",
    "direction_name": "Москворецкий рынок — Чертаново Южное"
   }
  },
  {
   "type": "Feature",
   "geometry": {
    "type": "Point",
    "coordinates": [
     37.60309472,
     55.6339017
    ]
   },
   "properties": {
    "route": 1,
    "direction_id": 1,
    "stop_sequence": 9,
    "stop_id": "sprav:2620",
    "stop_name": "Сумской проезд",
    "source": "справочник",
    "source_date": "2025-10-11",
    "direction_name": "Москворецкий рынок — Чертаново Южное"
   }
  },
  {
   "type": "Feature",
   "geometry": {
    "type": "Point",
    "coordinates": [
     37.60087457,
     55.63134129
    ]
   },
   "properties": {
    "route": 1,
    "direction_id": 1,
    "stop_sequence": 10,
    "stop_id": "sprav:2621",
    "stop_name": "Футбольная школа Чертаново",
    "source": "справочник",
    "source_date": "2025-10-11",
    "direction_name": "Москворецкий рынок — Чертаново Южное"
   }
  },
  {
   "type": "Feature",
   "geometry": {
    "type": "Point",
    "coordinates": [
     37.59842823,
     55.62872139
    ]
   },
   "properties": {
    "route": 1,
    "direction_id": 1,
    "stop_sequence": 11,
    "stop_id": "sprav:2622",
    "stop_name": "Школьный парк",
    "source": "справочник",
    "source_date": "2025-10-11",
    "direction_name": "Москворецкий рынок — Чертаново Южное"
   }
  },
  {
   "type": "Feature",
   "geometry": {
    "type": "Point",
    "coordinates": [
     37.59565143,
     55.62422888
    ]
   },
   "properties": {
    "route": 1,
    "direction_id": 1,
    "stop_sequence": 12,
    "stop_id": "sprav:2623",
    "stop_name": "Кинотеатр \"Ашхабад\"",
    "source": "справочник",
    "source_date": "2025-10-11",
    "direction_name": "Москворецкий рынок — Чертаново Южное"
   }
  },
  {
   "type": "Feature",
   "geometry": {
    "type": "Point",
    "coordinates": [
     37.5937583,
     55.61971205
    ]
   },
   "properties": {
    "route": 1,
    "direction_id": 1,
    "stop_sequence": 13,
    "stop_id": "sprav:3806",
    "stop_name": "Чертановская улица, 28",
    "source": "справочник",
    "source_date": "2025-10-11",
    "direction_name": "Москворецкий рынок — Чертаново Южное"
   }
  },
  {
   "type": "Feature",
   "geometry": {
    "type": "Point",
    "coordinates": [
     37.59277378,
     55.61639525
    ]
   },
   "properties": {
    "route": 1,
    "direction_id": 1,
    "stop_sequence": 14,
    "stop_id": "sprav:2625",
    "stop_name": "Детская стоматологическая поликлиника",
    "source": "справочник",
    "source_date": "2025-10-11",
    "direction_name": "Москворецкий рынок — Чертаново Южное"
   }
  },
  {
   "type": "Feature",
   "geometry": {
    "type": "Point",
    "coordinates": [
     37.59149031,
     55.6117993
    ]
   },
   "properties": {
    "route": 1,
    "direction_id": 1,
    "stop_sequence": 15,
    "stop_id": "sprav:2626",
    "stop_name": "Чертаново Центральное",
    "source": "справочник",
    "source_date": "2025-10-11",
    "direction_name": "Москворецкий рынок — Чертаново Южное"
   }
  },
  {
   "type": "Feature",
   "geometry": {
    "type": "Point",
    "coordinates": [
     37.59083221,
     55.60913901
    ]
   },
   "properties": {
    "route": 1,
    "direction_id": 1,
    "stop_sequence": 16,
    "stop_id": "sprav:7884",
    "stop_name": "Чертановская улица, 44",
    "source": "справочник",
    "source_date": "2025-10-11",
    "direction_name": "Москворецкий рынок — Чертаново Южное"
   }
  },
  {
   "type": "Feature",
   "geometry": {
    "type": "Point",
    "coordinates": [
     37.59010077,
     55.60600164
    ]
   },
   "properties": {
    "route": 1,
    "direction_id": 1,
    "stop_sequence": 17,
    "stop_id": "sprav:7885",
    "stop_name": "Кировоградские пруды",
    "source": "справочник",
    "source_date": "2025-10-11",
    "direction_name": "Москворецкий рынок — Чертаново Южное"
   }
  },
  {
   "type": "Feature",
   "geometry": {
    "type": "Point",
    "coordinates": [
     37.5892918,
     55.60254477
    ]
   },
   "properties": {
    "route": 1,
    "direction_id": 1,
    "stop_sequence": 18,
    "stop_id": "sprav:3807",
    "stop_name": "Чертановская улица, 53",
    "source": "справочник",
    "source_date": "2025-10-11",
    "direction_name": "Москворецкий рынок — Чертаново Южное"
   }
  },
  {
   "type": "Feature",
   "geometry": {
    "type": "Point",
    "coordinates": [
     37.5888636,
     55.60080494
    ]
   },
   "properties": {
    "route": 1,
    "direction_id": 1,
    "stop_sequence": 19,
    "stop_id": "sprav:2627",
    "stop_name": "ОВД \"Чертаново Южное\"",
    "source": "справочник",
    "source_date": "2025-10-11",
    "direction_name": "Москворецкий рынок — Чертаново Южное"
   }
  },
  {
   "type": "Feature",
   "geometry": {
    "type": "Point",
    "coordinates": [
     37.58842431,
     55.5989509
    ]
   },
   "properties": {
    "route": 1,
    "direction_id": 1,
    "stop_sequence": 20,
    "stop_id": "sprav:2596",
    "stop_name": "Поликлиника",
    "source": "справочник",
    "source_date": "2025-10-11",
    "direction_name": "Москворецкий рынок — Чертаново Южное"
   }
  },
  {
   "type": "Feature",
   "geometry": {
    "type": "Point",
    "coordinates": [
     37.58788823,
     55.59667811
    ]
   },
   "properties": {
    "route": 1,
    "direction_id": 1,
    "stop_sequence": 21,
    "stop_id": "sprav:2628",
    "stop_name": "Чертаново Южное",
    "source": "справочник",
    "source_date": "2025-10-11",
    "direction_name": "Москворецкий рынок — Чертаново Южное"
   }
  },
  {
   "type": "Feature",
   "geometry": {
    "type": "Point",
    "coordinates": [
     37.59088377,
     55.59468022
    ]
   },
   "properties": {
    "route": 1,
    "direction_id": 1,
    "stop_sequence": 22,
    "stop_id": "sprav:2594",
    "stop_name": "Чертаново Южное",
    "source": "справочник",
    "source_date": "2025-10-11",
    "direction_name": "Москворецкий рынок — Чертаново Южное"
   }
  },
  {
   "type": "Feature",
   "geometry": {
    "type": "Point",
    "coordinates": [
     37.63413048,
     55.79273918
    ]
   },
   "properties": {
    "route": 5,
    "direction_id": 0,
    "stop_sequence": 1,
    "stop_id": "sprav:22101",
    "stop_name": "Метро \"Рижская\"",
    "source": "справочник",
    "source_date": "2025-12-16",
    "direction_name": "Метро \"Рижская\" — Белорусский вокзал"
   }
  },
  {
   "type": "Feature",
   "geometry": {
    "type": "Point",
    "coordinates": [
     37.63267531,
     55.789966
    ]
   },
   "properties": {
    "route": 5,
    "direction_id": 0,
    "stop_sequence": 2,
    "stop_id": "sprav:22632",
    "stop_name": "Улица Гиляровского",
    "source": "справочник",
    "source_date": "2025-12-16",
    "direction_name": "Метро \"Рижская\" — Белорусский вокзал"
   }
  },
  {
   "type": "Feature",
   "geometry": {
    "type": "Point",
    "coordinates": [
     37.6296427,
     55.78904433
    ]
   },
   "properties": {
    "route": 5,
    "direction_id": 0,
    "stop_sequence": 3,
    "stop_id": "sprav:22631",
    "stop_name": "Улица Щепкина",
    "source": "справочник",
    "source_date": "2025-12-16",
    "direction_name": "Метро \"Рижская\" — Белорусский вокзал"
   }
  },
  {
   "type": "Feature",
   "geometry": {
    "type": "Point",
    "coordinates": [
     37.62320838,
     55.78875653
    ]
   },
   "properties": {
    "route": 5,
    "direction_id": 0,
    "stop_sequence": 4,
    "stop_id": "sprav:22629",
    "stop_name": "Олимпийский проспект",
    "source": "справочник",
    "source_date": "2025-12-16",
    "direction_name": "Метро \"Рижская\" — Белорусский вокзал"
   }
  },
  {
   "type": "Feature",
   "geometry": {
    "type": "Point",
    "coordinates": [
     37.61725226,
     55.78855199
    ]
   },
   "properties": {
    "route": 5,
    "direction_id": 0,
    "stop_sequence": 5,
    "stop_id": "sprav:22626",
    "stop_name": "Улица Советской Армии",
    "source": "справочник",
    "source_date": "2025-12-16",
    "direction_name": "Метро \"Рижская\" — Белорусский вокзал"
   }
  },
  {
   "type": "Feature",
   "geometry": {
    "type": "Point",
    "coordinates": [
     37.61010557,
     55.78888604
    ]
   },
   "properties": {
    "route": 5,
    "direction_id": 0,
    "stop_sequence": 6,
    "stop_id": "sprav:1000594",
    "stop_name": "МИИТ",
    "source": "справочник",
    "source_date": "2025-12-16",
    "direction_name": "Метро \"Рижская\" — Белорусский вокзал"
   }
  },
  {
   "type": "Feature",
   "geometry": {
    "type": "Point",
    "coordinates": [
     37.60892124,
     55.79009323
    ]
   },
   "properties": {
    "route": 5,
    "direction_id": 0,
    "stop_sequence": 7,
    "stop_id": "sprav:6289",
    "stop_name": "Улица Образцова",
    "source": "справочник",
    "source_date": "2025-12-16",
    "direction_name": "Метро \"Рижская\" — Белорусский вокзал"
   }
  },
  {
   "type": "Feature",
   "geometry": {
    "type": "Point",
    "coordinates": [
     37.60447266,
     55.78979413
    ]
   },
   "properties": {
    "route": 5,
    "direction_id": 0,
    "stop_sequence": 8,
    "stop_id": "sprav:6290",
    "stop_name": "Дворец культуры МИИТ",
    "source": "справочник",
    "source_date": "2025-12-16",
    "direction_name": "Метро \"Рижская\" — Белорусский вокзал"
   }
  },
  {
   "type": "Feature",
   "geometry": {
    "type": "Point",
    "coordinates": [
     37.60115188,
     55.7895382
    ]
   },
   "properties": {
    "route": 5,
    "direction_id": 0,
    "stop_sequence": 9,
    "stop_id": "sprav:6598",
    "stop_name": "Минаевский переулок",
    "source": "справочник",
    "source_date": "2025-12-16",
    "direction_name": "Метро \"Рижская\" — Белорусский вокзал"
   }
  },
  {
   "type": "Feature",
   "geometry": {
    "type": "Point",
    "coordinates": [
     37.60050042,
     55.78791637
    ]
   },
   "properties": {
    "route": 5,
    "direction_id": 0,
    "stop_sequence": 10,
    "stop_id": "sprav:10559",
    "stop_name": "Тихвинский переулок",
    "source": "справочник",
    "source_date": "2025-12-16",
    "direction_name": "Метро \"Рижская\" — Белорусский вокзал"
   }
  },
  {
   "type": "Feature",
   "geometry": {
    "type": "Point",
    "coordinates": [
     37.6006964,
     55.78482452
    ]
   },
   "properties": {
    "route": 5,
    "direction_id": 0,
    "stop_sequence": 11,
    "stop_id": "sprav:16606",
    "stop_name": "Улица Палиха",
    "source": "справочник",
    "source_date": "2025-12-16",
    "direction_name": "Метро \"Рижская\" — Белорусский вокзал"
   }
  },
  {
   "type": "Feature",
   "geometry": {
    "type": "Point",
    "coordinates": [
     37.59629689,
     55.78384494
    ]
   },
   "properties": {
    "route": 5,
    "direction_id": 0,
    "stop_sequence": 12,
    "stop_id": "sprav:16608",
    "stop_name": "Лесная улица",
    "source": "справочник",
    "source_date": "2025-12-16",
    "direction_name": "Метро \"Рижская\" — Белорусский вокзал"
   }
  },
  {
   "type": "Feature",
   "geometry": {
    "type": "Point",
    "coordinates": [
     37.59229699,
     55.78107394
    ]
   },
   "properties": {
    "route": 5,
    "direction_id": 0,
    "stop_sequence": 13,
    "stop_id": "sprav:16609",
    "stop_name": "Миусское депо",
    "source": "справочник",
    "source_date": "2025-12-16",
    "direction_name": "Метро \"Рижская\" — Белорусский вокзал"
   }
  },
  {
   "type": "Feature",
   "geometry": {
    "type": "Point",
    "coordinates": [
     37.58970088,
     55.77938614
    ]
   },
   "properties": {
    "route": 5,
    "direction_id": 0,
    "stop_sequence": 14,
    "stop_id": "sprav:16611",
    "stop_name": "Дом культуры имени Зуева",
    "source": "справочник",
    "source_date": "2025-12-16",
    "direction_name": "Метро \"Рижская\" — Белорусский вокзал"
   }
  },
  {
   "type": "Feature",
   "geometry": {
    "type": "Point",
    "coordinates": [
     37.58648288,
     55.77726964
    ]
   },
   "properties": {
    "route": 5,
    "direction_id": 0,
    "stop_sequence": 15,
    "stop_id": "sprav:16612",
    "stop_name": "Метро \"Белорусская\"",
    "source": "справочник",
    "source_date": "2025-12-16",
    "direction_name": "Метро \"Рижская\" — Белорусский вокзал"
   }
  },
  {
   "type": "Feature",
   "geometry": {
    "type": "Point",
    "coordinates": [
     37.58343516,
     55.77634643
    ]
   },
   "properties": {
    "route": 5,
    "direction_id": 0,
    "stop_sequence": 16,
    "stop_id": "sprav:1001795",
    "stop_name": "Белорусский вокзал",
    "source": "справочник",
    "source_date": "2025-12-16",
    "direction_name": "Метро \"Рижская\" — Белорусский вокзал"
   }
  },
  {
   "type": "Feature",
   "geometry": {
    "type": "Point",
    "coordinates": [
     37.58343516,
     55.77634643
    ]
   },
   "properties": {
    "route": 5,
    "direction_id": 1,
    "stop_sequence": 1,
    "stop_id": "sprav:1001795",
    "stop_name": "Белорусский вокзал",
    "source": "справочник",
    "source_date": "2025-12-16",
    "direction_name": "Белорусский вокзал — Метро \"Рижская\""
   }
  },
  {
   "type": "Feature",
   "geometry": {
    "type": "Point",
    "coordinates": [
     37.58669239,
     55.77714634
    ]
   },
   "properties": {
    "route": 5,
    "direction_id": 1,
    "stop_sequence": 2,
    "stop_id": "sprav:16614",
    "stop_name": "Метро \"Белорусская\"",
    "source": "справочник",
    "source_date": "2025-12-16",
    "direction_name": "Белорусский вокзал — Метро \"Рижская\""
   }
  },
  {
   "type": "Feature",
   "geometry": {
    "type": "Point",
    "coordinates": [
     37.58994928,
     55.77925154
    ]
   },
   "properties": {
    "route": 5,
    "direction_id": 1,
    "stop_sequence": 3,
    "stop_id": "sprav:1002779",
    "stop_name": "Дом культуры имени Зуева",
    "source": "справочник",
    "source_date": "2025-12-16",
    "direction_name": "Белорусский вокзал — Метро \"Рижская\""
   }
  },
  {
   "type": "Feature",
   "geometry": {
    "type": "Point",
    "coordinates": [
     37.59247197,
     55.78086451
    ]
   },
   "properties": {
    "route": 5,
    "direction_id": 1,
    "stop_sequence": 4,
    "stop_id": "sprav:16610",
    "stop_name": "Миусское депо",
    "source": "справочник",
    "source_date": "2025-12-16",
    "direction_name": "Белорусский вокзал — Метро \"Рижская\""
   }
  },
  {
   "type": "Feature",
   "geometry": {
    "type": "Point",
    "coordinates": [
     37.59664108,
     55.78370364
    ]
   },
   "properties": {
    "route": 5,
    "direction_id": 1,
    "stop_sequence": 5,
    "stop_id": "sprav:16607",
    "stop_name": "Лесная улица",
    "source": "справочник",
    "source_date": "2025-12-16",
    "direction_name": "Белорусский вокзал — Метро \"Рижская\""
   }
  },
  {
   "type": "Feature",
   "geometry": {
    "type": "Point",
    "coordinates": [
     37.60160559,
     55.78579101
    ]
   },
   "properties": {
    "route": 5,
    "direction_id": 1,
    "stop_sequence": 6,
    "stop_id": "sprav:21549",
    "stop_name": "Улица Палиха",
    "source": "справочник",
    "source_date": "2025-12-16",
    "direction_name": "Белорусский вокзал — Метро \"Рижская\""
   }
  },
  {
   "type": "Feature",
   "geometry": {
    "type": "Point",
    "coordinates": [
     37.60090453,
     55.7875859
    ]
   },
   "properties": {
    "route": 5,
    "direction_id": 1,
    "stop_sequence": 7,
    "stop_id": "sprav:10560",
    "stop_name": "Тихвинский переулок",
    "source": "справочник",
    "source_date": "2025-12-16",
    "direction_name": "Белорусский вокзал — Метро \"Рижская\""
   }
  },
  {
   "type": "Feature",
   "geometry": {
    "type": "Point",
    "coordinates": [
     37.60257556,
     55.78947323
    ]
   },
   "properties": {
    "route": 5,
    "direction_id": 1,
    "stop_sequence": 8,
    "stop_id": "sprav:6294",
    "stop_name": "Минаевский переулок",
    "source": "справочник",
    "source_date": "2025-12-16",
    "direction_name": "Белорусский вокзал — Метро \"Рижская\""
   }
  },
  {
   "type": "Feature",
   "geometry": {
    "type": "Point",
    "coordinates": [
     37.60493144,
     55.7896183
    ]
   },
   "properties": {
    "route": 5,
    "direction_id": 1,
    "stop_sequence": 9,
    "stop_id": "sprav:1000596",
    "stop_name": "Дворец культуры МИИТ",
    "source": "справочник",
    "source_date": "2025-12-16",
    "direction_name": "Белорусский вокзал — Метро \"Рижская\""
   }
  },
  {
   "type": "Feature",
   "geometry": {
    "type": "Point",
    "coordinates": [
     37.60909998,
     55.78993401
    ]
   },
   "properties": {
    "route": 5,
    "direction_id": 1,
    "stop_sequence": 10,
    "stop_id": "sprav:6295",
    "stop_name": "Улица Образцова",
    "source": "справочник",
    "source_date": "2025-12-16",
    "direction_name": "Белорусский вокзал — Метро \"Рижская\""
   }
  },
  {
   "type": "Feature",
   "geometry": {
    "type": "Point",
    "coordinates": [
     37.60980978,
     55.78904404
    ]
   },
   "properties": {
    "route": 5,
    "direction_id": 1,
    "stop_sequence": 11,
    "stop_id": "sprav:22621",
    "stop_name": "МИИТ",
    "source": "справочник",
    "source_date": "2025-12-16",
    "direction_name": "Белорусский вокзал — Метро \"Рижская\""
   }
  },
  {
   "type": "Feature",
   "geometry": {
    "type": "Point",
    "coordinates": [
     37.6160698,
     55.78844884
    ]
   },
   "properties": {
    "route": 5,
    "direction_id": 1,
    "stop_sequence": 12,
    "stop_id": "sprav:22627",
    "stop_name": "Улица Советской Армии",
    "source": "справочник",
    "source_date": "2025-12-16",
    "direction_name": "Белорусский вокзал — Метро \"Рижская\""
   }
  },
  {
   "type": "Feature",
   "geometry": {
    "type": "Point",
    "coordinates": [
     37.6217527,
     55.78866905
    ]
   },
   "properties": {
    "route": 5,
    "direction_id": 1,
    "stop_sequence": 13,
    "stop_id": "sprav:22628",
    "stop_name": "Олимпийский проспект",
    "source": "справочник",
    "source_date": "2025-12-16",
    "direction_name": "Белорусский вокзал — Метро \"Рижская\""
   }
  },
  {
   "type": "Feature",
   "geometry": {
    "type": "Point",
    "coordinates": [
     37.62820185,
     55.7888373
    ]
   },
   "properties": {
    "route": 5,
    "direction_id": 1,
    "stop_sequence": 14,
    "stop_id": "sprav:22630",
    "stop_name": "Улица Щепкина",
    "source": "справочник",
    "source_date": "2025-12-16",
    "direction_name": "Белорусский вокзал — Метро \"Рижская\""
   }
  },
  {
   "type": "Feature",
   "geometry": {
    "type": "Point",
    "coordinates": [
     37.63345573,
     55.79089476
    ]
   },
   "properties": {
    "route": 5,
    "direction_id": 1,
    "stop_sequence": 15,
    "stop_id": "sprav:22633",
    "stop_name": "Улица Гиляровского",
    "source": "справочник",
    "source_date": "2025-12-16",
    "direction_name": "Белорусский вокзал — Метро \"Рижская\""
   }
  },
  {
   "type": "Feature",
   "geometry": {
    "type": "Point",
    "coordinates": [
     37.63413048,
     55.79273918
    ]
   },
   "properties": {
    "route": 5,
    "direction_id": 1,
    "stop_sequence": 16,
    "stop_id": "sprav:22101",
    "stop_name": "Метро \"Рижская\"",
    "source": "справочник",
    "source_date": "2025-12-16",
    "direction_name": "Белорусский вокзал — Метро \"Рижская\""
   }
  },
  {
   "type": "Feature",
   "geometry": {
    "type": "Point",
    "coordinates": [
     37.73418276,
     55.81425897
    ]
   },
   "properties": {
    "route": 7,
    "direction_id": 0,
    "stop_sequence": 1,
    "stop_id": "sprav:8605",
    "stop_name": "Метро \"Бульвар Рокоссовского\"",
    "source": "справочник",
    "source_date": "2025-12-20",
    "direction_name": "Метро \"Бульвар Рокоссовского\" — Белорусский вокзал"
   }
  },
  {
   "type": "Feature",
   "geometry": {
    "type": "Point",
    "coordinates": [
     37.7329065,
     55.81522012
    ]
   },
   "properties": {
    "route": 7,
    "direction_id": 0,
    "stop_sequence": 2,
    "stop_id": "sprav:8604",
    "stop_name": "Метро \"Бульвар Рокоссовского\"",
    "source": "справочник",
    "source_date": "2025-12-20",
    "direction_name": "Метро \"Бульвар Рокоссовского\" — Белорусский вокзал"
   }
  },
  {
   "type": "Feature",
   "geometry": {
    "type": "Point",
    "coordinates": [
     37.72699156,
     55.81686572
    ]
   },
   "properties": {
    "route": 7,
    "direction_id": 0,
    "stop_sequence": 3,
    "stop_id": "sprav:3693",
    "stop_name": "5-й проезд Подбельского",
    "source": "справочник",
    "source_date": "2025-12-20",
    "direction_name": "Метро \"Бульвар Рокоссовского\" — Белорусский вокзал"
   }
  },
  {
   "type": "Feature",
   "geometry": {
    "type": "Point",
    "coordinates": [
     37.72173105,
     55.81835183
    ]
   },
   "properties": {
    "route": 7,
    "direction_id": 0,
    "stop_sequence": 4,
    "stop_id": "sprav:3694",
    "stop_name": "3-й проезд Подбельского",
    "source": "справочник",
    "source_date": "2025-12-20",
    "direction_name": "Метро \"Бульвар Рокоссовского\" — Белорусский вокзал"
   }
  },
  {
   "type": "Feature",
   "geometry": {
    "type": "Point",
    "coordinates": [
     37.71625979,
     55.81836239
    ]
   },
   "properties": {
    "route": 7,
    "direction_id": 0,
    "stop_sequence": 5,
    "stop_id": "sprav:3695",
    "stop_name": "Игральная улица",
    "source": "справочник",
    "source_date": "2025-12-20",
    "direction_name": "Метро \"Бульвар Рокоссовского\" — Белорусский вокзал"
   }
  },
  {
   "type": "Feature",
   "geometry": {
    "type": "Point",
    "coordinates": [
     37.70979649,
     55.81977294
    ]
   },
   "properties": {
    "route": 7,
    "direction_id": 0,
    "stop_sequence": 6,
    "stop_id": "sprav:3696",
    "stop_name": "Погонный проезд",
    "source": "справочник",
    "source_date": "2025-12-20",
    "direction_name": "Метро \"Бульвар Рокоссовского\" — Белорусский вокзал"
   }
  },
  {
   "type": "Feature",
   "geometry": {
    "type": "Point",
    "coordinates": [
     37.70534718,
     55.81903485
    ]
   },
   "properties": {
    "route": 7,
    "direction_id": 0,
    "stop_sequence": 7,
    "stop_id": "sprav:3697",
    "stop_name": "Ланинский переулок",
    "source": "справочник",
    "source_date": "2025-12-20",
    "direction_name": "Метро \"Бульвар Рокоссовского\" — Белорусский вокзал"
   }
  },
  {
   "type": "Feature",
   "geometry": {
    "type": "Point",
    "coordinates": [
     37.7008883,
     55.81702234
    ]
   },
   "properties": {
    "route": 7,
    "direction_id": 0,
    "stop_sequence": 8,
    "stop_id": "sprav:3698",
    "stop_name": "Богородское",
    "source": "справочник",
    "source_date": "2025-12-20",
    "direction_name": "Метро \"Бульвар Рокоссовского\" — Белорусский вокзал"
   }
  },
  {
   "type": "Feature",
   "geometry": {
    "type": "Point",
    "coordinates": [
     37.69562276,
     55.81492094
    ]
   },
   "properties": {
    "route": 7,
    "direction_id": 0,
    "stop_sequence": 9,
    "stop_id": "sprav:6162",
    "stop_name": "Богородский храм",
    "source": "справочник",
    "source_date": "2025-12-20",
    "direction_name": "Метро \"Бульвар Рокоссовского\" — Белорусский вокзал"
   }
  },
  {
   "type": "Feature",
   "geometry": {
    "type": "Point",
    "coordinates": [
     37.69781074,
     55.81229936
    ]
   },
   "properties": {
    "route": 7,
    "direction_id": 0,
    "stop_sequence": 10,
    "stop_id": "sprav:3614",
    "stop_name": "Инновационный университет",
    "source": "справочник",
    "source_date": "2025-12-20",
    "direction_name": "Метро \"Бульвар Рокоссовского\" — Белорусский вокзал"
   }
  },
  {
   "type": "Feature",
   "geometry": {
    "type": "Point",
    "coordinates": [
     37.70357601,
     55.80998018
    ]
   },
   "properties": {
    "route": 7,
    "direction_id": 0,
    "stop_sequence": 11,
    "stop_id": "sprav:3615",
    "stop_name": "1-я Прогонная улица",
    "source": "справочник",
    "source_date": "2025-12-20",
    "direction_name": "Метро \"Бульвар Рокоссовского\" — Белорусский вокзал"
   }
  },
  {
   "type": "Feature",
   "geometry": {
    "type": "Point",
    "coordinates": [
     37.70608636,
     55.80717974
    ]
   },
   "properties": {
    "route": 7,
    "direction_id": 0,
    "stop_sequence": 12,
    "stop_id": "sprav:3616",
    "stop_name": "Телерадиокомпания \"МИР\"",
    "source": "справочник",
    "source_date": "2025-12-20",
    "direction_name": "Метро \"Бульвар Рокоссовского\" — Белорусский вокзал"
   }
  },
  {
   "type": "Feature",
   "geometry": {
    "type": "Point",
    "coordinates": [
     37.70709936,
     55.80466788
    ]
   },
   "properties": {
    "route": 7,
    "direction_id": 0,
    "stop_sequence": 13,
    "stop_id": "sprav:3617",
    "stop_name": "Мосгорсуд",
    "source": "справочник",
    "source_date": "2025-12-20",
    "direction_name": "Метро \"Бульвар Рокоссовского\" — Белорусский вокзал"
   }
  },
  {
   "type": "Feature",
   "geometry": {
    "type": "Point",
    "coordinates": [
     37.71265136,
     55.79992558
    ]
   },
   "properties": {
    "route": 7,
    "direction_id": 0,
    "stop_sequence": 14,
    "stop_id": "sprav:3618",
    "stop_name": "Улица Хромова",
    "source": "справочник",
    "source_date": "2025-12-20",
    "direction_name": "Метро \"Бульвар Рокоссовского\" — Белорусский вокзал"
   }
  },
  {
   "type": "Feature",
   "geometry": {
    "type": "Point",
    "coordinates": [
     37.71451347,
     55.79762528
    ]
   },
   "properties": {
    "route": 7,
    "direction_id": 0,
    "stop_sequence": 15,
    "stop_id": "sprav:8630",
    "stop_name": "Метро \"Преображенская площадь\"",
    "source": "справочник",
    "source_date": "2025-12-20",
    "direction_name": "Метро \"Бульвар Рокоссовского\" — Белорусский вокзал"
   }
  },
  {
   "type": "Feature",
   "geometry": {
    "type": "Point",
    "coordinates": [
     37.70927947,
     55.79524841
    ]
   },
   "properties": {
    "route": 7,
    "direction_id": 0,
    "stop_sequence": 16,
    "stop_id": "sprav:6242",
    "stop_name": "Преображенская площадь",
    "source": "справочник",
    "source_date": "2025-12-20",
    "direction_name": "Метро \"Бульвар Рокоссовского\" — Белорусский вокзал"
   }
  },
  {
   "type": "Feature",
   "geometry": {
    "type": "Point",
    "coordinates": [
     37.69947064,
     55.79456422
    ]
   },
   "properties": {
    "route": 7,
    "direction_id": 0,
    "stop_sequence": 17,
    "stop_id": "sprav:3445",
    "stop_name": "Трамвайное депо имени Русакова",
    "source": "справочник",
    "source_date": "2025-12-20",
    "direction_name": "Метро \"Бульвар Рокоссовского\" — Белорусский вокзал"
   }
  },
  {
   "type": "Feature",
   "geometry": {
    "type": "Point",
    "coordinates": [
     37.690769,
     55.79319443
    ]
   },
   "properties": {
    "route": 7,
    "direction_id": 0,
    "stop_sequence": 18,
    "stop_id": "sprav:6365",
    "stop_name": "Малая Остроумовская улица",
    "source": "справочник",
    "source_date": "2025-12-20",
    "direction_name": "Метро \"Бульвар Рокоссовского\" — Белорусский вокзал"
   }
  },
  {
   "type": "Feature",
   "geometry": {
    "type": "Point",
    "coordinates": [
     37.68653569,
     55.7915125
    ]
   },
   "properties": {
    "route": 7,
    "direction_id": 0,
    "stop_sequence": 19,
    "stop_id": "sprav:6366",
    "stop_name": "Клуб Русакова - Сцена \"Мельников\"",
    "source": "справочник",
    "source_date": "2025-12-20",
    "direction_name": "Метро \"Бульвар Рокоссовского\" — Белорусский вокзал"
   }
  },
  {
   "type": "Feature",
   "geometry": {
    "type": "Point",
    "coordinates": [
     37.68092463,
     55.78931715
    ]
   },
   "properties": {
    "route": 7,
    "direction_id": 0,
    "stop_sequence": 20,
    "stop_id": "sprav:1002188",
    "stop_name": "Метро \"Сокольники\"",
    "source": "справочник",
    "source_date": "2025-12-20",
    "direction_name": "Метро \"Бульвар Рокоссовского\" — Белорусский вокзал"
   }
  },
  {
   "type": "Feature",
   "geometry": {
    "type": "Point",
    "coordinates": [
     37.67560718,
     55.78526693
    ]
   },
   "properties": {
    "route": 7,
    "direction_id": 0,
    "stop_sequence": 21,
    "stop_id": "sprav:6164",
    "stop_name": "МЦД Митьково",
    "source": "справочник",
    "source_date": "2025-12-20",
    "direction_name": "Метро \"Бульвар Рокоссовского\" — Белорусский вокзал"
   }
  },
  {
   "type": "Feature",
   "geometry": {
    "type": "Point",
    "coordinates": [
     37.67039099,
     55.78170137
    ]
   },
   "properties": {
    "route": 7,
    "direction_id": 0,
    "stop_sequence": 22,
    "stop_id": "sprav:6165",
    "stop_name": "Леснорядская улица",
    "source": "справочник",
    "source_date": "2025-12-20",
    "direction_name": "Метро \"Бульвар Рокоссовского\" — Белорусский вокзал"
   }
  },
  {
   "type": "Feature",
   "geometry": {
    "type": "Point",
    "coordinates": [
     37.66659557,
     55.77971829
    ]
   },
   "properties": {
    "route": 7,
    "direction_id": 0,
    "stop_sequence": 23,
    "stop_id": "sprav:6166",
    "stop_name": "Метро \"Красносельская\"",
    "source": "справочник",
    "source_date": "2025-12-20",
    "direction_name": "Метро \"Бульвар Рокоссовского\" — Белорусский вокзал"
   }
  },
  {
   "type": "Feature",
   "geometry": {
    "type": "Point",
    "coordinates": [
     37.65623168,
     55.77552831
    ]
   },
   "properties": {
    "route": 7,
    "direction_id": 0,
    "stop_sequence": 24,
    "stop_id": "sprav:13919",
    "stop_name": "Метро \"Комсомольская\"",
    "source": "справочник",
    "source_date": "2025-12-20",
    "direction_name": "Метро \"Бульвар Рокоссовского\" — Белорусский вокзал"
   }
  },
  {
   "type": "Feature",
   "geometry": {
    "type": "Point",
    "coordinates": [
     37.65289941,
     55.77473788
    ]
   },
   "properties": {
    "route": 7,
    "direction_id": 0,
    "stop_sequence": 25,
    "stop_id": "sprav:22638",
    "stop_name": "МЦД Площадь трёх вокзалов",
    "source": "справочник",
    "source_date": "2025-12-20",
    "direction_name": "Метро \"Бульвар Рокоссовского\" — Белорусский вокзал"
   }
  },
  {
   "type": "Feature",
   "geometry": {
    "type": "Point",
    "coordinates": [
     37.64971228,
     55.77634369
    ]
   },
   "properties": {
    "route": 7,
    "direction_id": 0,
    "stop_sequence": 26,
    "stop_id": "sprav:3450",
    "stop_name": "Каланчёвская улица",
    "source": "справочник",
    "source_date": "2025-12-20",
    "direction_name": "Метро \"Бульвар Рокоссовского\" — Белорусский вокзал"
   }
  },
  {
   "type": "Feature",
   "geometry": {
    "type": "Point",
    "coordinates": [
     37.64543248,
     55.77951421
    ]
   },
   "properties": {
    "route": 7,
    "direction_id": 0,
    "stop_sequence": 27,
    "stop_id": "sprav:21551",
    "stop_name": "Пантелеевская улица",
    "source": "справочник",
    "source_date": "2025-12-20",
    "direction_name": "Метро \"Бульвар Рокоссовского\" — Белорусский вокзал"
   }
  },
  {
   "type": "Feature",
   "geometry": {
    "type": "Point",
    "coordinates": [
     37.64162925,
     55.77974859
    ]
   },
   "properties": {
    "route": 7,
    "direction_id": 0,
    "stop_sequence": 28,
    "stop_id": "sprav:7258",
    "stop_name": "Астраханский переулок",
    "source": "справочник",
    "source_date": "2025-12-20",
    "direction_name": "Метро \"Бульвар Рокоссовского\" — Белорусский вокзал"
   }
  },
  {
   "type": "Feature",
   "geometry": {
    "type": "Point",
    "coordinates": [
     37.6391092,
     55.77997341
    ]
   },
   "properties": {
    "route": 7,
    "direction_id": 0,
    "stop_sequence": 29,
    "stop_id": "sprav:13134",
    "stop_name": "Ботанический переулок",
    "source": "справочник",
    "source_date": "2025-12-20",
    "direction_name": "Метро \"Бульвар Рокоссовского\" — Белорусский вокзал"
   }
  },
  {
   "type": "Feature",
   "geometry": {
    "type": "Point",
    "coordinates": [
     37.6345373,
     55.7804434
    ]
   },
   "properties": {
    "route": 7,
    "direction_id": 0,
    "stop_sequence": 30,
    "stop_id": "sprav:4173",
    "stop_name": "Метро \"Проспект Мира\"",
    "source": "справочник",
    "source_date": "2025-12-20",
    "direction_name": "Метро \"Бульвар Рокоссовского\" — Белорусский вокзал"
   }
  },
  {
   "type": "Feature",
   "geometry": {
    "type": "Point",
    "coordinates": [
     37.63235141,
     55.7807391
    ]
   },
   "properties": {
    "route": 7,
    "direction_id": 0,
    "stop_sequence": 31,
    "stop_id": "sprav:16514",
    "stop_name": "Спорткомплекс \"Олимпийский\"",
    "source": "справочник",
    "source_date": "2025-12-20",
    "direction_name": "Метро \"Бульвар Рокоссовского\" — Белорусский вокзал"
   }
  },
  {
   "type": "Feature",
   "geometry": {
    "type": "Point",
    "coordinates": [
     37.63072917,
     55.77919093
    ]
   },
   "properties": {
    "route": 7,
    "direction_id": 0,
    "stop_sequence": 32,
    "stop_id": "sprav:14133",
    "stop_name": "Улица Гиляровского",
    "source": "справочник",
    "source_date": "2025-12-20",
    "direction_name": "Метро \"Бульвар Рокоссовского\" — Белорусский вокзал"
   }
  },
  {
   "type": "Feature",
   "geometry": {
    "type": "Point",
    "coordinates": [
     37.62956519,
     55.77836559
    ]
   },
   "properties": {
    "route": 7,
    "direction_id": 0,
    "stop_sequence": 33,
    "stop_id": "sprav:4174",
    "stop_name": "Улица Щепкина",
    "source": "справочник",
    "source_date": "2025-12-20",
    "direction_name": "Метро \"Бульвар Рокоссовского\" — Белорусский вокзал"
   }
  },
  {
   "type": "Feature",
   "geometry": {
    "type": "Point",
    "coordinates": [
     37.62317172,
     55.7790867
    ]
   },
   "properties": {
    "route": 7,
    "direction_id": 0,
    "stop_sequence": 34,
    "stop_id": "sprav:1002615",
    "stop_name": "Театр зверей имени Дурова",
    "source": "справочник",
    "source_date": "2025-12-20",
    "direction_name": "Метро \"Бульвар Рокоссовского\" — Белорусский вокзал"
   }
  },
  {
   "type": "Feature",
   "geometry": {
    "type": "Point",
    "coordinates": [
     37.61683998,
     55.77860272
    ]
   },
   "properties": {
    "route": 7,
    "direction_id": 0,
    "stop_sequence": 35,
    "stop_id": "sprav:4176",
    "stop_name": "Самотёчная улица",
    "source": "справочник",
    "source_date": "2025-12-20",
    "direction_name": "Метро \"Бульвар Рокоссовского\" — Белорусский вокзал"
   }
  },
  {
   "type": "Feature",
   "geometry": {
    "type": "Point",
    "coordinates": [
     37.61339067,
     55.77930654
    ]
   },
   "properties": {
    "route": 7,
    "direction_id": 0,
    "stop_sequence": 36,
    "stop_id": "sprav:4177",
    "stop_name": "4-й Самотёчный переулок",
    "source": "справочник",
    "source_date": "2025-12-20",
    "direction_name": "Метро \"Бульвар Рокоссовского\" — Белорусский вокзал"
   }
  },
  {
   "type": "Feature",
   "geometry": {
    "type": "Point",
    "coordinates": [
     37.60917231,
     55.78053319
    ]
   },
   "properties": {
    "route": 7,
    "direction_id": 0,
    "stop_sequence": 37,
    "stop_id": "sprav:4178",
    "stop_name": "Селезнёвская улица",
    "source": "справочник",
    "source_date": "2025-12-20",
    "direction_name": "Метро \"Бульвар Рокоссовского\" — Белорусский вокзал"
   }
  },
  {
   "type": "Feature",
   "geometry": {
    "type": "Point",
    "coordinates": [
     37.61100272,
     55.78262541
    ]
   },
   "properties": {
    "route": 7,
    "direction_id": 0,
    "stop_sequence": 38,
    "stop_id": "sprav:4179",
    "stop_name": "Улица Достоевского",
    "source": "справочник",
    "source_date": "2025-12-20",
    "direction_name": "Метро \"Бульвар Рокоссовского\" — Белорусский вокзал"
   }
  },
  {
   "type": "Feature",
   "geometry": {
    "type": "Point",
    "coordinates": [
     37.60507099,
     55.78515112
    ]
   },
   "properties": {
    "route": 7,
    "direction_id": 0,
    "stop_sequence": 39,
    "stop_id": "sprav:22368",
    "stop_name": "Площадь Борьбы",
    "source": "справочник",
    "source_date": "2025-12-20",
    "direction_name": "Метро \"Бульвар Рокоссовского\" — Белорусский вокзал"
   }
  },
  {
   "type": "Feature",
   "geometry": {
    "type": "Point",
    "coordinates": [
     37.6006964,
     55.78482452
    ]
   },
   "properties": {
    "route": 7,
    "direction_id": 0,
    "stop_sequence": 40,
    "stop_id": "sprav:16606",
    "stop_name": "Улица Палиха",
    "source": "справочник",
    "source_date": "2025-12-20",
    "direction_name": "Метро \"Бульвар Рокоссовского\" — Белорусский вокзал"
   }
  },
  {
   "type": "Feature",
   "geometry": {
    "type": "Point",
    "coordinates": [
     37.59629689,
     55.78384494
    ]
   },
   "properties": {
    "route": 7,
    "direction_id": 0,
    "stop_sequence": 41,
    "stop_id": "sprav:16608",
    "stop_name": "Лесная улица",
    "source": "справочник",
    "source_date": "2025-12-20",
    "direction_name": "Метро \"Бульвар Рокоссовского\" — Белорусский вокзал"
   }
  },
  {
   "type": "Feature",
   "geometry": {
    "type": "Point",
    "coordinates": [
     37.59229699,
     55.78107394
    ]
   },
   "properties": {
    "route": 7,
    "direction_id": 0,
    "stop_sequence": 42,
    "stop_id": "sprav:16609",
    "stop_name": "Миусское депо",
    "source": "справочник",
    "source_date": "2025-12-20",
    "direction_name": "Метро \"Бульвар Рокоссовского\" — Белорусский вокзал"
   }
  },
  {
   "type": "Feature",
   "geometry": {
    "type": "Point",
    "coordinates": [
     37.58970088,
     55.77938614
    ]
   },
   "properties": {
    "route": 7,
    "direction_id": 0,
    "stop_sequence": 43,
    "stop_id": "sprav:16611",
    "stop_name": "Дом культуры имени Зуева",
    "source": "справочник",
    "source_date": "2025-12-20",
    "direction_name": "Метро \"Бульвар Рокоссовского\" — Белорусский вокзал"
   }
  },
  {
   "type": "Feature",
   "geometry": {
    "type": "Point",
    "coordinates": [
     37.58648288,
     55.77726964
    ]
   },
   "properties": {
    "route": 7,
    "direction_id": 0,
    "stop_sequence": 44,
    "stop_id": "sprav:16612",
    "stop_name": "Метро \"Белорусская\"",
    "source": "справочник",
    "source_date": "2025-12-20",
    "direction_name": "Метро \"Бульвар Рокоссовского\" — Белорусский вокзал"
   }
  },
  {
   "type": "Feature",
   "geometry": {
    "type": "Point",
    "coordinates": [
     37.58343516,
     55.77634643
    ]
   },
   "properties": {
    "route": 7,
    "direction_id": 0,
    "stop_sequence": 45,
    "stop_id": "sprav:1001795",
    "stop_name": "Белорусский вокзал",
    "source": "справочник",
    "source_date": "2025-12-20",
    "direction_name": "Метро \"Бульвар Рокоссовского\" — Белорусский вокзал"
   }
  },
  {
   "type": "Feature",
   "geometry": {
    "type": "Point",
    "coordinates": [
     37.58343516,
     55.77634643
    ]
   },
   "properties": {
    "route": 7,
    "direction_id": 1,
    "stop_sequence": 1,
    "stop_id": "sprav:1001795",
    "stop_name": "Белорусский вокзал",
    "source": "справочник",
    "source_date": "2025-12-20",
    "direction_name": "Белорусский вокзал — Метро \"Бульвар Рокоссовского\""
   }
  },
  {
   "type": "Feature",
   "geometry": {
    "type": "Point",
    "coordinates": [
     37.58669239,
     55.77714634
    ]
   },
   "properties": {
    "route": 7,
    "direction_id": 1,
    "stop_sequence": 2,
    "stop_id": "sprav:16614",
    "stop_name": "Метро \"Белорусская\"",
    "source": "справочник",
    "source_date": "2025-12-20",
    "direction_name": "Белорусский вокзал — Метро \"Бульвар Рокоссовского\""
   }
  },
  {
   "type": "Feature",
   "geometry": {
    "type": "Point",
    "coordinates": [
     37.58994928,
     55.77925154
    ]
   },
   "properties": {
    "route": 7,
    "direction_id": 1,
    "stop_sequence": 3,
    "stop_id": "sprav:1002779",
    "stop_name": "Дом культуры имени Зуева",
    "source": "справочник",
    "source_date": "2025-12-20",
    "direction_name": "Белорусский вокзал — Метро \"Бульвар Рокоссовского\""
   }
  },
  {
   "type": "Feature",
   "geometry": {
    "type": "Point",
    "coordinates": [
     37.59247197,
     55.78086451
    ]
   },
   "properties": {
    "route": 7,
    "direction_id": 1,
    "stop_sequence": 4,
    "stop_id": "sprav:16610",
    "stop_name": "Миусское депо",
    "source": "справочник",
    "source_date": "2025-12-20",
    "direction_name": "Белорусский вокзал — Метро \"Бульвар Рокоссовского\""
   }
  },
  {
   "type": "Feature",
   "geometry": {
    "type": "Point",
    "coordinates": [
     37.59664108,
     55.78370364
    ]
   },
   "properties": {
    "route": 7,
    "direction_id": 1,
    "stop_sequence": 5,
    "stop_id": "sprav:16607",
    "stop_name": "Лесная улица",
    "source": "справочник",
    "source_date": "2025-12-20",
    "direction_name": "Белорусский вокзал — Метро \"Бульвар Рокоссовского\""
   }
  },
  {
   "type": "Feature",
   "geometry": {
    "type": "Point",
    "coordinates": [
     37.60259878,
     55.78514864
    ]
   },
   "properties": {
    "route": 7,
    "direction_id": 1,
    "stop_sequence": 6,
    "stop_id": "sprav:21544",
    "stop_name": "Улица Палиха",
    "source": "справочник",
    "source_date": "2025-12-20",
    "direction_name": "Белорусский вокзал — Метро \"Бульвар Рокоссовского\""
   }
  },
  {
   "type": "Feature",
   "geometry": {
    "type": "Point",
    "coordinates": [
     37.60644146,
     55.78433889
    ]
   },
   "properties": {
    "route": 7,
    "direction_id": 1,
    "stop_sequence": 7,
    "stop_id": "sprav:1009846",
    "stop_name": "Площадь Борьбы",
    "source": "справочник",
    "source_date": "2025-12-20",
    "direction_name": "Белорусский вокзал — Метро \"Бульвар Рокоссовского\""
   }
  },
  {
   "type": "Feature",
   "geometry": {
    "type": "Point",
    "coordinates": [
     37.61039943,
     55.78302671
    ]
   },
   "properties": {
    "route": 7,
    "direction_id": 1,
    "stop_sequence": 8,
    "stop_id": "sprav:4181",
    "stop_name": "Улица Достоевского",
    "source": "справочник",
    "source_date": "2025-12-20",
    "direction_name": "Белорусский вокзал — Метро \"Бульвар Рокоссовского\""
   }
  },
  {
   "type": "Feature",
   "geometry": {
    "type": "Point",
    "coordinates": [
     37.6091626,
     55.78114054
    ]
   },
   "properties": {
    "route": 7,
    "direction_id": 1,
    "stop_sequence": 9,
    "stop_id": "sprav:4182",
    "stop_name": "Селезнёвская улица",
    "source": "справочник",
    "source_date": "2025-12-20",
    "direction_name": "Белорусский вокзал — Метро \"Бульвар Рокоссовского\""
   }
  },
  {
   "type": "Feature",
   "geometry": {
    "type": "Point",
    "coordinates": [
     37.61283405,
     55.77937305
    ]
   },
   "properties": {
    "route": 7,
    "direction_id": 1,
    "stop_sequence": 10,
    "stop_id": "sprav:13136",
    "stop_name": "4-й Самотёчный переулок",
    "source": "справочник",
    "source_date": "2025-12-20",
    "direction_name": "Белорусский вокзал — Метро \"Бульвар Рокоссовского\""
   }
  },
  {
   "type": "Feature",
   "geometry": {
    "type": "Point",
    "coordinates": [
     37.6166926,
     55.77847152
    ]
   },
   "properties": {
    "route": 7,
    "direction_id": 1,
    "stop_sequence": 11,
    "stop_id": "sprav:4184",
    "stop_name": "Самотёчная улица",
    "source": "справочник",
    "source_date": "2025-12-20",
    "direction_name": "Белорусский вокзал — Метро \"Бульвар Рокоссовского\""
   }
  },
  {
   "type": "Feature",
   "geometry": {
    "type": "Point",
    "coordinates": [
     37.62313801,
     55.77897066
    ]
   },
   "properties": {
    "route": 7,
    "direction_id": 1,
    "stop_sequence": 12,
    "stop_id": "sprav:4185",
    "stop_name": "Театр зверей имени Дурова",
    "source": "справочник",
    "source_date": "2025-12-20",
    "direction_name": "Белорусский вокзал — Метро \"Бульвар Рокоссовского\""
   }
  },
  {
   "type": "Feature",
   "geometry": {
    "type": "Point",
    "coordinates": [
     37.62996712,
     55.77826007
    ]
   },
   "properties": {
    "route": 7,
    "direction_id": 1,
    "stop_sequence": 13,
    "stop_id": "sprav:4186",
    "stop_name": "Улица Щепкина",
    "source": "справочник",
    "source_date": "2025-12-20",
    "direction_name": "Белорусский вокзал — Метро \"Бульвар Рокоссовского\""
   }
  },
  {
   "type": "Feature",
   "geometry": {
    "type": "Point",
    "coordinates": [
     37.63100066,
     55.77922948
    ]
   },
   "properties": {
    "route": 7,
    "direction_id": 1,
    "stop_sequence": 14,
    "stop_id": "sprav:13137",
    "stop_name": "Улица Гиляровского",
    "source": "справочник",
    "source_date": "2025-12-20",
    "direction_name": "Белорусский вокзал — Метро \"Бульвар Рокоссовского\""
   }
  },
  {
   "type": "Feature",
   "geometry": {
    "type": "Point",
    "coordinates": [
     37.63249961,
     55.78055104
    ]
   },
   "properties": {
    "route": 7,
    "direction_id": 1,
    "stop_sequence": 15,
    "stop_id": "sprav:16515",
    "stop_name": "Спорткомплекс \"Олимпийский\"",
    "source": "справочник",
    "source_date": "2025-12-20",
    "direction_name": "Белорусский вокзал — Метро \"Бульвар Рокоссовского\""
   }
  },
  {
   "type": "Feature",
   "geometry": {
    "type": "Point",
    "coordinates": [
     37.63426668,
     55.78033636
    ]
   },
   "properties": {
    "route": 7,
    "direction_id": 1,
    "stop_sequence": 16,
    "stop_id": "sprav:4187",
    "stop_name": "Метро \"Проспект Мира\"",
    "source": "справочник",
    "source_date": "2025-12-20",
    "direction_name": "Белорусский вокзал — Метро \"Бульвар Рокоссовского\""
   }
  },
  {
   "type": "Feature",
   "geometry": {
    "type": "Point",
    "coordinates": [
     37.63967709,
     55.77978343
    ]
   },
   "properties": {
    "route": 7,
    "direction_id": 1,
    "stop_sequence": 17,
    "stop_id": "sprav:13135",
    "stop_name": "Ботанический переулок",
    "source": "справочник",
    "source_date": "2025-12-20",
    "direction_name": "Белорусский вокзал — Метро \"Бульвар Рокоссовского\""
   }
  },
  {
   "type": "Feature",
   "geometry": {
    "type": "Point",
    "coordinates": [
     37.64217475,
     55.77959408
    ]
   },
   "properties": {
    "route": 7,
    "direction_id": 1,
    "stop_sequence": 18,
    "stop_id": "sprav:4172",
    "stop_name": "Астраханский переулок",
    "source": "справочник",
    "source_date": "2025-12-20",
    "direction_name": "Белорусский вокзал — Метро \"Бульвар Рокоссовского\""
   }
  },
  {
   "type": "Feature",
   "geometry": {
    "type": "Point",
    "coordinates": [
     37.64511275,
     55.77943766
    ]
   },
   "properties": {
    "route": 7,
    "direction_id": 1,
    "stop_sequence": 19,
    "stop_id": "sprav:21542",
    "stop_name": "Пантелеевская улица",
    "source": "справочник",
    "source_date": "2025-12-20",
    "direction_name": "Белорусский вокзал — Метро \"Бульвар Рокоссовского\""
   }
  },
  {
   "type": "Feature",
   "geometry": {
    "type": "Point",
    "coordinates": [
     37.65008548,
     55.77587563
    ]
   },
   "properties": {
    "route": 7,
    "direction_id": 1,
    "stop_sequence": 20,
    "stop_id": "sprav:3422",
    "stop_name": "Каланчёвская улица",
    "source": "справочник",
    "source_date": "2025-12-20",
    "direction_name": "Белорусский вокзал — Метро \"Бульвар Рокоссовского\""
   }
  },
  {
   "type": "Feature",
   "geometry": {
    "type": "Point",
    "coordinates": [
     37.65317522,
     55.77458851
    ]
   },
   "properties": {
    "route": 7,
    "direction_id": 1,
    "stop_sequence": 21,
    "stop_id": "sprav:22640",
    "stop_name": "МЦД Площадь трёх вокзалов",
    "source": "справочник",
    "source_date": "2025-12-20",
    "direction_name": "Белорусский вокзал — Метро \"Бульвар Рокоссовского\""
   }
  },
  {
   "type": "Feature",
   "geometry": {
    "type": "Point",
    "coordinates": [
     37.65583193,
     55.77528444
    ]
   },
   "properties": {
    "route": 7,
    "direction_id": 1,
    "stop_sequence": 22,
    "stop_id": "sprav:13920",
    "stop_name": "Метро \"Комсомольская\"",
    "source": "справочник",
    "source_date": "2025-12-20",
    "direction_name": "Белорусский вокзал — Метро \"Бульвар Рокоссовского\""
   }
  },
  {
   "type": "Feature",
   "geometry": {
    "type": "Point",
    "coordinates": [
     37.66570764,
     55.7791991
    ]
   },
   "properties": {
    "route": 7,
    "direction_id": 1,
    "stop_sequence": 23,
    "stop_id": "sprav:4190",
    "stop_name": "Метро \"Красносельская\"",
    "source": "справочник",
    "source_date": "2025-12-20",
    "direction_name": "Белорусский вокзал — Метро \"Бульвар Рокоссовского\""
   }
  },
  {
   "type": "Feature",
   "geometry": {
    "type": "Point",
    "coordinates": [
     37.6707031,
     55.78173574
    ]
   },
   "properties": {
    "route": 7,
    "direction_id": 1,
    "stop_sequence": 24,
    "stop_id": "sprav:6760",
    "stop_name": "Леснорядская улица",
    "source": "справочник",
    "source_date": "2025-12-20",
    "direction_name": "Белорусский вокзал — Метро \"Бульвар Рокоссовского\""
   }
  },
  {
   "type": "Feature",
   "geometry": {
    "type": "Point",
    "coordinates": [
     37.67586004,
     55.78534016
    ]
   },
   "properties": {
    "route": 7,
    "direction_id": 1,
    "stop_sequence": 25,
    "stop_id": "sprav:6157",
    "stop_name": "МЦД Митьково",
    "source": "справочник",
    "source_date": "2025-12-20",
    "direction_name": "Белорусский вокзал — Метро \"Бульвар Рокоссовского\""
   }
  },
  {
   "type": "Feature",
   "geometry": {
    "type": "Point",
    "coordinates": [
     37.68108697,
     55.78926192
    ]
   },
   "properties": {
    "route": 7,
    "direction_id": 1,
    "stop_sequence": 26,
    "stop_id": "sprav:14018",
    "stop_name": "Метро \"Сокольники\"",
    "source": "справочник",
    "source_date": "2025-12-20",
    "direction_name": "Белорусский вокзал — Метро \"Бульвар Рокоссовского\""
   }
  },
  {
   "type": "Feature",
   "geometry": {
    "type": "Point",
    "coordinates": [
     37.68664524,
     55.79142768
    ]
   },
   "properties": {
    "route": 7,
    "direction_id": 1,
    "stop_sequence": 27,
    "stop_id": "sprav:3702",
    "stop_name": "Клуб Русакова - Сцена \"Мельников\"",
    "source": "справочник",
    "source_date": "2025-12-20",
    "direction_name": "Белорусский вокзал — Метро \"Бульвар Рокоссовского\""
   }
  },
  {
   "type": "Feature",
   "geometry": {
    "type": "Point",
    "coordinates": [
     37.69116107,
     55.7931836
    ]
   },
   "properties": {
    "route": 7,
    "direction_id": 1,
    "stop_sequence": 28,
    "stop_id": "sprav:6158",
    "stop_name": "Малая Остроумовская улица",
    "source": "справочник",
    "source_date": "2025-12-20",
    "direction_name": "Белорусский вокзал — Метро \"Бульвар Рокоссовского\""
   }
  },
  {
   "type": "Feature",
   "geometry": {
    "type": "Point",
    "coordinates": [
     37.69824516,
     55.79429628
    ]
   },
   "properties": {
    "route": 7,
    "direction_id": 1,
    "stop_sequence": 29,
    "stop_id": "sprav:6159",
    "stop_name": "Трамвайное депо имени Русакова",
    "source": "справочник",
    "source_date": "2025-12-20",
    "direction_name": "Белорусский вокзал — Метро \"Бульвар Рокоссовского\""
   }
  },
  {
   "type": "Feature",
   "geometry": {
    "type": "Point",
    "coordinates": [
     37.70936603,
     55.79516086
    ]
   },
   "properties": {
    "route": 7,
    "direction_id": 1,
    "stop_sequence": 30,
    "stop_id": "sprav:3703",
    "stop_name": "Преображенская площадь",
    "source": "справочник",
    "source_date": "2025-12-20",
    "direction_name": "Белорусский вокзал — Метро \"Бульвар Рокоссовского\""
   }
  },
  {
   "type": "Feature",
   "geometry": {
    "type": "Point",
    "coordinates": [
     37.71486676,
     55.7970052
    ]
   },
   "properties": {
    "route": 7,
    "direction_id": 1,
    "stop_sequence": 31,
    "stop_id": "sprav:3650",
    "stop_name": "Метро \"Преображенская площадь\"",
    "source": "справочник",
    "source_date": "2025-12-20",
    "direction_name": "Белорусский вокзал — Метро \"Бульвар Рокоссовского\""
   }
  },
  {
   "type": "Feature",
   "geometry": {
    "type": "Point",
    "coordinates": [
     37.71291695,
     55.80015014
    ]
   },
   "properties": {
    "route": 7,
    "direction_id": 1,
    "stop_sequence": 32,
    "stop_id": "sprav:3651",
    "stop_name": "Улица Хромова",
    "source": "справочник",
    "source_date": "2025-12-20",
    "direction_name": "Белорусский вокзал — Метро \"Бульвар Рокоссовского\""
   }
  },
  {
   "type": "Feature",
   "geometry": {
    "type": "Point",
    "coordinates": [
     37.70748084,
     55.80443371
    ]
   },
   "properties": {
    "route": 7,
    "direction_id": 1,
    "stop_sequence": 33,
    "stop_id": "sprav:3652",
    "stop_name": "Мосгорсуд",
    "source": "справочник",
    "source_date": "2025-12-20",
    "direction_name": "Белорусский вокзал — Метро \"Бульвар Рокоссовского\""
   }
  },
  {
   "type": "Feature",
   "geometry": {
    "type": "Point",
    "coordinates": [
     37.70662416,
     55.80682671
    ]
   },
   "properties": {
    "route": 7,
    "direction_id": 1,
    "stop_sequence": 34,
    "stop_id": "sprav:3653",
    "stop_name": "Телерадиокомпания \"МИР\"",
    "source": "справочник",
    "source_date": "2025-12-20",
    "direction_name": "Белорусский вокзал — Метро \"Бульвар Рокоссовского\""
   }
  },
  {
   "type": "Feature",
   "geometry": {
    "type": "Point",
    "coordinates": [
     37.70393402,
     55.81000988
    ]
   },
   "properties": {
    "route": 7,
    "direction_id": 1,
    "stop_sequence": 35,
    "stop_id": "sprav:3654",
    "stop_name": "1-я Прогонная улица",
    "source": "справочник",
    "source_date": "2025-12-20",
    "direction_name": "Белорусский вокзал — Метро \"Бульвар Рокоссовского\""
   }
  },
  {
   "type": "Feature",
   "geometry": {
    "type": "Point",
    "coordinates": [
     37.69763443,
     55.81258472
    ]
   },
   "properties": {
    "route": 7,
    "direction_id": 1,
    "stop_sequence": 36,
    "stop_id": "sprav:3655",
    "stop_name": "Инновационный университет",
    "source": "справочник",
    "source_date": "2025-12-20",
    "direction_name": "Белорусский вокзал — Метро \"Бульвар Рокоссовского\""
   }
  },
  {
   "type": "Feature",
   "geometry": {
    "type": "Point",
    "coordinates": [
     37.69588962,
     55.81489989
    ]
   },
   "properties": {
    "route": 7,
    "direction_id": 1,
    "stop_sequence": 37,
    "stop_id": "sprav:6160",
    "stop_name": "Богородский храм",
    "source": "справочник",
    "source_date": "2025-12-20",
    "direction_name": "Белорусский вокзал — Метро \"Бульвар Рокоссовского\""
   }
  },
  {
   "type": "Feature",
   "geometry": {
    "type": "Point",
    "coordinates": [
     37.70056572,
     55.81657268
    ]
   },
   "properties": {
    "route": 7,
    "direction_id": 1,
    "stop_sequence": 38,
    "stop_id": "sprav:3665",
    "stop_name": "Богородское",
    "source": "справочник",
    "source_date": "2025-12-20",
    "direction_name": "Белорусский вокзал — Метро \"Бульвар Рокоссовского\""
   }
  },
  {
   "type": "Feature",
   "geometry": {
    "type": "Point",
    "coordinates": [
     37.70494203,
     55.81876844
    ]
   },
   "properties": {
    "route": 7,
    "direction_id": 1,
    "stop_sequence": 39,
    "stop_id": "sprav:3666",
    "stop_name": "Ланинский переулок",
    "source": "справочник",
    "source_date": "2025-12-20",
    "direction_name": "Белорусский вокзал — Метро \"Бульвар Рокоссовского\""
   }
  },
  {
   "type": "Feature",
   "geometry": {
    "type": "Point",
    "coordinates": [
     37.71011632,
     55.81963163
    ]
   },
   "properties": {
    "route": 7,
    "direction_id": 1,
    "stop_sequence": 40,
    "stop_id": "sprav:3667",
    "stop_name": "Погонный проезд",
    "source": "справочник",
    "source_date": "2025-12-20",
    "direction_name": "Белорусский вокзал — Метро \"Бульвар Рокоссовского\""
   }
  },
  {
   "type": "Feature",
   "geometry": {
    "type": "Point",
    "coordinates": [
     37.71553261,
     55.81848072
    ]
   },
   "properties": {
    "route": 7,
    "direction_id": 1,
    "stop_sequence": 41,
    "stop_id": "sprav:3952",
    "stop_name": "Игральная улица",
    "source": "справочник",
    "source_date": "2025-12-20",
    "direction_name": "Белорусский вокзал — Метро \"Бульвар Рокоссовского\""
   }
  },
  {
   "type": "Feature",
   "geometry": {
    "type": "Point",
    "coordinates": [
     37.72105631,
     55.81800234
    ]
   },
   "properties": {
    "route": 7,
    "direction_id": 1,
    "stop_sequence": 42,
    "stop_id": "sprav:3668",
    "stop_name": "3-й проезд Подбельского",
    "source": "справочник",
    "source_date": "2025-12-20",
    "direction_name": "Белорусский вокзал — Метро \"Бульвар Рокоссовского\""
   }
  },
  {
   "type": "Feature",
   "geometry": {
    "type": "Point",
    "coordinates": [
     37.72597918,
     55.81698697
    ]
   },
   "properties": {
    "route": 7,
    "direction_id": 1,
    "stop_sequence": 43,
    "stop_id": "sprav:3692",
    "stop_name": "5-й проезд Подбельского",
    "source": "справочник",
    "source_date": "2025-12-20",
    "direction_name": "Белорусский вокзал — Метро \"Бульвар Рокоссовского\""
   }
  },
  {
   "type": "Feature",
   "geometry": {
    "type": "Point",
    "coordinates": [
     37.73418276,
     55.81425897
    ]
   },
   "properties": {
    "route": 7,
    "direction_id": 1,
    "stop_sequence": 44,
    "stop_id": "sprav:8605",
    "stop_name": "Метро \"Бульвар Рокоссовского\"",
    "source": "справочник",
    "source_date": "2025-12-20",
    "direction_name": "Белорусский вокзал — Метро \"Бульвар Рокоссовского\""
   }
  },
  {
   "type": "Feature",
   "geometry": {
    "type": "Point",
    "coordinates": [
     37.61705787,
     55.8227811
    ]
   },
   "properties": {
    "route": 11,
    "direction_id": 0,
    "stop_sequence": 1,
    "stop_id": "sprav:6152",
    "stop_name": "Усадьба Останкино",
    "source": "справочник",
    "source_date": "2025-12-20",
    "direction_name": "Усадьба Останкино — Восточное Измайлово"
   }
  },
  {
   "type": "Feature",
   "geometry": {
    "type": "Point",
    "coordinates": [
     37.61571397,
     55.82346959
    ]
   },
   "properties": {
    "route": 11,
    "direction_id": 0,
    "stop_sequence": 2,
    "stop_id": "sprav:6153",
    "stop_name": "Усадьба Останкино",
    "source": "справочник",
    "source_date": "2025-12-20",
    "direction_name": "Усадьба Останкино — Восточное Измайлово"
   }
  },
  {
   "type": "Feature",
   "geometry": {
    "type": "Point",
    "coordinates": [
     37.62131379,
     55.82176481
    ]
   },
   "properties": {
    "route": 11,
    "direction_id": 0,
    "stop_sequence": 3,
    "stop_id": "sprav:3609",
    "stop_name": "Аргуновская улица",
    "source": "справочник",
    "source_date": "2025-12-20",
    "direction_name": "Усадьба Останкино — Восточное Измайлово"
   }
  },
  {
   "type": "Feature",
   "geometry": {
    "type": "Point",
    "coordinates": [
     37.62821348,
     55.82175285
    ]
   },
   "properties": {
    "route": 11,
    "direction_id": 0,
    "stop_sequence": 4,
    "stop_id": "sprav:3610",
    "stop_name": "Улица Цандера",
    "source": "справочник",
    "source_date": "2025-12-20",
    "direction_name": "Усадьба Останкино — Восточное Измайлово"
   }
  },
  {
   "type": "Feature",
   "geometry": {
    "type": "Point",
    "coordinates": [
     37.63369298,
     55.82199764
    ]
   },
   "properties": {
    "route": 11,
    "direction_id": 0,
    "stop_sequence": 5,
    "stop_id": "sprav:3611",
    "stop_name": "ВДНХ (южная)",
    "source": "справочник",
    "source_date": "2025-12-20",
    "direction_name": "Усадьба Останкино — Восточное Измайлово"
   }
  },
  {
   "type": "Feature",
   "geometry": {
    "type": "Point",
    "coordinates": [
     37.63883226,
     55.82398187
    ]
   },
   "properties": {
    "route": 11,
    "direction_id": 0,
    "stop_sequence": 6,
    "stop_id": "sprav:11288",
    "stop_name": "Метро \"ВДНХ\"",
    "source": "справочник",
    "source_date": "2025-12-20",
    "direction_name": "Усадьба Останкино — Восточное Измайлово"
   }
  },
  {
   "type": "Feature",
   "geometry": {
    "type": "Point",
    "coordinates": [
     37.64645487,
     55.82702627
    ]
   },
   "properties": {
    "route": 11,
    "direction_id": 0,
    "stop_sequence": 7,
    "stop_id": "sprav:10148",
    "stop_name": "ВДНХ (северная)",
    "source": "справочник",
    "source_date": "2025-12-20",
    "direction_name": "Усадьба Останкино — Восточное Измайлово"
   }
  },
  {
   "type": "Feature",
   "geometry": {
    "type": "Point",
    "coordinates": [
     37.64880049,
     55.82629202
    ]
   },
   "properties": {
    "route": 11,
    "direction_id": 0,
    "stop_sequence": 8,
    "stop_id": "sprav:22810",
    "stop_name": "Проспект Мира",
    "source": "справочник",
    "source_date": "2025-12-20",
    "direction_name": "Усадьба Останкино — Восточное Измайлово"
   }
  },
  {
   "type": "Feature",
   "geometry": {
    "type": "Point",
    "coordinates": [
     37.65220128,
     55.82493055
    ]
   },
   "properties": {
    "route": 11,
    "direction_id": 0,
    "stop_sequence": 9,
    "stop_id": "sprav:1212",
    "stop_name": "Ярославская улица",
    "source": "справочник",
    "source_date": "2025-12-20",
    "direction_name": "Усадьба Останкино — Восточное Измайлово"
   }
  },
  {
   "type": "Feature",
   "geometry": {
    "type": "Point",
    "coordinates": [
     37.65842513,
     55.82284593
    ]
   },
   "properties": {
    "route": 11,
    "direction_id": 0,
    "stop_sequence": 10,
    "stop_id": "sprav:1213",
    "stop_name": "Улица Бориса Галушкина, 17",
    "source": "справочник",
    "source_date": "2025-12-20",
    "direction_name": "Усадьба Останкино — Восточное Измайлово"
   }
  },
  {
   "type": "Feature",
   "geometry": {
    "type": "Point",
    "coordinates": [
     37.66259641,
     55.82155687
    ]
   },
   "properties": {
    "route": 11,
    "direction_id": 0,
    "stop_sequence": 11,
    "stop_id": "sprav:1214",
    "stop_name": "Площадь Академика Люльки",
    "source": "справочник",
    "source_date": "2025-12-20",
    "direction_name": "Усадьба Останкино — Восточное Измайлово"
   }
  },
  {
   "type": "Feature",
   "geometry": {
    "type": "Point",
    "coordinates": [
     37.6705852,
     55.81920196
    ]
   },
   "properties": {
    "route": 11,
    "direction_id": 0,
    "stop_sequence": 12,
    "stop_id": "sprav:1215",
    "stop_name": "Станция Юных натуралистов",
    "source": "справочник",
    "source_date": "2025-12-20",
    "direction_name": "Усадьба Останкино — Восточное Измайлово"
   }
  },
  {
   "type": "Feature",
   "geometry": {
    "type": "Point",
    "coordinates": [
     37.67884815,
     55.81729369
    ]
   },
   "properties": {
    "route": 11,
    "direction_id": 0,
    "stop_sequence": 13,
    "stop_id": "sprav:1216",
    "stop_name": "Лингвистический университет",
    "source": "справочник",
    "source_date": "2025-12-20",
    "direction_name": "Усадьба Останкино — Восточное Измайлово"
   }
  },
  {
   "type": "Feature",
   "geometry": {
    "type": "Point",
    "coordinates": [
     37.68398277,
     55.81532221
    ]
   },
   "properties": {
    "route": 11,
    "direction_id": 0,
    "stop_sequence": 14,
    "stop_id": "sprav:7163",
    "stop_name": "Ростокинский проезд",
    "source": "справочник",
    "source_date": "2025-12-20",
    "direction_name": "Усадьба Останкино — Восточное Измайлово"
   }
  },
  {
   "type": "Feature",
   "geometry": {
    "type": "Point",
    "coordinates": [
     37.68907251,
     55.8167224
    ]
   },
   "properties": {
    "route": 11,
    "direction_id": 0,
    "stop_sequence": 15,
    "stop_id": "sprav:1001713",
    "stop_name": "Богатырский мост",
    "source": "справочник",
    "source_date": "2025-12-20",
    "direction_name": "Усадьба Останкино — Восточное Измайлово"
   }
  },
  {
   "type": "Feature",
   "geometry": {
    "type": "Point",
    "coordinates": [
     37.69410236,
     55.81479706
    ]
   },
   "properties": {
    "route": 11,
    "direction_id": 0,
    "stop_sequence": 16,
    "stop_id": "sprav:3613",
    "stop_name": "Богородский храм",
    "source": "справочник",
    "source_date": "2025-12-20",
    "direction_name": "Усадьба Останкино — Восточное Измайлово"
   }
  },
  {
   "type": "Feature",
   "geometry": {
    "type": "Point",
    "coordinates": [
     37.69781074,
     55.81229936
    ]
   },
   "properties": {
    "route": 11,
    "direction_id": 0,
    "stop_sequence": 17,
    "stop_id": "sprav:3614",
    "stop_name": "Инновационный университет",
    "source": "справочник",
    "source_date": "2025-12-20",
    "direction_name": "Усадьба Останкино — Восточное Измайлово"
   }
  },
  {
   "type": "Feature",
   "geometry": {
    "type": "Point",
    "coordinates": [
     37.70357601,
     55.80998018
    ]
   },
   "properties": {
    "route": 11,
    "direction_id": 0,
    "stop_sequence": 18,
    "stop_id": "sprav:3615",
    "stop_name": "1-я Прогонная улица",
    "source": "справочник",
    "source_date": "2025-12-20",
    "direction_name": "Усадьба Останкино — Восточное Измайлово"
   }
  },
  {
   "type": "Feature",
   "geometry": {
    "type": "Point",
    "coordinates": [
     37.70608636,
     55.80717974
    ]
   },
   "properties": {
    "route": 11,
    "direction_id": 0,
    "stop_sequence": 19,
    "stop_id": "sprav:3616",
    "stop_name": "Телерадиокомпания \"МИР\"",
    "source": "справочник",
    "source_date": "2025-12-20",
    "direction_name": "Усадьба Останкино — Восточное Измайлово"
   }
  },
  {
   "type": "Feature",
   "geometry": {
    "type": "Point",
    "coordinates": [
     37.70709936,
     55.80466788
    ]
   },
   "properties": {
    "route": 11,
    "direction_id": 0,
    "stop_sequence": 20,
    "stop_id": "sprav:3617",
    "stop_name": "Мосгорсуд",
    "source": "справочник",
    "source_date": "2025-12-20",
    "direction_name": "Усадьба Останкино — Восточное Измайлово"
   }
  },
  {
   "type": "Feature",
   "geometry": {
    "type": "Point",
    "coordinates": [
     37.71265136,
     55.79992558
    ]
   },
   "properties": {
    "route": 11,
    "direction_id": 0,
    "stop_sequence": 21,
    "stop_id": "sprav:3618",
    "stop_name": "Улица Хромова",
    "source": "справочник",
    "source_date": "2025-12-20",
    "direction_name": "Усадьба Останкино — Восточное Измайлово"
   }
  },
  {
   "type": "Feature",
   "geometry": {
    "type": "Point",
    "coordinates": [
     37.71451347,
     55.79762528
    ]
   },
   "properties": {
    "route": 11,
    "direction_id": 0,
    "stop_sequence": 22,
    "stop_id": "sprav:8630",
    "stop_name": "Метро \"Преображенская площадь\"",
    "source": "справочник",
    "source_date": "2025-12-20",
    "direction_name": "Усадьба Останкино — Восточное Измайлово"
   }
  },
  {
   "type": "Feature",
   "geometry": {
    "type": "Point",
    "coordinates": [
     37.71434124,
     55.79464714
    ]
   },
   "properties": {
    "route": 11,
    "direction_id": 0,
    "stop_sequence": 23,
    "stop_id": "sprav:3850",
    "stop_name": "Метро \"Преображенская площадь\"",
    "source": "справочник",
    "source_date": "2025-12-20",
    "direction_name": "Усадьба Останкино — Восточное Измайлово"
   }
  },
  {
   "type": "Feature",
   "geometry": {
    "type": "Point",
    "coordinates": [
     37.71531926,
     55.79186012
    ]
   },
   "properties": {
    "route": 11,
    "direction_id": 0,
    "stop_sequence": 24,
    "stop_id": "sprav:22814",
    "stop_name": "Преображенское кладбище",
    "source": "справочник",
    "source_date": "2025-12-20",
    "direction_name": "Усадьба Останкино — Восточное Измайлово"
   }
  },
  {
   "type": "Feature",
   "geometry": {
    "type": "Point",
    "coordinates": [
     37.71638709,
     55.78924832
    ]
   },
   "properties": {
    "route": 11,
    "direction_id": 0,
    "stop_sequence": 25,
    "stop_id": "sprav:3649",
    "stop_name": "Улица Преображенский Вал",
    "source": "справочник",
    "source_date": "2025-12-20",
    "direction_name": "Усадьба Останкино — Восточное Измайлово"
   }
  },
  {
   "type": "Feature",
   "geometry": {
    "type": "Point",
    "coordinates": [
     37.716869,
     55.78742708
    ]
   },
   "properties": {
    "route": 11,
    "direction_id": 0,
    "stop_sequence": 26,
    "stop_id": "sprav:7144",
    "stop_name": "Улица Измайловский Вал",
    "source": "справочник",
    "source_date": "2025-12-20",
    "direction_name": "Усадьба Останкино — Восточное Измайлово"
   }
  },
  {
   "type": "Feature",
   "geometry": {
    "type": "Point",
    "coordinates": [
     37.72008527,
     55.78215255
    ]
   },
   "properties": {
    "route": 11,
    "direction_id": 0,
    "stop_sequence": 27,
    "stop_id": "sprav:3622",
    "stop_name": "Метро \"Семёновская\"",
    "source": "справочник",
    "source_date": "2025-12-20",
    "direction_name": "Усадьба Останкино — Восточное Измайлово"
   }
  },
  {
   "type": "Feature",
   "geometry": {
    "type": "Point",
    "coordinates": [
     37.73112375,
     55.78258775
    ]
   },
   "properties": {
    "route": 11,
    "direction_id": 0,
    "stop_sequence": 28,
    "stop_id": "sprav:3623",
    "stop_name": "Улица Ибрагимова",
    "source": "справочник",
    "source_date": "2025-12-20",
    "direction_name": "Усадьба Останкино — Восточное Измайлово"
   }
  },
  {
   "type": "Feature",
   "geometry": {
    "type": "Point",
    "coordinates": [
     37.73864919,
     55.78286096
    ]
   },
   "properties": {
    "route": 11,
    "direction_id": 0,
    "stop_sequence": 29,
    "stop_id": "sprav:3624",
    "stop_name": "Фортунатовская улица",
    "source": "справочник",
    "source_date": "2025-12-20",
    "direction_name": "Усадьба Останкино — Восточное Измайлово"
   }
  },
  {
   "type": "Feature",
   "geometry": {
    "type": "Point",
    "coordinates": [
     37.74609084,
     55.78379333
    ]
   },
   "properties": {
    "route": 11,
    "direction_id": 0,
    "stop_sequence": 30,
    "stop_id": "sprav:16916",
    "stop_name": "Мост Окружной железной дороги",
    "source": "справочник",
    "source_date": "2025-12-20",
    "direction_name": "Усадьба Останкино — Восточное Измайлово"
   }
  },
  {
   "type": "Feature",
   "geometry": {
    "type": "Point",
    "coordinates": [
     37.75022768,
     55.78654187
    ]
   },
   "properties": {
    "route": 11,
    "direction_id": 0,
    "stop_sequence": 31,
    "stop_id": "sprav:8844",
    "stop_name": "Метро \"Партизанская\"",
    "source": "справочник",
    "source_date": "2025-12-20",
    "direction_name": "Усадьба Останкино — Восточное Измайлово"
   }
  },
  {
   "type": "Feature",
   "geometry": {
    "type": "Point",
    "coordinates": [
     37.76169693,
     55.7866487
    ]
   },
   "properties": {
    "route": 11,
    "direction_id": 0,
    "stop_sequence": 32,
    "stop_id": "sprav:3627",
    "stop_name": "Главная аллея",
    "source": "справочник",
    "source_date": "2025-12-20",
    "direction_name": "Усадьба Останкино — Восточное Измайлово"
   }
  },
  {
   "type": "Feature",
   "geometry": {
    "type": "Point",
    "coordinates": [
     37.77092625,
     55.79007904
    ]
   },
   "properties": {
    "route": 11,
    "direction_id": 0,
    "stop_sequence": 33,
    "stop_id": "sprav:7894",
    "stop_name": "Галерея \"Измайлово\"",
    "source": "справочник",
    "source_date": "2025-12-20",
    "direction_name": "Усадьба Останкино — Восточное Измайлово"
   }
  },
  {
   "type": "Feature",
   "geometry": {
    "type": "Point",
    "coordinates": [
     37.77820362,
     55.79207947
    ]
   },
   "properties": {
    "route": 11,
    "direction_id": 0,
    "stop_sequence": 34,
    "stop_id": "sprav:3628",
    "stop_name": "Измайловская площадь",
    "source": "справочник",
    "source_date": "2025-12-20",
    "direction_name": "Усадьба Останкино — Восточное Измайлово"
   }
  },
  {
   "type": "Feature",
   "geometry": {
    "type": "Point",
    "coordinates": [
     37.78379377,
     55.79281619
    ]
   },
   "properties": {
    "route": 11,
    "direction_id": 0,
    "stop_sequence": 35,
    "stop_id": "sprav:3629",
    "stop_name": "3-я Парковая улица",
    "source": "справочник",
    "source_date": "2025-12-20",
    "direction_name": "Усадьба Останкино — Восточное Измайлово"
   }
  },
  {
   "type": "Feature",
   "geometry": {
    "type": "Point",
    "coordinates": [
     37.78902938,
     55.792988
    ]
   },
   "properties": {
    "route": 11,
    "direction_id": 0,
    "stop_sequence": 36,
    "stop_id": "sprav:3630",
    "stop_name": "5-я Парковая улица",
    "source": "справочник",
    "source_date": "2025-12-20",
    "direction_name": "Усадьба Останкино — Восточное Измайлово"
   }
  },
  {
   "type": "Feature",
   "geometry": {
    "type": "Point",
    "coordinates": [
     37.79476118,
     55.79311915
    ]
   },
   "properties": {
    "route": 11,
    "direction_id": 0,
    "stop_sequence": 37,
    "stop_id": "sprav:3631",
    "stop_name": "7-я Парковая улица",
    "source": "справочник",
    "source_date": "2025-12-20",
    "direction_name": "Усадьба Останкино — Восточное Измайлово"
   }
  },
  {
   "type": "Feature",
   "geometry": {
    "type": "Point",
    "coordinates": [
     37.80028776,
     55.79317447
    ]
   },
   "properties": {
    "route": 11,
    "direction_id": 0,
    "stop_sequence": 38,
    "stop_id": "sprav:3632",
    "stop_name": "Метро \"Первомайская\"",
    "source": "справочник",
    "source_date": "2025-12-20",
    "direction_name": "Усадьба Останкино — Восточное Измайлово"
   }
  },
  {
   "type": "Feature",
   "geometry": {
    "type": "Point",
    "coordinates": [
     37.80625892,
     55.79327873
    ]
   },
   "properties": {
    "route": 11,
    "direction_id": 0,
    "stop_sequence": 39,
    "stop_id": "sprav:4072",
    "stop_name": "Районный центр \"Первомайский\"",
    "source": "справочник",
    "source_date": "2025-12-20",
    "direction_name": "Усадьба Останкино — Восточное Измайлово"
   }
  },
  {
   "type": "Feature",
   "geometry": {
    "type": "Point",
    "coordinates": [
     37.81327101,
     55.79339478
    ]
   },
   "properties": {
    "route": 11,
    "direction_id": 0,
    "stop_sequence": 40,
    "stop_id": "sprav:3691",
    "stop_name": "13-я Парковая улица",
    "source": "справочник",
    "source_date": "2025-12-20",
    "direction_name": "Усадьба Останкино — Восточное Измайлово"
   }
  },
  {
   "type": "Feature",
   "geometry": {
    "type": "Point",
    "coordinates": [
     37.8198454,
     55.79350052
    ]
   },
   "properties": {
    "route": 11,
    "direction_id": 0,
    "stop_sequence": 41,
    "stop_id": "sprav:3633",
    "stop_name": "15-я Парковая улица",
    "source": "справочник",
    "source_date": "2025-12-20",
    "direction_name": "Усадьба Останкино — Восточное Измайлово"
   }
  },
  {
   "type": "Feature",
   "geometry": {
    "type": "Point",
    "coordinates": [
     37.82268714,
     55.79448147
    ]
   },
   "properties": {
    "route": 11,
    "direction_id": 0,
    "stop_sequence": 42,
    "stop_id": "sprav:10463",
    "stop_name": "Восточное Измайлово",
    "source": "справочник",
    "source_date": "2025-12-20",
    "direction_name": "Усадьба Останкино — Восточное Измайлово"
   }
  },
  {
   "type": "Feature",
   "geometry": {
    "type": "Point",
    "coordinates": [
     37.82268714,
     55.79448147
    ]
   },
   "properties": {
    "route": 11,
    "direction_id": 1,
    "stop_sequence": 1,
    "stop_id": "sprav:10463",
    "stop_name": "Восточное Измайлово",
    "source": "справочник",
    "source_date": "2025-12-20",
    "direction_name": "Восточное Измайлово — Усадьба Останкино"
   }
  },
  {
   "type": "Feature",
   "geometry": {
    "type": "Point",
    "coordinates": [
     37.82154062,
     55.79364821
    ]
   },
   "properties": {
    "route": 11,
    "direction_id": 1,
    "stop_sequence": 2,
    "stop_id": "sprav:3707",
    "stop_name": "Восточное Измайлово",
    "source": "справочник",
    "source_date": "2025-12-20",
    "direction_name": "Восточное Измайлово — Усадьба Останкино"
   }
  },
  {
   "type": "Feature",
   "geometry": {
    "type": "Point",
    "coordinates": [
     37.81852669,
     55.7935984
    ]
   },
   "properties": {
    "route": 11,
    "direction_id": 1,
    "stop_sequence": 3,
    "stop_id": "sprav:3636",
    "stop_name": "15-я Парковая улица",
    "source": "справочник",
    "source_date": "2025-12-20",
    "direction_name": "Восточное Измайлово — Усадьба Останкино"
   }
  },
  {
   "type": "Feature",
   "geometry": {
    "type": "Point",
    "coordinates": [
     37.8121004,
     55.79349712
    ]
   },
   "properties": {
    "route": 11,
    "direction_id": 1,
    "stop_sequence": 4,
    "stop_id": "sprav:3637",
    "stop_name": "13-я Парковая улица",
    "source": "справочник",
    "source_date": "2025-12-20",
    "direction_name": "Восточное Измайлово — Усадьба Останкино"
   }
  },
  {
   "type": "Feature",
   "geometry": {
    "type": "Point",
    "coordinates": [
     37.80490753,
     55.79337532
    ]
   },
   "properties": {
    "route": 11,
    "direction_id": 1,
    "stop_sequence": 5,
    "stop_id": "sprav:4070",
    "stop_name": "Районный центр \"Первомайский\"",
    "source": "справочник",
    "source_date": "2025-12-20",
    "direction_name": "Восточное Измайлово — Усадьба Останкино"
   }
  },
  {
   "type": "Feature",
   "geometry": {
    "type": "Point",
    "coordinates": [
     37.79854007,
     55.79327072
    ]
   },
   "properties": {
    "route": 11,
    "direction_id": 1,
    "stop_sequence": 6,
    "stop_id": "sprav:4073",
    "stop_name": "Метро \"Первомайская\"",
    "source": "справочник",
    "source_date": "2025-12-20",
    "direction_name": "Восточное Измайлово — Усадьба Останкино"
   }
  },
  {
   "type": "Feature",
   "geometry": {
    "type": "Point",
    "coordinates": [
     37.79330963,
     55.79321952
    ]
   },
   "properties": {
    "route": 11,
    "direction_id": 1,
    "stop_sequence": 7,
    "stop_id": "sprav:3638",
    "stop_name": "7-я Парковая улица",
    "source": "справочник",
    "source_date": "2025-12-20",
    "direction_name": "Восточное Измайлово — Усадьба Останкино"
   }
  },
  {
   "type": "Feature",
   "geometry": {
    "type": "Point",
    "coordinates": [
     37.78740798,
     55.79308626
    ]
   },
   "properties": {
    "route": 11,
    "direction_id": 1,
    "stop_sequence": 8,
    "stop_id": "sprav:3639",
    "stop_name": "5-я Парковая улица",
    "source": "справочник",
    "source_date": "2025-12-20",
    "direction_name": "Восточное Измайлово — Усадьба Останкино"
   }
  },
  {
   "type": "Feature",
   "geometry": {
    "type": "Point",
    "coordinates": [
     37.78212551,
     55.7927587
    ]
   },
   "properties": {
    "route": 11,
    "direction_id": 1,
    "stop_sequence": 9,
    "stop_id": "sprav:3640",
    "stop_name": "3-я Парковая улица",
    "source": "справочник",
    "source_date": "2025-12-20",
    "direction_name": "Восточное Измайлово — Усадьба Останкино"
   }
  },
  {
   "type": "Feature",
   "geometry": {
    "type": "Point",
    "coordinates": [
     37.77504648,
     55.79145605
    ]
   },
   "properties": {
    "route": 11,
    "direction_id": 1,
    "stop_sequence": 10,
    "stop_id": "sprav:6257",
    "stop_name": "Измайловская площадь",
    "source": "справочник",
    "source_date": "2025-12-20",
    "direction_name": "Восточное Измайлово — Усадьба Останкино"
   }
  },
  {
   "type": "Feature",
   "geometry": {
    "type": "Point",
    "coordinates": [
     37.7708356,
     55.79019455
    ]
   },
   "properties": {
    "route": 11,
    "direction_id": 1,
    "stop_sequence": 11,
    "stop_id": "sprav:7896",
    "stop_name": "Галерея \"Измайлово\"",
    "source": "справочник",
    "source_date": "2025-12-20",
    "direction_name": "Восточное Измайлово — Усадьба Останкино"
   }
  },
  {
   "type": "Feature",
   "geometry": {
    "type": "Point",
    "coordinates": [
     37.76108428,
     55.78678655
    ]
   },
   "properties": {
    "route": 11,
    "direction_id": 1,
    "stop_sequence": 12,
    "stop_id": "sprav:7897",
    "stop_name": "Главная аллея",
    "source": "справочник",
    "source_date": "2025-12-20",
    "direction_name": "Восточное Измайлово — Усадьба Останкино"
   }
  },
  {
   "type": "Feature",
   "geometry": {
    "type": "Point",
    "coordinates": [
     37.75092424,
     55.78665204
    ]
   },
   "properties": {
    "route": 11,
    "direction_id": 1,
    "stop_sequence": 13,
    "stop_id": "sprav:8843",
    "stop_name": "Метро \"Партизанская\"",
    "source": "справочник",
    "source_date": "2025-12-20",
    "direction_name": "Восточное Измайлово — Усадьба Останкино"
   }
  },
  {
   "type": "Feature",
   "geometry": {
    "type": "Point",
    "coordinates": [
     37.74594301,
     55.78365525
    ]
   },
   "properties": {
    "route": 11,
    "direction_id": 1,
    "stop_sequence": 14,
    "stop_id": "sprav:16917",
    "stop_name": "Мост Окружной железной дороги",
    "source": "справочник",
    "source_date": "2025-12-20",
    "direction_name": "Восточное Измайлово — Усадьба Останкино"
   }
  },
  {
   "type": "Feature",
   "geometry": {
    "type": "Point",
    "coordinates": [
     37.73908137,
     55.78309315
    ]
   },
   "properties": {
    "route": 11,
    "direction_id": 1,
    "stop_sequence": 15,
    "stop_id": "sprav:3644",
    "stop_name": "Фортунатовская улица",
    "source": "справочник",
    "source_date": "2025-12-20",
    "direction_name": "Восточное Измайлово — Усадьба Останкино"
   }
  },
  {
   "type": "Feature",
   "geometry": {
    "type": "Point",
    "coordinates": [
     37.73005338,
     55.78269035
    ]
   },
   "properties": {
    "route": 11,
    "direction_id": 1,
    "stop_sequence": 16,
    "stop_id": "sprav:3645",
    "stop_name": "Улица Ибрагимова",
    "source": "справочник",
    "source_date": "2025-12-20",
    "direction_name": "Восточное Измайлово — Усадьба Останкино"
   }
  },
  {
   "type": "Feature",
   "geometry": {
    "type": "Point",
    "coordinates": [
     37.72186995,
     55.78238945
    ]
   },
   "properties": {
    "route": 11,
    "direction_id": 1,
    "stop_sequence": 17,
    "stop_id": "sprav:3646",
    "stop_name": "Метро \"Семёновская\"",
    "source": "справочник",
    "source_date": "2025-12-20",
    "direction_name": "Восточное Измайлово — Усадьба Останкино"
   }
  },
  {
   "type": "Feature",
   "geometry": {
    "type": "Point",
    "coordinates": [
     37.71879049,
     55.78259463
    ]
   },
   "properties": {
    "route": 11,
    "direction_id": 1,
    "stop_sequence": 18,
    "stop_id": "sprav:22812",
    "stop_name": "Метро \"Семёновская\"",
    "source": "справочник",
    "source_date": "2025-12-20",
    "direction_name": "Восточное Измайлово — Усадьба Останкино"
   }
  },
  {
   "type": "Feature",
   "geometry": {
    "type": "Point",
    "coordinates": [
     37.717206,
     55.78746136
    ]
   },
   "properties": {
    "route": 11,
    "direction_id": 1,
    "stop_sequence": 19,
    "stop_id": "sprav:3648",
    "stop_name": "Улица Измайловский Вал",
    "source": "справочник",
    "source_date": "2025-12-20",
    "direction_name": "Восточное Измайлово — Усадьба Останкино"
   }
  },
  {
   "type": "Feature",
   "geometry": {
    "type": "Point",
    "coordinates": [
     37.7167225,
     55.78927165
    ]
   },
   "properties": {
    "route": 11,
    "direction_id": 1,
    "stop_sequence": 20,
    "stop_id": "sprav:22817",
    "stop_name": "Улица Преображенский Вал",
    "source": "справочник",
    "source_date": "2025-12-20",
    "direction_name": "Восточное Измайлово — Усадьба Останкино"
   }
  },
  {
   "type": "Feature",
   "geometry": {
    "type": "Point",
    "coordinates": [
     37.71557242,
     55.79196763
    ]
   },
   "properties": {
    "route": 11,
    "direction_id": 1,
    "stop_sequence": 21,
    "stop_id": "sprav:5854",
    "stop_name": "Преображенское кладбище",
    "source": "справочник",
    "source_date": "2025-12-20",
    "direction_name": "Восточное Измайлово — Усадьба Останкино"
   }
  },
  {
   "type": "Feature",
   "geometry": {
    "type": "Point",
    "coordinates": [
     37.71483784,
     55.79467081
    ]
   },
   "properties": {
    "route": 11,
    "direction_id": 1,
    "stop_sequence": 22,
    "stop_id": "sprav:8595",
    "stop_name": "Метро \"Преображенская площадь\"",
    "source": "справочник",
    "source_date": "2025-12-20",
    "direction_name": "Восточное Измайлово — Усадьба Останкино"
   }
  },
  {
   "type": "Feature",
   "geometry": {
    "type": "Point",
    "coordinates": [
     37.71486676,
     55.7970052
    ]
   },
   "properties": {
    "route": 11,
    "direction_id": 1,
    "stop_sequence": 23,
    "stop_id": "sprav:3650",
    "stop_name": "Метро \"Преображенская площадь\"",
    "source": "справочник",
    "source_date": "2025-12-20",
    "direction_name": "Восточное Измайлово — Усадьба Останкино"
   }
  },
  {
   "type": "Feature",
   "geometry": {
    "type": "Point",
    "coordinates": [
     37.71291695,
     55.80015014
    ]
   },
   "properties": {
    "route": 11,
    "direction_id": 1,
    "stop_sequence": 24,
    "stop_id": "sprav:3651",
    "stop_name": "Улица Хромова",
    "source": "справочник",
    "source_date": "2025-12-20",
    "direction_name": "Восточное Измайлово — Усадьба Останкино"
   }
  },
  {
   "type": "Feature",
   "geometry": {
    "type": "Point",
    "coordinates": [
     37.70748084,
     55.80443371
    ]
   },
   "properties": {
    "route": 11,
    "direction_id": 1,
    "stop_sequence": 25,
    "stop_id": "sprav:3652",
    "stop_name": "Мосгорсуд",
    "source": "справочник",
    "source_date": "2025-12-20",
    "direction_name": "Восточное Измайлово — Усадьба Останкино"
   }
  },
  {
   "type": "Feature",
   "geometry": {
    "type": "Point",
    "coordinates": [
     37.70662416,
     55.80682671
    ]
   },
   "properties": {
    "route": 11,
    "direction_id": 1,
    "stop_sequence": 26,
    "stop_id": "sprav:3653",
    "stop_name": "Телерадиокомпания \"МИР\"",
    "source": "справочник",
    "source_date": "2025-12-20",
    "direction_name": "Восточное Измайлово — Усадьба Останкино"
   }
  },
  {
   "type": "Feature",
   "geometry": {
    "type": "Point",
    "coordinates": [
     37.70393402,
     55.81000988
    ]
   },
   "properties": {
    "route": 11,
    "direction_id": 1,
    "stop_sequence": 27,
    "stop_id": "sprav:3654",
    "stop_name": "1-я Прогонная улица",
    "source": "справочник",
    "source_date": "2025-12-20",
    "direction_name": "Восточное Измайлово — Усадьба Останкино"
   }
  },
  {
   "type": "Feature",
   "geometry": {
    "type": "Point",
    "coordinates": [
     37.69763443,
     55.81258472
    ]
   },
   "properties": {
    "route": 11,
    "direction_id": 1,
    "stop_sequence": 28,
    "stop_id": "sprav:3655",
    "stop_name": "Инновационный университет",
    "source": "справочник",
    "source_date": "2025-12-20",
    "direction_name": "Восточное Измайлово — Усадьба Останкино"
   }
  },
  {
   "type": "Feature",
   "geometry": {
    "type": "Point",
    "coordinates": [
     37.69426254,
     55.81493563
    ]
   },
   "properties": {
    "route": 11,
    "direction_id": 1,
    "stop_sequence": 29,
    "stop_id": "sprav:4531",
    "stop_name": "Богородский храм",
    "source": "справочник",
    "source_date": "2025-12-20",
    "direction_name": "Восточное Измайлово — Усадьба Останкино"
   }
  },
  {
   "type": "Feature",
   "geometry": {
    "type": "Point",
    "coordinates": [
     37.68872806,
     55.81701221
    ]
   },
   "properties": {
    "route": 11,
    "direction_id": 1,
    "stop_sequence": 30,
    "stop_id": "sprav:3656",
    "stop_name": "Богатырский мост",
    "source": "справочник",
    "source_date": "2025-12-20",
    "direction_name": "Восточное Измайлово — Усадьба Останкино"
   }
  },
  {
   "type": "Feature",
   "geometry": {
    "type": "Point",
    "coordinates": [
     37.68489199,
     55.81570202
    ]
   },
   "properties": {
    "route": 11,
    "direction_id": 1,
    "stop_sequence": 31,
    "stop_id": "sprav:7120",
    "stop_name": "Ростокинский проезд",
    "source": "справочник",
    "source_date": "2025-12-20",
    "direction_name": "Восточное Измайлово — Усадьба Останкино"
   }
  },
  {
   "type": "Feature",
   "geometry": {
    "type": "Point",
    "coordinates": [
     37.6789477,
     55.81738739
    ]
   },
   "properties": {
    "route": 11,
    "direction_id": 1,
    "stop_sequence": 32,
    "stop_id": "sprav:1233",
    "stop_name": "Лингвистический университет",
    "source": "справочник",
    "source_date": "2025-12-20",
    "direction_name": "Восточное Измайлово — Усадьба Останкино"
   }
  },
  {
   "type": "Feature",
   "geometry": {
    "type": "Point",
    "coordinates": [
     37.67074453,
     55.81930408
    ]
   },
   "properties": {
    "route": 11,
    "direction_id": 1,
    "stop_sequence": 33,
    "stop_id": "sprav:21896",
    "stop_name": "Станция Юных натуралистов",
    "source": "справочник",
    "source_date": "2025-12-20",
    "direction_name": "Восточное Измайлово — Усадьба Останкино"
   }
  },
  {
   "type": "Feature",
   "geometry": {
    "type": "Point",
    "coordinates": [
     37.66268397,
     55.8216512
    ]
   },
   "properties": {
    "route": 11,
    "direction_id": 1,
    "stop_sequence": 34,
    "stop_id": "sprav:1235",
    "stop_name": "Площадь Академика Люльки",
    "source": "справочник",
    "source_date": "2025-12-20",
    "direction_name": "Восточное Измайлово — Усадьба Останкино"
   }
  },
  {
   "type": "Feature",
   "geometry": {
    "type": "Point",
    "coordinates": [
     37.65853611,
     55.82292335
    ]
   },
   "properties": {
    "route": 11,
    "direction_id": 1,
    "stop_sequence": 35,
    "stop_id": "sprav:7164",
    "stop_name": "Улица Бориса Галушкина, 17",
    "source": "справочник",
    "source_date": "2025-12-20",
    "direction_name": "Восточное Измайлово — Усадьба Останкино"
   }
  },
  {
   "type": "Feature",
   "geometry": {
    "type": "Point",
    "coordinates": [
     37.6524134,
     55.82497515
    ]
   },
   "properties": {
    "route": 11,
    "direction_id": 1,
    "stop_sequence": 36,
    "stop_id": "sprav:7165",
    "stop_name": "Ярославская улица",
    "source": "справочник",
    "source_date": "2025-12-20",
    "direction_name": "Восточное Измайлово — Усадьба Останкино"
   }
  },
  {
   "type": "Feature",
   "geometry": {
    "type": "Point",
    "coordinates": [
     37.64888199,
     55.82637175
    ]
   },
   "properties": {
    "route": 11,
    "direction_id": 1,
    "stop_sequence": 37,
    "stop_id": "sprav:1238",
    "stop_name": "Проспект Мира",
    "source": "справочник",
    "source_date": "2025-12-20",
    "direction_name": "Восточное Измайлово — Усадьба Останкино"
   }
  },
  {
   "type": "Feature",
   "geometry": {
    "type": "Point",
    "coordinates": [
     37.64595709,
     55.82728059
    ]
   },
   "properties": {
    "route": 11,
    "direction_id": 1,
    "stop_sequence": 38,
    "stop_id": "sprav:10149",
    "stop_name": "ВДНХ (северная)",
    "source": "справочник",
    "source_date": "2025-12-20",
    "direction_name": "Восточное Измайлово — Усадьба Останкино"
   }
  },
  {
   "type": "Feature",
   "geometry": {
    "type": "Point",
    "coordinates": [
     37.63855518,
     55.82395384
    ]
   },
   "properties": {
    "route": 11,
    "direction_id": 1,
    "stop_sequence": 39,
    "stop_id": "sprav:10150",
    "stop_name": "Метро \"ВДНХ\"",
    "source": "справочник",
    "source_date": "2025-12-20",
    "direction_name": "Восточное Измайлово — Усадьба Останкино"
   }
  },
  {
   "type": "Feature",
   "geometry": {
    "type": "Point",
    "coordinates": [
     37.6339465,
     55.82214444
    ]
   },
   "properties": {
    "route": 11,
    "direction_id": 1,
    "stop_sequence": 40,
    "stop_id": "sprav:3657",
    "stop_name": "ВДНХ (южная)",
    "source": "справочник",
    "source_date": "2025-12-20",
    "direction_name": "Восточное Измайлово — Усадьба Останкино"
   }
  },
  {
   "type": "Feature",
   "geometry": {
    "type": "Point",
    "coordinates": [
     37.62890637,
     55.8218625
    ]
   },
   "properties": {
    "route": 11,
    "direction_id": 1,
    "stop_sequence": 41,
    "stop_id": "sprav:3658",
    "stop_name": "Улица Цандера",
    "source": "справочник",
    "source_date": "2025-12-20",
    "direction_name": "Восточное Измайлово — Усадьба Останкино"
   }
  },
  {
   "type": "Feature",
   "geometry": {
    "type": "Point",
    "coordinates": [
     37.62187219,
     55.82192054
    ]
   },
   "properties": {
    "route": 11,
    "direction_id": 1,
    "stop_sequence": 42,
    "stop_id": "sprav:3659",
    "stop_name": "Аргуновская улица",
    "source": "справочник",
    "source_date": "2025-12-20",
    "direction_name": "Восточное Измайлово — Усадьба Останкино"
   }
  },
  {
   "type": "Feature",
   "geometry": {
    "type": "Point",
    "coordinates": [
     37.61705787,
     55.8227811
    ]
   },
   "properties": {
    "route": 11,
    "direction_id": 1,
    "stop_sequence": 43,
    "stop_id": "sprav:6152",
    "stop_name": "Усадьба Останкино",
    "source": "справочник",
    "source_date": "2025-12-20",
    "direction_name": "Восточное Измайлово — Усадьба Останкино"
   }
  },
  {
   "type": "Feature",
   "geometry": {
    "type": "Point",
    "coordinates": [
     37.82268714,
     55.79448147
    ]
   },
   "properties": {
    "route": 12,
    "direction_id": 0,
    "stop_sequence": 1,
    "stop_id": "sprav:10463",
    "stop_name": "Восточное Измайлово",
    "source": "справочник",
    "source_date": "2025-12-20",
    "direction_name": "Восточное Измайлово — МЦК Дубровка"
   }
  },
  {
   "type": "Feature",
   "geometry": {
    "type": "Point",
    "coordinates": [
     37.82154062,
     55.79364821
    ]
   },
   "properties": {
    "route": 12,
    "direction_id": 0,
    "stop_sequence": 2,
    "stop_id": "sprav:3707",
    "stop_name": "Восточное Измайлово",
    "source": "справочник",
    "source_date": "2025-12-20",
    "direction_name": "Восточное Измайлово — МЦК Дубровка"
   }
  },
  {
   "type": "Feature",
   "geometry": {
    "type": "Point",
    "coordinates": [
     37.81852669,
     55.7935984
    ]
   },
   "properties": {
    "route": 12,
    "direction_id": 0,
    "stop_sequence": 3,
    "stop_id": "sprav:3636",
    "stop_name": "15-я Парковая улица",
    "source": "справочник",
    "source_date": "2025-12-20",
    "direction_name": "Восточное Измайлово — МЦК Дубровка"
   }
  },
  {
   "type": "Feature",
   "geometry": {
    "type": "Point",
    "coordinates": [
     37.8121004,
     55.79349712
    ]
   },
   "properties": {
    "route": 12,
    "direction_id": 0,
    "stop_sequence": 4,
    "stop_id": "sprav:3637",
    "stop_name": "13-я Парковая улица",
    "source": "справочник",
    "source_date": "2025-12-20",
    "direction_name": "Восточное Измайлово — МЦК Дубровка"
   }
  },
  {
   "type": "Feature",
   "geometry": {
    "type": "Point",
    "coordinates": [
     37.80490753,
     55.79337532
    ]
   },
   "properties": {
    "route": 12,
    "direction_id": 0,
    "stop_sequence": 5,
    "stop_id": "sprav:4070",
    "stop_name": "Районный центр \"Первомайский\"",
    "source": "справочник",
    "source_date": "2025-12-20",
    "direction_name": "Восточное Измайлово — МЦК Дубровка"
   }
  },
  {
   "type": "Feature",
   "geometry": {
    "type": "Point",
    "coordinates": [
     37.79854007,
     55.79327072
    ]
   },
   "properties": {
    "route": 12,
    "direction_id": 0,
    "stop_sequence": 6,
    "stop_id": "sprav:4073",
    "stop_name": "Метро \"Первомайская\"",
    "source": "справочник",
    "source_date": "2025-12-20",
    "direction_name": "Восточное Измайлово — МЦК Дубровка"
   }
  },
  {
   "type": "Feature",
   "geometry": {
    "type": "Point",
    "coordinates": [
     37.79330963,
     55.79321952
    ]
   },
   "properties": {
    "route": 12,
    "direction_id": 0,
    "stop_sequence": 7,
    "stop_id": "sprav:3638",
    "stop_name": "7-я Парковая улица",
    "source": "справочник",
    "source_date": "2025-12-20",
    "direction_name": "Восточное Измайлово — МЦК Дубровка"
   }
  },
  {
   "type": "Feature",
   "geometry": {
    "type": "Point",
    "coordinates": [
     37.78740798,
     55.79308626
    ]
   },
   "properties": {
    "route": 12,
    "direction_id": 0,
    "stop_sequence": 8,
    "stop_id": "sprav:3639",
    "stop_name": "5-я Парковая улица",
    "source": "справочник",
    "source_date": "2025-12-20",
    "direction_name": "Восточное Измайлово — МЦК Дубровка"
   }
  },
  {
   "type": "Feature",
   "geometry": {
    "type": "Point",
    "coordinates": [
     37.78212551,
     55.7927587
    ]
   },
   "properties": {
    "route": 12,
    "direction_id": 0,
    "stop_sequence": 9,
    "stop_id": "sprav:3640",
    "stop_name": "3-я Парковая улица",
    "source": "справочник",
    "source_date": "2025-12-20",
    "direction_name": "Восточное Измайлово — МЦК Дубровка"
   }
  },
  {
   "type": "Feature",
   "geometry": {
    "type": "Point",
    "coordinates": [
     37.77504648,
     55.79145605
    ]
   },
   "properties": {
    "route": 12,
    "direction_id": 0,
    "stop_sequence": 10,
    "stop_id": "sprav:6257",
    "stop_name": "Измайловская площадь",
    "source": "справочник",
    "source_date": "2025-12-20",
    "direction_name": "Восточное Измайлово — МЦК Дубровка"
   }
  },
  {
   "type": "Feature",
   "geometry": {
    "type": "Point",
    "coordinates": [
     37.7708356,
     55.79019455
    ]
   },
   "properties": {
    "route": 12,
    "direction_id": 0,
    "stop_sequence": 11,
    "stop_id": "sprav:7896",
    "stop_name": "Галерея \"Измайлово\"",
    "source": "справочник",
    "source_date": "2025-12-20",
    "direction_name": "Восточное Измайлово — МЦК Дубровка"
   }
  },
  {
   "type": "Feature",
   "geometry": {
    "type": "Point",
    "coordinates": [
     37.76108428,
     55.78678655
    ]
   },
   "properties": {
    "route": 12,
    "direction_id": 0,
    "stop_sequence": 12,
    "stop_id": "sprav:7897",
    "stop_name": "Главная аллея",
    "source": "справочник",
    "source_date": "2025-12-20",
    "direction_name": "Восточное Измайлово — МЦК Дубровка"
   }
  },
  {
   "type": "Feature",
   "geometry": {
    "type": "Point",
    "coordinates": [
     37.75092424,
     55.78665204
    ]
   },
   "properties": {
    "route": 12,
    "direction_id": 0,
    "stop_sequence": 13,
    "stop_id": "sprav:8843",
    "stop_name": "Метро \"Партизанская\"",
    "source": "справочник",
    "source_date": "2025-12-20",
    "direction_name": "Восточное Измайлово — МЦК Дубровка"
   }
  },
  {
   "type": "Feature",
   "geometry": {
    "type": "Point",
    "coordinates": [
     37.74594301,
     55.78365525
    ]
   },
   "properties": {
    "route": 12,
    "direction_id": 0,
    "stop_sequence": 14,
    "stop_id": "sprav:16917",
    "stop_name": "Мост Окружной железной дороги",
    "source": "справочник",
    "source_date": "2025-12-20",
    "direction_name": "Восточное Измайлово — МЦК Дубровка"
   }
  },
  {
   "type": "Feature",
   "geometry": {
    "type": "Point",
    "coordinates": [
     37.73908137,
     55.78309315
    ]
   },
   "properties": {
    "route": 12,
    "direction_id": 0,
    "stop_sequence": 15,
    "stop_id": "sprav:3644",
    "stop_name": "Фортунатовская улица",
    "source": "справочник",
    "source_date": "2025-12-20",
    "direction_name": "Восточное Измайлово — МЦК Дубровка"
   }
  },
  {
   "type": "Feature",
   "geometry": {
    "type": "Point",
    "coordinates": [
     37.73005338,
     55.78269035
    ]
   },
   "properties": {
    "route": 12,
    "direction_id": 0,
    "stop_sequence": 16,
    "stop_id": "sprav:3645",
    "stop_name": "Улица Ибрагимова",
    "source": "справочник",
    "source_date": "2025-12-20",
    "direction_name": "Восточное Измайлово — МЦК Дубровка"
   }
  },
  {
   "type": "Feature",
   "geometry": {
    "type": "Point",
    "coordinates": [
     37.72186995,
     55.78238945
    ]
   },
   "properties": {
    "route": 12,
    "direction_id": 0,
    "stop_sequence": 17,
    "stop_id": "sprav:3646",
    "stop_name": "Метро \"Семёновская\"",
    "source": "справочник",
    "source_date": "2025-12-20",
    "direction_name": "Восточное Измайлово — МЦК Дубровка"
   }
  },
  {
   "type": "Feature",
   "geometry": {
    "type": "Point",
    "coordinates": [
     37.71850165,
     55.78165116
    ]
   },
   "properties": {
    "route": 12,
    "direction_id": 0,
    "stop_sequence": 18,
    "stop_id": "sprav:21450",
    "stop_name": "Метро \"Семёновская\"",
    "source": "справочник",
    "source_date": "2025-12-20",
    "direction_name": "Восточное Измайлово — МЦК Дубровка"
   }
  },
  {
   "type": "Feature",
   "geometry": {
    "type": "Point",
    "coordinates": [
     37.72132116,
     55.77756426
    ]
   },
   "properties": {
    "route": 12,
    "direction_id": 0,
    "stop_sequence": 19,
    "stop_id": "sprav:4659",
    "stop_name": "Кирпичная улица",
    "source": "справочник",
    "source_date": "2025-12-20",
    "direction_name": "Восточное Измайлово — МЦК Дубровка"
   }
  },
  {
   "type": "Feature",
   "geometry": {
    "type": "Point",
    "coordinates": [
     37.72335535,
     55.77530992
    ]
   },
   "properties": {
    "route": 12,
    "direction_id": 0,
    "stop_sequence": 20,
    "stop_id": "sprav:22816",
    "stop_name": "Вольная улица",
    "source": "справочник",
    "source_date": "2025-12-20",
    "direction_name": "Восточное Измайлово — МЦК Дубровка"
   }
  },
  {
   "type": "Feature",
   "geometry": {
    "type": "Point",
    "coordinates": [
     37.72620637,
     55.77217249
    ]
   },
   "properties": {
    "route": 12,
    "direction_id": 0,
    "stop_sequence": 21,
    "stop_id": "sprav:4074",
    "stop_name": "10-я улица Соколиной Горы",
    "source": "справочник",
    "source_date": "2025-12-20",
    "direction_name": "Восточное Измайлово — МЦК Дубровка"
   }
  },
  {
   "type": "Feature",
   "geometry": {
    "type": "Point",
    "coordinates": [
     37.72829742,
     55.76985337
    ]
   },
   "properties": {
    "route": 12,
    "direction_id": 0,
    "stop_sequence": 22,
    "stop_id": "sprav:3927",
    "stop_name": "9-я улица Соколиной Горы",
    "source": "справочник",
    "source_date": "2025-12-20",
    "direction_name": "Восточное Измайлово — МЦК Дубровка"
   }
  },
  {
   "type": "Feature",
   "geometry": {
    "type": "Point",
    "coordinates": [
     37.72997799,
     55.76801258
    ]
   },
   "properties": {
    "route": 12,
    "direction_id": 0,
    "stop_sequence": 23,
    "stop_id": "sprav:4657",
    "stop_name": "8-я улица Соколиной Горы",
    "source": "справочник",
    "source_date": "2025-12-20",
    "direction_name": "Восточное Измайлово — МЦК Дубровка"
   }
  },
  {
   "type": "Feature",
   "geometry": {
    "type": "Point",
    "coordinates": [
     37.73237164,
     55.76537644
    ]
   },
   "properties": {
    "route": 12,
    "direction_id": 0,
    "stop_sequence": 24,
    "stop_id": "sprav:10406",
    "stop_name": "Проспект Будённого, 24",
    "source": "справочник",
    "source_date": "2025-12-20",
    "direction_name": "Восточное Измайлово — МЦК Дубровка"
   }
  },
  {
   "type": "Feature",
   "geometry": {
    "type": "Point",
    "coordinates": [
     37.73501869,
     55.76250165
    ]
   },
   "properties": {
    "route": 12,
    "direction_id": 0,
    "stop_sequence": 25,
    "stop_id": "sprav:4661",
    "stop_name": "5-я улица Соколиной Горы",
    "source": "справочник",
    "source_date": "2025-12-20",
    "direction_name": "Восточное Измайлово — МЦК Дубровка"
   }
  },
  {
   "type": "Feature",
   "geometry": {
    "type": "Point",
    "coordinates": [
     37.73699846,
     55.76037197
    ]
   },
   "properties": {
    "route": 12,
    "direction_id": 0,
    "stop_sequence": 26,
    "stop_id": "sprav:16114",
    "stop_name": "3-я улица Соколиной Горы",
    "source": "справочник",
    "source_date": "2025-12-20",
    "direction_name": "Восточное Измайлово — МЦК Дубровка"
   }
  },
  {
   "type": "Feature",
   "geometry": {
    "type": "Point",
    "coordinates": [
     37.73982687,
     55.75726262
    ]
   },
   "properties": {
    "route": 12,
    "direction_id": 0,
    "stop_sequence": 27,
    "stop_id": "sprav:3941",
    "stop_name": "Гаражная улица",
    "source": "справочник",
    "source_date": "2025-12-20",
    "direction_name": "Восточное Измайлово — МЦК Дубровка"
   }
  },
  {
   "type": "Feature",
   "geometry": {
    "type": "Point",
    "coordinates": [
     37.73695626,
     55.75561843
    ]
   },
   "properties": {
    "route": 12,
    "direction_id": 0,
    "stop_sequence": 28,
    "stop_id": "sprav:6090",
    "stop_name": "Улица Буракова",
    "source": "справочник",
    "source_date": "2025-12-20",
    "direction_name": "Восточное Измайлово — МЦК Дубровка"
   }
  },
  {
   "type": "Feature",
   "geometry": {
    "type": "Point",
    "coordinates": [
     37.72392332,
     55.75309599
    ]
   },
   "properties": {
    "route": 12,
    "direction_id": 0,
    "stop_sequence": 29,
    "stop_id": "sprav:6264",
    "stop_name": "Дом культуры \"Компрессор\"",
    "source": "справочник",
    "source_date": "2025-12-20",
    "direction_name": "Восточное Измайлово — МЦК Дубровка"
   }
  },
  {
   "type": "Feature",
   "geometry": {
    "type": "Point",
    "coordinates": [
     37.72077085,
     55.75246234
    ]
   },
   "properties": {
    "route": 12,
    "direction_id": 0,
    "stop_sequence": 30,
    "stop_id": "sprav:1009094",
    "stop_name": "Метро \"Авиамоторная\"",
    "source": "справочник",
    "source_date": "2025-12-20",
    "direction_name": "Восточное Измайлово — МЦК Дубровка"
   }
  },
  {
   "type": "Feature",
   "geometry": {
    "type": "Point",
    "coordinates": [
     37.71547704,
     55.75147797
    ]
   },
   "properties": {
    "route": 12,
    "direction_id": 0,
    "stop_sequence": 31,
    "stop_id": "sprav:14572",
    "stop_name": "Метро \"Авиамоторная\"",
    "source": "справочник",
    "source_date": "2025-12-20",
    "direction_name": "Восточное Измайлово — МЦК Дубровка"
   }
  },
  {
   "type": "Feature",
   "geometry": {
    "type": "Point",
    "coordinates": [
     37.70916248,
     55.75019468
    ]
   },
   "properties": {
    "route": 12,
    "direction_id": 0,
    "stop_sequence": 32,
    "stop_id": "sprav:22095",
    "stop_name": "Горбатый путепровод",
    "source": "справочник",
    "source_date": "2025-12-20",
    "direction_name": "Восточное Измайлово — МЦК Дубровка"
   }
  },
  {
   "type": "Feature",
   "geometry": {
    "type": "Point",
    "coordinates": [
     37.70119769,
     55.74863737
    ]
   },
   "properties": {
    "route": 12,
    "direction_id": 0,
    "stop_sequence": 33,
    "stop_id": "sprav:6009",
    "stop_name": "Душинская улица",
    "source": "справочник",
    "source_date": "2025-12-20",
    "direction_name": "Восточное Измайлово — МЦК Дубровка"
   }
  },
  {
   "type": "Feature",
   "geometry": {
    "type": "Point",
    "coordinates": [
     37.69482339,
     55.74786714
    ]
   },
   "properties": {
    "route": 12,
    "direction_id": 0,
    "stop_sequence": 34,
    "stop_id": "sprav:15496",
    "stop_name": "Старообрядческая улица",
    "source": "справочник",
    "source_date": "2025-12-20",
    "direction_name": "Восточное Измайлово — МЦК Дубровка"
   }
  },
  {
   "type": "Feature",
   "geometry": {
    "type": "Point",
    "coordinates": [
     37.68921718,
     55.74743741
    ]
   },
   "properties": {
    "route": 12,
    "direction_id": 0,
    "stop_sequence": 35,
    "stop_id": "sprav:7606",
    "stop_name": "МЦД Москва-Товарная",
    "source": "справочник",
    "source_date": "2025-12-20",
    "direction_name": "Восточное Измайлово — МЦК Дубровка"
   }
  },
  {
   "type": "Feature",
   "geometry": {
    "type": "Point",
    "coordinates": [
     37.68165749,
     55.74687906
    ]
   },
   "properties": {
    "route": 12,
    "direction_id": 0,
    "stop_sequence": 36,
    "stop_id": "sprav:14922",
    "stop_name": "Метро \"Площадь Ильича\"",
    "source": "справочник",
    "source_date": "2025-12-20",
    "direction_name": "Восточное Измайлово — МЦК Дубровка"
   }
  },
  {
   "type": "Feature",
   "geometry": {
    "type": "Point",
    "coordinates": [
     37.67860398,
     55.74524225
    ]
   },
   "properties": {
    "route": 12,
    "direction_id": 0,
    "stop_sequence": 37,
    "stop_id": "sprav:6011",
    "stop_name": "Библиотечная улица",
    "source": "справочник",
    "source_date": "2025-12-20",
    "direction_name": "Восточное Измайлово — МЦК Дубровка"
   }
  },
  {
   "type": "Feature",
   "geometry": {
    "type": "Point",
    "coordinates": [
     37.67672405,
     55.74318985
    ]
   },
   "properties": {
    "route": 12,
    "direction_id": 0,
    "stop_sequence": 38,
    "stop_id": "sprav:6012",
    "stop_name": "Новорогожская улица",
    "source": "справочник",
    "source_date": "2025-12-20",
    "direction_name": "Восточное Измайлово — МЦК Дубровка"
   }
  },
  {
   "type": "Feature",
   "geometry": {
    "type": "Point",
    "coordinates": [
     37.67422608,
     55.74057473
    ]
   },
   "properties": {
    "route": 12,
    "direction_id": 0,
    "stop_sequence": 39,
    "stop_id": "sprav:6013",
    "stop_name": "Малая Андроньевская улица",
    "source": "справочник",
    "source_date": "2025-12-20",
    "direction_name": "Восточное Измайлово — МЦК Дубровка"
   }
  },
  {
   "type": "Feature",
   "geometry": {
    "type": "Point",
    "coordinates": [
     37.67244582,
     55.73798843
    ]
   },
   "properties": {
    "route": 12,
    "direction_id": 0,
    "stop_sequence": 40,
    "stop_id": "sprav:22949",
    "stop_name": "Абельмановская Застава",
    "source": "справочник",
    "source_date": "2025-12-20",
    "direction_name": "Восточное Измайлово — МЦК Дубровка"
   }
  },
  {
   "type": "Feature",
   "geometry": {
    "type": "Point",
    "coordinates": [
     37.67026601,
     55.73521976
    ]
   },
   "properties": {
    "route": 12,
    "direction_id": 0,
    "stop_sequence": 41,
    "stop_id": "sprav:6014",
    "stop_name": "Кинотеатр \"Победа\"",
    "source": "справочник",
    "source_date": "2025-12-20",
    "direction_name": "Восточное Измайлово — МЦК Дубровка"
   }
  },
  {
   "type": "Feature",
   "geometry": {
    "type": "Point",
    "coordinates": [
     37.6634618,
     55.73133132
    ]
   },
   "properties": {
    "route": 12,
    "direction_id": 0,
    "stop_sequence": 42,
    "stop_id": "sprav:6023",
    "stop_name": "Метро \"Пролетарская\"",
    "source": "справочник",
    "source_date": "2025-12-20",
    "direction_name": "Восточное Измайлово — МЦК Дубровка"
   }
  },
  {
   "type": "Feature",
   "geometry": {
    "type": "Point",
    "coordinates": [
     37.66152474,
     55.72975115
    ]
   },
   "properties": {
    "route": 12,
    "direction_id": 0,
    "stop_sequence": 43,
    "stop_id": "sprav:8610",
    "stop_name": "Динамовская улица",
    "source": "справочник",
    "source_date": "2025-12-20",
    "direction_name": "Восточное Измайлово — МЦК Дубровка"
   }
  },
  {
   "type": "Feature",
   "geometry": {
    "type": "Point",
    "coordinates": [
     37.66331442,
     55.72684475
    ]
   },
   "properties": {
    "route": 12,
    "direction_id": 0,
    "stop_sequence": 44,
    "stop_id": "sprav:8611",
    "stop_name": "Арбатецкая улица",
    "source": "справочник",
    "source_date": "2025-12-20",
    "direction_name": "Восточное Измайлово — МЦК Дубровка"
   }
  },
  {
   "type": "Feature",
   "geometry": {
    "type": "Point",
    "coordinates": [
     37.66395416,
     55.72424032
    ]
   },
   "properties": {
    "route": 12,
    "direction_id": 0,
    "stop_sequence": 45,
    "stop_id": "sprav:1000509",
    "stop_name": "Шарикоподшипниковская улица",
    "source": "справочник",
    "source_date": "2025-12-20",
    "direction_name": "Восточное Измайлово — МЦК Дубровка"
   }
  },
  {
   "type": "Feature",
   "geometry": {
    "type": "Point",
    "coordinates": [
     37.66849532,
     55.72188493
    ]
   },
   "properties": {
    "route": 12,
    "direction_id": 0,
    "stop_sequence": 46,
    "stop_id": "sprav:6016",
    "stop_name": "ЦНИИТМАШ",
    "source": "справочник",
    "source_date": "2025-12-20",
    "direction_name": "Восточное Измайлово — МЦК Дубровка"
   }
  },
  {
   "type": "Feature",
   "geometry": {
    "type": "Point",
    "coordinates": [
     37.67388165,
     55.72083739
    ]
   },
   "properties": {
    "route": 12,
    "direction_id": 0,
    "stop_sequence": 47,
    "stop_id": "sprav:6020",
    "stop_name": "Новоостаповская улица",
    "source": "справочник",
    "source_date": "2025-12-20",
    "direction_name": "Восточное Измайлово — МЦК Дубровка"
   }
  },
  {
   "type": "Feature",
   "geometry": {
    "type": "Point",
    "coordinates": [
     37.6760721,
     55.71818243
    ]
   },
   "properties": {
    "route": 12,
    "direction_id": 0,
    "stop_sequence": 48,
    "stop_id": "sprav:5387",
    "stop_name": "Метро \"Дубровка\"",
    "source": "справочник",
    "source_date": "2025-12-20",
    "direction_name": "Восточное Измайлово — МЦК Дубровка"
   }
  },
  {
   "type": "Feature",
   "geometry": {
    "type": "Point",
    "coordinates": [
     37.67823797,
     55.71537983
    ]
   },
   "properties": {
    "route": 12,
    "direction_id": 0,
    "stop_sequence": 49,
    "stop_id": "sprav:10737",
    "stop_name": "МЦК Дубровка",
    "source": "справочник",
    "source_date": "2025-12-20",
    "direction_name": "Восточное Измайлово — МЦК Дубровка"
   }
  },
  {
   "type": "Feature",
   "geometry": {
    "type": "Point",
    "coordinates": [
     37.67850074,
     55.71421404
    ]
   },
   "properties": {
    "route": 12,
    "direction_id": 0,
    "stop_sequence": 50,
    "stop_id": "sprav:8439",
    "stop_name": "МЦК Дубровка",
    "source": "справочник",
    "source_date": "2025-12-20",
    "direction_name": "Восточное Измайлово — МЦК Дубровка"
   }
  },
  {
   "type": "Feature",
   "geometry": {
    "type": "Point",
    "coordinates": [
     37.67850074,
     55.71421404
    ]
   },
   "properties": {
    "route": 12,
    "direction_id": 1,
    "stop_sequence": 1,
    "stop_id": "sprav:8439",
    "stop_name": "МЦК Дубровка",
    "source": "справочник",
    "source_date": "2025-12-20",
    "direction_name": "МЦК Дубровка — Восточное Измайлово"
   }
  },
  {
   "type": "Feature",
   "geometry": {
    "type": "Point",
    "coordinates": [
     37.67853812,
     55.71521257
    ]
   },
   "properties": {
    "route": 12,
    "direction_id": 1,
    "stop_sequence": 2,
    "stop_id": "sprav:8098",
    "stop_name": "МЦК Дубровка",
    "source": "справочник",
    "source_date": "2025-12-20",
    "direction_name": "МЦК Дубровка — Восточное Измайлово"
   }
  },
  {
   "type": "Feature",
   "geometry": {
    "type": "Point",
    "coordinates": [
     37.67652303,
     55.71787208
    ]
   },
   "properties": {
    "route": 12,
    "direction_id": 1,
    "stop_sequence": 3,
    "stop_id": "sprav:6019",
    "stop_name": "Метро \"Дубровка\"",
    "source": "справочник",
    "source_date": "2025-12-20",
    "direction_name": "МЦК Дубровка — Восточное Измайлово"
   }
  },
  {
   "type": "Feature",
   "geometry": {
    "type": "Point",
    "coordinates": [
     37.6746132,
     55.72044752
    ]
   },
   "properties": {
    "route": 12,
    "direction_id": 1,
    "stop_sequence": 4,
    "stop_id": "sprav:6017",
    "stop_name": "Новоостаповская улица",
    "source": "справочник",
    "source_date": "2025-12-20",
    "direction_name": "МЦК Дубровка — Восточное Измайлово"
   }
  },
  {
   "type": "Feature",
   "geometry": {
    "type": "Point",
    "coordinates": [
     37.66913948,
     55.72198839
    ]
   },
   "properties": {
    "route": 12,
    "direction_id": 1,
    "stop_sequence": 5,
    "stop_id": "sprav:6021",
    "stop_name": "ЦНИИТМАШ",
    "source": "справочник",
    "source_date": "2025-12-20",
    "direction_name": "МЦК Дубровка — Восточное Измайлово"
   }
  },
  {
   "type": "Feature",
   "geometry": {
    "type": "Point",
    "coordinates": [
     37.66417052,
     55.72367835
    ]
   },
   "properties": {
    "route": 12,
    "direction_id": 1,
    "stop_sequence": 6,
    "stop_id": "sprav:3788",
    "stop_name": "Шарикоподшипниковская улица",
    "source": "справочник",
    "source_date": "2025-12-20",
    "direction_name": "МЦК Дубровка — Восточное Измайлово"
   }
  },
  {
   "type": "Feature",
   "geometry": {
    "type": "Point",
    "coordinates": [
     37.66354269,
     55.72674768
    ]
   },
   "properties": {
    "route": 12,
    "direction_id": 1,
    "stop_sequence": 7,
    "stop_id": "sprav:8612",
    "stop_name": "Арбатецкая улица",
    "source": "справочник",
    "source_date": "2025-12-20",
    "direction_name": "МЦК Дубровка — Восточное Измайлово"
   }
  },
  {
   "type": "Feature",
   "geometry": {
    "type": "Point",
    "coordinates": [
     37.66156425,
     55.73006156
    ]
   },
   "properties": {
    "route": 12,
    "direction_id": 1,
    "stop_sequence": 8,
    "stop_id": "sprav:8613",
    "stop_name": "Динамовская улица",
    "source": "справочник",
    "source_date": "2025-12-20",
    "direction_name": "МЦК Дубровка — Восточное Измайлово"
   }
  },
  {
   "type": "Feature",
   "geometry": {
    "type": "Point",
    "coordinates": [
     37.66409171,
     55.73134335
    ]
   },
   "properties": {
    "route": 12,
    "direction_id": 1,
    "stop_sequence": 9,
    "stop_id": "sprav:7193",
    "stop_name": "Метро \"Пролетарская\"",
    "source": "справочник",
    "source_date": "2025-12-20",
    "direction_name": "МЦК Дубровка — Восточное Измайлово"
   }
  },
  {
   "type": "Feature",
   "geometry": {
    "type": "Point",
    "coordinates": [
     37.67037214,
     55.73487675
    ]
   },
   "properties": {
    "route": 12,
    "direction_id": 1,
    "stop_sequence": 10,
    "stop_id": "sprav:6024",
    "stop_name": "Кинотеатр \"Победа\"",
    "source": "справочник",
    "source_date": "2025-12-20",
    "direction_name": "МЦК Дубровка — Восточное Измайлово"
   }
  },
  {
   "type": "Feature",
   "geometry": {
    "type": "Point",
    "coordinates": [
     37.67259894,
     55.73794835
    ]
   },
   "properties": {
    "route": 12,
    "direction_id": 1,
    "stop_sequence": 11,
    "stop_id": "sprav:6025",
    "stop_name": "Абельмановская Застава",
    "source": "справочник",
    "source_date": "2025-12-20",
    "direction_name": "МЦК Дубровка — Восточное Измайлово"
   }
  },
  {
   "type": "Feature",
   "geometry": {
    "type": "Point",
    "coordinates": [
     37.67741908,
     55.74348693
    ]
   },
   "properties": {
    "route": 12,
    "direction_id": 1,
    "stop_sequence": 12,
    "stop_id": "sprav:6026",
    "stop_name": "Новорогожская улица",
    "source": "справочник",
    "source_date": "2025-12-20",
    "direction_name": "МЦК Дубровка — Восточное Измайлово"
   }
  },
  {
   "type": "Feature",
   "geometry": {
    "type": "Point",
    "coordinates": [
     37.67909484,
     55.74522631
    ]
   },
   "properties": {
    "route": 12,
    "direction_id": 1,
    "stop_sequence": 13,
    "stop_id": "sprav:6027",
    "stop_name": "Библиотечная улица",
    "source": "справочник",
    "source_date": "2025-12-20",
    "direction_name": "МЦК Дубровка — Восточное Измайлово"
   }
  },
  {
   "type": "Feature",
   "geometry": {
    "type": "Point",
    "coordinates": [
     37.68172587,
     55.74677458
    ]
   },
   "properties": {
    "route": 12,
    "direction_id": 1,
    "stop_sequence": 14,
    "stop_id": "sprav:8459",
    "stop_name": "Метро \"Площадь Ильича\"",
    "source": "справочник",
    "source_date": "2025-12-20",
    "direction_name": "МЦК Дубровка — Восточное Измайлово"
   }
  },
  {
   "type": "Feature",
   "geometry": {
    "type": "Point",
    "coordinates": [
     37.68947773,
     55.7473783
    ]
   },
   "properties": {
    "route": 12,
    "direction_id": 1,
    "stop_sequence": 15,
    "stop_id": "sprav:7605",
    "stop_name": "МЦД Москва-Товарная",
    "source": "справочник",
    "source_date": "2025-12-20",
    "direction_name": "МЦК Дубровка — Восточное Измайлово"
   }
  },
  {
   "type": "Feature",
   "geometry": {
    "type": "Point",
    "coordinates": [
     37.69341695,
     55.74765675
    ]
   },
   "properties": {
    "route": 12,
    "direction_id": 1,
    "stop_sequence": 16,
    "stop_id": "sprav:15495",
    "stop_name": "Старообрядческая улица",
    "source": "справочник",
    "source_date": "2025-12-20",
    "direction_name": "МЦК Дубровка — Восточное Измайлово"
   }
  },
  {
   "type": "Feature",
   "geometry": {
    "type": "Point",
    "coordinates": [
     37.7020464,
     55.74870511
    ]
   },
   "properties": {
    "route": 12,
    "direction_id": 1,
    "stop_sequence": 17,
    "stop_id": "sprav:6029",
    "stop_name": "Душинская улица",
    "source": "справочник",
    "source_date": "2025-12-20",
    "direction_name": "МЦК Дубровка — Восточное Измайлово"
   }
  },
  {
   "type": "Feature",
   "geometry": {
    "type": "Point",
    "coordinates": [
     37.70844553,
     55.74993524
    ]
   },
   "properties": {
    "route": 12,
    "direction_id": 1,
    "stop_sequence": 18,
    "stop_id": "sprav:22096",
    "stop_name": "Горбатый путепровод",
    "source": "справочник",
    "source_date": "2025-12-20",
    "direction_name": "МЦК Дубровка — Восточное Измайлово"
   }
  },
  {
   "type": "Feature",
   "geometry": {
    "type": "Point",
    "coordinates": [
     37.7161645,
     55.75150237
    ]
   },
   "properties": {
    "route": 12,
    "direction_id": 1,
    "stop_sequence": 19,
    "stop_id": "sprav:5342",
    "stop_name": "Метро \"Авиамоторная\"",
    "source": "справочник",
    "source_date": "2025-12-20",
    "direction_name": "МЦК Дубровка — Восточное Измайлово"
   }
  },
  {
   "type": "Feature",
   "geometry": {
    "type": "Point",
    "coordinates": [
     37.72082716,
     55.75236271
    ]
   },
   "properties": {
    "route": 12,
    "direction_id": 1,
    "stop_sequence": 20,
    "stop_id": "sprav:1009095",
    "stop_name": "Метро \"Авиамоторная\"",
    "source": "справочник",
    "source_date": "2025-12-20",
    "direction_name": "МЦК Дубровка — Восточное Измайлово"
   }
  },
  {
   "type": "Feature",
   "geometry": {
    "type": "Point",
    "coordinates": [
     37.72378877,
     55.75291464
    ]
   },
   "properties": {
    "route": 12,
    "direction_id": 1,
    "stop_sequence": 21,
    "stop_id": "sprav:6266",
    "stop_name": "Дом культуры \"Компрессор\"",
    "source": "справочник",
    "source_date": "2025-12-20",
    "direction_name": "МЦК Дубровка — Восточное Измайлово"
   }
  },
  {
   "type": "Feature",
   "geometry": {
    "type": "Point",
    "coordinates": [
     37.73668507,
     55.75545612
    ]
   },
   "properties": {
    "route": 12,
    "direction_id": 1,
    "stop_sequence": 22,
    "stop_id": "sprav:6087",
    "stop_name": "Улица Буракова",
    "source": "справочник",
    "source_date": "2025-12-20",
    "direction_name": "МЦК Дубровка — Восточное Измайлово"
   }
  },
  {
   "type": "Feature",
   "geometry": {
    "type": "Point",
    "coordinates": [
     37.73988521,
     55.75737659
    ]
   },
   "properties": {
    "route": 12,
    "direction_id": 1,
    "stop_sequence": 23,
    "stop_id": "sprav:3930",
    "stop_name": "Гаражная улица",
    "source": "справочник",
    "source_date": "2025-12-20",
    "direction_name": "МЦК Дубровка — Восточное Измайлово"
   }
  },
  {
   "type": "Feature",
   "geometry": {
    "type": "Point",
    "coordinates": [
     37.73645468,
     55.76110903
    ]
   },
   "properties": {
    "route": 12,
    "direction_id": 1,
    "stop_sequence": 24,
    "stop_id": "sprav:7143",
    "stop_name": "3-я улица Соколиной Горы",
    "source": "справочник",
    "source_date": "2025-12-20",
    "direction_name": "МЦК Дубровка — Восточное Измайлово"
   }
  },
  {
   "type": "Feature",
   "geometry": {
    "type": "Point",
    "coordinates": [
     37.73419408,
     55.76358271
    ]
   },
   "properties": {
    "route": 12,
    "direction_id": 1,
    "stop_sequence": 25,
    "stop_id": "sprav:3863",
    "stop_name": "5-я улица Соколиной Горы",
    "source": "справочник",
    "source_date": "2025-12-20",
    "direction_name": "МЦК Дубровка — Восточное Измайлово"
   }
  },
  {
   "type": "Feature",
   "geometry": {
    "type": "Point",
    "coordinates": [
     37.73250897,
     55.76541912
    ]
   },
   "properties": {
    "route": 12,
    "direction_id": 1,
    "stop_sequence": 26,
    "stop_id": "sprav:10702",
    "stop_name": "Проспект Будённого, 24",
    "source": "справочник",
    "source_date": "2025-12-20",
    "direction_name": "МЦК Дубровка — Восточное Измайлово"
   }
  },
  {
   "type": "Feature",
   "geometry": {
    "type": "Point",
    "coordinates": [
     37.73015084,
     55.76798773
    ]
   },
   "properties": {
    "route": 12,
    "direction_id": 1,
    "stop_sequence": 27,
    "stop_id": "sprav:4660",
    "stop_name": "8-я улица Соколиной Горы",
    "source": "справочник",
    "source_date": "2025-12-20",
    "direction_name": "МЦК Дубровка — Восточное Измайлово"
   }
  },
  {
   "type": "Feature",
   "geometry": {
    "type": "Point",
    "coordinates": [
     37.72774494,
     55.77063947
    ]
   },
   "properties": {
    "route": 12,
    "direction_id": 1,
    "stop_sequence": 28,
    "stop_id": "sprav:3943",
    "stop_name": "9-я улица Соколиной Горы",
    "source": "справочник",
    "source_date": "2025-12-20",
    "direction_name": "МЦК Дубровка — Восточное Измайлово"
   }
  },
  {
   "type": "Feature",
   "geometry": {
    "type": "Point",
    "coordinates": [
     37.7258268,
     55.7727669
    ]
   },
   "properties": {
    "route": 12,
    "direction_id": 1,
    "stop_sequence": 29,
    "stop_id": "sprav:4069",
    "stop_name": "10-я улица Соколиной Горы",
    "source": "справочник",
    "source_date": "2025-12-20",
    "direction_name": "МЦК Дубровка — Восточное Измайлово"
   }
  },
  {
   "type": "Feature",
   "geometry": {
    "type": "Point",
    "coordinates": [
     37.7234992,
     55.77534646
    ]
   },
   "properties": {
    "route": 12,
    "direction_id": 1,
    "stop_sequence": 30,
    "stop_id": "sprav:22815",
    "stop_name": "Вольная улица",
    "source": "справочник",
    "source_date": "2025-12-20",
    "direction_name": "МЦК Дубровка — Восточное Измайлово"
   }
  },
  {
   "type": "Feature",
   "geometry": {
    "type": "Point",
    "coordinates": [
     37.72136516,
     55.77764821
    ]
   },
   "properties": {
    "route": 12,
    "direction_id": 1,
    "stop_sequence": 31,
    "stop_id": "sprav:4658",
    "stop_name": "Кирпичная улица",
    "source": "справочник",
    "source_date": "2025-12-20",
    "direction_name": "МЦК Дубровка — Восточное Измайлово"
   }
  },
  {
   "type": "Feature",
   "geometry": {
    "type": "Point",
    "coordinates": [
     37.72008527,
     55.78215255
    ]
   },
   "properties": {
    "route": 12,
    "direction_id": 1,
    "stop_sequence": 32,
    "stop_id": "sprav:3622",
    "stop_name": "Метро \"Семёновская\"",
    "source": "справочник",
    "source_date": "2025-12-20",
    "direction_name": "МЦК Дубровка — Восточное Измайлово"
   }
  },
  {
   "type": "Feature",
   "geometry": {
    "type": "Point",
    "coordinates": [
     37.73112375,
     55.78258775
    ]
   },
   "properties": {
    "route": 12,
    "direction_id": 1,
    "stop_sequence": 33,
    "stop_id": "sprav:3623",
    "stop_name": "Улица Ибрагимова",
    "source": "справочник",
    "source_date": "2025-12-20",
    "direction_name": "МЦК Дубровка — Восточное Измайлово"
   }
  },
  {
   "type": "Feature",
   "geometry": {
    "type": "Point",
    "coordinates": [
     37.73864919,
     55.78286096
    ]
   },
   "properties": {
    "route": 12,
    "direction_id": 1,
    "stop_sequence": 34,
    "stop_id": "sprav:3624",
    "stop_name": "Фортунатовская улица",
    "source": "справочник",
    "source_date": "2025-12-20",
    "direction_name": "МЦК Дубровка — Восточное Измайлово"
   }
  },
  {
   "type": "Feature",
   "geometry": {
    "type": "Point",
    "coordinates": [
     37.74609084,
     55.78379333
    ]
   },
   "properties": {
    "route": 12,
    "direction_id": 1,
    "stop_sequence": 35,
    "stop_id": "sprav:16916",
    "stop_name": "Мост Окружной железной дороги",
    "source": "справочник",
    "source_date": "2025-12-20",
    "direction_name": "МЦК Дубровка — Восточное Измайлово"
   }
  },
  {
   "type": "Feature",
   "geometry": {
    "type": "Point",
    "coordinates": [
     37.75022768,
     55.78654187
    ]
   },
   "properties": {
    "route": 12,
    "direction_id": 1,
    "stop_sequence": 36,
    "stop_id": "sprav:8844",
    "stop_name": "Метро \"Партизанская\"",
    "source": "справочник",
    "source_date": "2025-12-20",
    "direction_name": "МЦК Дубровка — Восточное Измайлово"
   }
  },
  {
   "type": "Feature",
   "geometry": {
    "type": "Point",
    "coordinates": [
     37.76169693,
     55.7866487
    ]
   },
   "properties": {
    "route": 12,
    "direction_id": 1,
    "stop_sequence": 37,
    "stop_id": "sprav:3627",
    "stop_name": "Главная аллея",
    "source": "справочник",
    "source_date": "2025-12-20",
    "direction_name": "МЦК Дубровка — Восточное Измайлово"
   }
  },
  {
   "type": "Feature",
   "geometry": {
    "type": "Point",
    "coordinates": [
     37.77092625,
     55.79007904
    ]
   },
   "properties": {
    "route": 12,
    "direction_id": 1,
    "stop_sequence": 38,
    "stop_id": "sprav:7894",
    "stop_name": "Галерея \"Измайлово\"",
    "source": "справочник",
    "source_date": "2025-12-20",
    "direction_name": "МЦК Дубровка — Восточное Измайлово"
   }
  },
  {
   "type": "Feature",
   "geometry": {
    "type": "Point",
    "coordinates": [
     37.77820362,
     55.79207947
    ]
   },
   "properties": {
    "route": 12,
    "direction_id": 1,
    "stop_sequence": 39,
    "stop_id": "sprav:3628",
    "stop_name": "Измайловская площадь",
    "source": "справочник",
    "source_date": "2025-12-20",
    "direction_name": "МЦК Дубровка — Восточное Измайлово"
   }
  },
  {
   "type": "Feature",
   "geometry": {
    "type": "Point",
    "coordinates": [
     37.78379377,
     55.79281619
    ]
   },
   "properties": {
    "route": 12,
    "direction_id": 1,
    "stop_sequence": 40,
    "stop_id": "sprav:3629",
    "stop_name": "3-я Парковая улица",
    "source": "справочник",
    "source_date": "2025-12-20",
    "direction_name": "МЦК Дубровка — Восточное Измайлово"
   }
  },
  {
   "type": "Feature",
   "geometry": {
    "type": "Point",
    "coordinates": [
     37.78902938,
     55.792988
    ]
   },
   "properties": {
    "route": 12,
    "direction_id": 1,
    "stop_sequence": 41,
    "stop_id": "sprav:3630",
    "stop_name": "5-я Парковая улица",
    "source": "справочник",
    "source_date": "2025-12-20",
    "direction_name": "МЦК Дубровка — Восточное Измайлово"
   }
  },
  {
   "type": "Feature",
   "geometry": {
    "type": "Point",
    "coordinates": [
     37.79476118,
     55.79311915
    ]
   },
   "properties": {
    "route": 12,
    "direction_id": 1,
    "stop_sequence": 42,
    "stop_id": "sprav:3631",
    "stop_name": "7-я Парковая улица",
    "source": "справочник",
    "source_date": "2025-12-20",
    "direction_name": "МЦК Дубровка — Восточное Измайлово"
   }
  },
  {
   "type": "Feature",
   "geometry": {
    "type": "Point",
    "coordinates": [
     37.80028776,
     55.79317447
    ]
   },
   "properties": {
    "route": 12,
    "direction_id": 1,
    "stop_sequence": 43,
    "stop_id": "sprav:3632",
    "stop_name": "Метро \"Первомайская\"",
    "source": "справочник",
    "source_date": "2025-12-20",
    "direction_name": "МЦК Дубровка — Восточное Измайлово"
   }
  },
  {
   "type": "Feature",
   "geometry": {
    "type": "Point",
    "coordinates": [
     37.80625892,
     55.79327873
    ]
   },
   "properties": {
    "route": 12,
    "direction_id": 1,
    "stop_sequence": 44,
    "stop_id": "sprav:4072",
    "stop_name": "Районный центр \"Первомайский\"",
    "source": "справочник",
    "source_date": "2025-12-20",
    "direction_name": "МЦК Дубровка — Восточное Измайлово"
   }
  },
  {
   "type": "Feature",
   "geometry": {
    "type": "Point",
    "coordinates": [
     37.81327101,
     55.79339478
    ]
   },
   "properties": {
    "route": 12,
    "direction_id": 1,
    "stop_sequence": 45,
    "stop_id": "sprav:3691",
    "stop_name": "13-я Парковая улица",
    "source": "справочник",
    "source_date": "2025-12-20",
    "direction_name": "МЦК Дубровка — Восточное Измайлово"
   }
  },
  {
   "type": "Feature",
   "geometry": {
    "type": "Point",
    "coordinates": [
     37.8198454,
     55.79350052
    ]
   },
   "properties": {
    "route": 12,
    "direction_id": 1,
    "stop_sequence": 46,
    "stop_id": "sprav:3633",
    "stop_name": "15-я Парковая улица",
    "source": "справочник",
    "source_date": "2025-12-20",
    "direction_name": "МЦК Дубровка — Восточное Измайлово"
   }
  },
  {
   "type": "Feature",
   "geometry": {
    "type": "Point",
    "coordinates": [
     37.82268714,
     55.79448147
    ]
   },
   "properties": {
    "route": 12,
    "direction_id": 1,
    "stop_sequence": 47,
    "stop_id": "sprav:10463",
    "stop_name": "Восточное Измайлово",
    "source": "справочник",
    "source_date": "2025-12-20",
    "direction_name": "МЦК Дубровка — Восточное Измайлово"
   }
  },
  {
   "type": "Feature",
   "geometry": {
    "type": "Point",
    "coordinates": [
     37.6157775,
     55.8235904
    ]
   },
   "properties": {
    "route": 17,
    "direction_id": 0,
    "stop_sequence": 1,
    "stop_id": "osm:444863659",
    "stop_name": "Останкино",
    "source": "OSM",
    "source_date": "2025-12-25",
    "direction_name": "Останкино — Медведково"
   }
  },
  {
   "type": "Feature",
   "geometry": {
    "type": "Point",
    "coordinates": [
     37.6213391,
     55.8218598
    ]
   },
   "properties": {
    "route": 17,
    "direction_id": 0,
    "stop_sequence": 2,
    "stop_id": "osm:535844745",
    "stop_name": "Аргуновская улица",
    "source": "OSM",
    "source_date": "2025-12-25",
    "direction_name": "Останкино — Медведково"
   }
  },
  {
   "type": "Feature",
   "geometry": {
    "type": "Point",
    "coordinates": [
     37.628137,
     55.821823
    ]
   },
   "properties": {
    "route": 17,
    "direction_id": 0,
    "stop_sequence": 3,
    "stop_id": "osm:639572174",
    "stop_name": "Улица Цандера",
    "source": "OSM",
    "source_date": "2025-12-25",
    "direction_name": "Останкино — Медведково"
   }
  },
  {
   "type": "Feature",
   "geometry": {
    "type": "Point",
    "coordinates": [
     37.6336906,
     55.8220741
    ]
   },
   "properties": {
    "route": 17,
    "direction_id": 0,
    "stop_sequence": 4,
    "stop_id": "osm:535844754",
    "stop_name": "ВДНХ (южный вход)",
    "source": "OSM",
    "source_date": "2025-12-25",
    "direction_name": "Останкино — Медведково"
   }
  },
  {
   "type": "Feature",
   "geometry": {
    "type": "Point",
    "coordinates": [
     37.6387399,
     55.8240069
    ]
   },
   "properties": {
    "route": 17,
    "direction_id": 0,
    "stop_sequence": 5,
    "stop_id": "osm:535844761",
    "stop_name": "Метро «ВДНХ»",
    "source": "OSM",
    "source_date": "2025-12-25",
    "direction_name": "Останкино — Медведково"
   }
  },
  {
   "type": "Feature",
   "geometry": {
    "type": "Point",
    "coordinates": [
     37.6460711,
     55.8272146
    ]
   },
   "properties": {
    "route": 17,
    "direction_id": 0,
    "stop_sequence": 6,
    "stop_id": "osm:243894862",
    "stop_name": "ВДНХ (северный вход)",
    "source": "OSM",
    "source_date": "2025-12-25",
    "direction_name": "Останкино — Медведково"
   }
  },
  {
   "type": "Feature",
   "geometry": {
    "type": "Point",
    "coordinates": [
     37.6488419,
     55.8289817
    ]
   },
   "properties": {
    "route": 17,
    "direction_id": 0,
    "stop_sequence": 7,
    "stop_id": "osm:535844764",
    "stop_name": "Улица Сергея Эйзенштейна",
    "source": "OSM",
    "source_date": "2025-12-25",
    "direction_name": "Останкино — Медведково"
   }
  },
  {
   "type": "Feature",
   "geometry": {
    "type": "Point",
    "coordinates": [
     37.6519639,
     55.8318212
    ]
   },
   "properties": {
    "route": 17,
    "direction_id": 0,
    "stop_sequence": 8,
    "stop_id": "osm:535844768",
    "stop_name": "Сельскохозяйственная улица",
    "source": "OSM",
    "source_date": "2025-12-25",
    "direction_name": "Останкино — Медведково"
   }
  },
  {
   "type": "Feature",
   "geometry": {
    "type": "Point",
    "coordinates": [
     37.6582215,
     55.8370466
    ]
   },
   "properties": {
    "route": 17,
    "direction_id": 0,
    "stop_sequence": 9,
    "stop_id": "osm:273091182",
    "stop_name": "Улица Докукина",
    "source": "OSM",
    "source_date": "2025-12-25",
    "direction_name": "Останкино — Медведково"
   }
  },
  {
   "type": "Feature",
   "geometry": {
    "type": "Point",
    "coordinates": [
     37.6652471,
     55.842943
    ]
   },
   "properties": {
    "route": 17,
    "direction_id": 0,
    "stop_sequence": 10,
    "stop_id": "osm:243896132",
    "stop_name": "МЦК Ростокино",
    "source": "OSM",
    "source_date": "2025-12-25",
    "direction_name": "Останкино — Медведково"
   }
  },
  {
   "type": "Feature",
   "geometry": {
    "type": "Point",
    "coordinates": [
     37.6694964,
     55.8459816
    ]
   },
   "properties": {
    "route": 17,
    "direction_id": 0,
    "stop_sequence": 11,
    "stop_id": "osm:535844771",
    "stop_name": "Северянинский путепровод",
    "source": "OSM",
    "source_date": "2025-12-25",
    "direction_name": "Останкино — Медведково"
   }
  },
  {
   "type": "Feature",
   "geometry": {
    "type": "Point",
    "coordinates": [
     37.6706063,
     55.8507675
    ]
   },
   "properties": {
    "route": 17,
    "direction_id": 0,
    "stop_sequence": 12,
    "stop_id": "osm:535844774",
    "stop_name": "Социальный фонд России",
    "source": "OSM",
    "source_date": "2025-12-25",
    "direction_name": "Останкино — Медведково"
   }
  },
  {
   "type": "Feature",
   "geometry": {
    "type": "Point",
    "coordinates": [
     37.6647293,
     55.8547765
    ]
   },
   "properties": {
    "route": 17,
    "direction_id": 0,
    "stop_sequence": 13,
    "stop_id": "osm:535844813",
    "stop_name": "Берингов проезд",
    "source": "OSM",
    "source_date": "2025-12-25",
    "direction_name": "Останкино — Медведково"
   }
  },
  {
   "type": "Feature",
   "geometry": {
    "type": "Point",
    "coordinates": [
     37.6619052,
     55.8567262
    ]
   },
   "properties": {
    "route": 17,
    "direction_id": 0,
    "stop_sequence": 14,
    "stop_id": "osm:535844810",
    "stop_name": "Верхоянская улица",
    "source": "OSM",
    "source_date": "2025-12-25",
    "direction_name": "Останкино — Медведково"
   }
  },
  {
   "type": "Feature",
   "geometry": {
    "type": "Point",
    "coordinates": [
     37.6602088,
     55.8594542
    ]
   },
   "properties": {
    "route": 17,
    "direction_id": 0,
    "stop_sequence": 15,
    "stop_id": "osm:535844779",
    "stop_name": "Радужная улица",
    "source": "OSM",
    "source_date": "2025-12-25",
    "direction_name": "Останкино — Медведково"
   }
  },
  {
   "type": "Feature",
   "geometry": {
    "type": "Point",
    "coordinates": [
     37.6616972,
     55.8645961
    ]
   },
   "properties": {
    "route": 17,
    "direction_id": 0,
    "stop_sequence": 16,
    "stop_id": "osm:535844816",
    "stop_name": "Печорская улица",
    "source": "OSM",
    "source_date": "2025-12-25",
    "direction_name": "Останкино — Медведково"
   }
  },
  {
   "type": "Feature",
   "geometry": {
    "type": "Point",
    "coordinates": [
     37.6635791,
     55.8682878
    ]
   },
   "properties": {
    "route": 17,
    "direction_id": 0,
    "stop_sequence": 17,
    "stop_id": "osm:535844818",
    "stop_name": "Метро «Бабушкинская»",
    "source": "OSM",
    "source_date": "2025-12-25",
    "direction_name": "Останкино — Медведково"
   }
  },
  {
   "type": "Feature",
   "geometry": {
    "type": "Point",
    "coordinates": [
     37.6596176,
     55.8702948
    ]
   },
   "properties": {
    "route": 17,
    "direction_id": 0,
    "stop_sequence": 18,
    "stop_id": "osm:535844784",
    "stop_name": "Улица Менжинского, 38",
    "source": "OSM",
    "source_date": "2025-12-25",
    "direction_name": "Останкино — Медведково"
   }
  },
  {
   "type": "Feature",
   "geometry": {
    "type": "Point",
    "coordinates": [
     37.6523153,
     55.8714122
    ]
   },
   "properties": {
    "route": 17,
    "direction_id": 0,
    "stop_sequence": 19,
    "stop_id": "osm:535844788",
    "stop_name": "Сухонская улица",
    "source": "OSM",
    "source_date": "2025-12-25",
    "direction_name": "Останкино — Медведково"
   }
  },
  {
   "type": "Feature",
   "geometry": {
    "type": "Point",
    "coordinates": [
     37.6481314,
     55.8716849
    ]
   },
   "properties": {
    "route": 17,
    "direction_id": 0,
    "stop_sequence": 20,
    "stop_id": "osm:535844782",
    "stop_name": "Проезд Шокальского",
    "source": "OSM",
    "source_date": "2025-12-25",
    "direction_name": "Останкино — Медведково"
   }
  },
  {
   "type": "Feature",
   "geometry": {
    "type": "Point",
    "coordinates": [
     37.6378787,
     55.8716961
    ]
   },
   "properties": {
    "route": 17,
    "direction_id": 0,
    "stop_sequence": 21,
    "stop_id": "osm:534957374",
    "stop_name": "МФЦ «Южное Медведково»",
    "source": "OSM",
    "source_date": "2025-12-25",
    "direction_name": "Останкино — Медведково"
   }
  },
  {
   "type": "Feature",
   "geometry": {
    "type": "Point",
    "coordinates": [
     37.6370817,
     55.8743664
    ]
   },
   "properties": {
    "route": 17,
    "direction_id": 0,
    "stop_sequence": 22,
    "stop_id": "osm:535844777",
    "stop_name": "Культурно-досуговый центр",
    "source": "OSM",
    "source_date": "2025-12-25",
    "direction_name": "Останкино — Медведково"
   }
  },
  {
   "type": "Feature",
   "geometry": {
    "type": "Point",
    "coordinates": [
     37.6360426,
     55.8779406
    ]
   },
   "properties": {
    "route": 17,
    "direction_id": 0,
    "stop_sequence": 23,
    "stop_id": "osm:535844790",
    "stop_name": "Улица Молодцова",
    "source": "OSM",
    "source_date": "2025-12-25",
    "direction_name": "Останкино — Медведково"
   }
  },
  {
   "type": "Feature",
   "geometry": {
    "type": "Point",
    "coordinates": [
     37.6388938,
     55.8815736
    ]
   },
   "properties": {
    "route": 17,
    "direction_id": 0,
    "stop_sequence": 24,
    "stop_id": "osm:1098654108",
    "stop_name": "Поликлиника",
    "source": "OSM",
    "source_date": "2025-12-25",
    "direction_name": "Останкино — Медведково"
   }
  },
  {
   "type": "Feature",
   "geometry": {
    "type": "Point",
    "coordinates": [
     37.6430233,
     55.8859136
    ]
   },
   "properties": {
    "route": 17,
    "direction_id": 0,
    "stop_sequence": 25,
    "stop_id": "osm:679923004",
    "stop_name": "Улица Тихомирова",
    "source": "OSM",
    "source_date": "2025-12-25",
    "direction_name": "Останкино — Медведково"
   }
  },
  {
   "type": "Feature",
   "geometry": {
    "type": "Point",
    "coordinates": [
     37.6429789,
     55.8875052
    ]
   },
   "properties": {
    "route": 17,
    "direction_id": 0,
    "stop_sequence": 26,
    "stop_id": "osm:535844808",
    "stop_name": "Медведково",
    "source": "OSM",
    "source_date": "2025-12-25",
    "direction_name": "Останкино — Медведково"
   }
  },
  {
   "type": "Feature",
   "geometry": {
    "type": "Point",
    "coordinates": [
     37.6429552,
     55.8865575
    ]
   },
   "properties": {
    "route": 17,
    "direction_id": 1,
    "stop_sequence": 1,
    "stop_id": "osm:534957385",
    "stop_name": "Медведково",
    "source": "OSM",
    "source_date": "2025-12-25",
    "direction_name": "Медведково — Останкино"
   }
  },
  {
   "type": "Feature",
   "geometry": {
    "type": "Point",
    "coordinates": [
     37.6418096,
     55.8847048
    ]
   },
   "properties": {
    "route": 17,
    "direction_id": 1,
    "stop_sequence": 2,
    "stop_id": "osm:534957384",
    "stop_name": "Улица Тихомирова",
    "source": "OSM",
    "source_date": "2025-12-25",
    "direction_name": "Медведково — Останкино"
   }
  },
  {
   "type": "Feature",
   "geometry": {
    "type": "Point",
    "coordinates": [
     37.6390216,
     55.8817849
    ]
   },
   "properties": {
    "route": 17,
    "direction_id": 1,
    "stop_sequence": 3,
    "stop_id": "osm:534957383",
    "stop_name": "Поликлиника",
    "source": "OSM",
    "source_date": "2025-12-25",
    "direction_name": "Медведково — Останкино"
   }
  },
  {
   "type": "Feature",
   "geometry": {
    "type": "Point",
    "coordinates": [
     37.636213,
     55.8788513
    ]
   },
   "properties": {
    "route": 17,
    "direction_id": 1,
    "stop_sequence": 4,
    "stop_id": "osm:534957382",
    "stop_name": "Улица Молодцова",
    "source": "OSM",
    "source_date": "2025-12-25",
    "direction_name": "Медведково — Останкино"
   }
  },
  {
   "type": "Feature",
   "geometry": {
    "type": "Point",
    "coordinates": [
     37.6369974,
     55.8744708
    ]
   },
   "properties": {
    "route": 17,
    "direction_id": 1,
    "stop_sequence": 5,
    "stop_id": "osm:534957377",
    "stop_name": "Культурно-досуговый центр",
    "source": "OSM",
    "source_date": "2025-12-25",
    "direction_name": "Медведково — Останкино"
   }
  },
  {
   "type": "Feature",
   "geometry": {
    "type": "Point",
    "coordinates": [
     37.6377818,
     55.8718418
    ]
   },
   "properties": {
    "route": 17,
    "direction_id": 1,
    "stop_sequence": 6,
    "stop_id": "osm:1098591539",
    "stop_name": "МФЦ «Южное Медведково»",
    "source": "OSM",
    "source_date": "2025-12-25",
    "direction_name": "Медведково — Останкино"
   }
  },
  {
   "type": "Feature",
   "geometry": {
    "type": "Point",
    "coordinates": [
     37.6462401,
     55.8715629
    ]
   },
   "properties": {
    "route": 17,
    "direction_id": 1,
    "stop_sequence": 7,
    "stop_id": "osm:534957378",
    "stop_name": "Проезд Шокальского",
    "source": "OSM",
    "source_date": "2025-12-25",
    "direction_name": "Медведково — Останкино"
   }
  },
  {
   "type": "Feature",
   "geometry": {
    "type": "Point",
    "coordinates": [
     37.6515958,
     55.8714629
    ]
   },
   "properties": {
    "route": 17,
    "direction_id": 1,
    "stop_sequence": 8,
    "stop_id": "osm:534957381",
    "stop_name": "Сухонская улица",
    "source": "OSM",
    "source_date": "2025-12-25",
    "direction_name": "Медведково — Останкино"
   }
  },
  {
   "type": "Feature",
   "geometry": {
    "type": "Point",
    "coordinates": [
     37.6586348,
     55.8704168
    ]
   },
   "properties": {
    "route": 17,
    "direction_id": 1,
    "stop_sequence": 9,
    "stop_id": "osm:534957379",
    "stop_name": "Улица Менжинского, 38",
    "source": "OSM",
    "source_date": "2025-12-25",
    "direction_name": "Медведково — Останкино"
   }
  },
  {
   "type": "Feature",
   "geometry": {
    "type": "Point",
    "coordinates": [
     37.663503,
     55.8682098
    ]
   },
   "properties": {
    "route": 17,
    "direction_id": 1,
    "stop_sequence": 10,
    "stop_id": "osm:534957387",
    "stop_name": "Метро «Бабушкинская»",
    "source": "OSM",
    "source_date": "2025-12-25",
    "direction_name": "Медведково — Останкино"
   }
  },
  {
   "type": "Feature",
   "geometry": {
    "type": "Point",
    "coordinates": [
     37.66147,
     55.8642419
    ]
   },
   "properties": {
    "route": 17,
    "direction_id": 1,
    "stop_sequence": 11,
    "stop_id": "osm:534957386",
    "stop_name": "Печорская улица",
    "source": "OSM",
    "source_date": "2025-12-25",
    "direction_name": "Медведково — Останкино"
   }
  },
  {
   "type": "Feature",
   "geometry": {
    "type": "Point",
    "coordinates": [
     37.6600682,
     55.859861
    ]
   },
   "properties": {
    "route": 17,
    "direction_id": 1,
    "stop_sequence": 12,
    "stop_id": "osm:535516946",
    "stop_name": "Радужная улица",
    "source": "OSM",
    "source_date": "2025-12-25",
    "direction_name": "Медведково — Останкино"
   }
  },
  {
   "type": "Feature",
   "geometry": {
    "type": "Point",
    "coordinates": [
     37.6614864,
     55.857058
    ]
   },
   "properties": {
    "route": 17,
    "direction_id": 1,
    "stop_sequence": 13,
    "stop_id": "osm:535516949",
    "stop_name": "Верхоянская улица",
    "source": "OSM",
    "source_date": "2025-12-25",
    "direction_name": "Медведково — Останкино"
   }
  },
  {
   "type": "Feature",
   "geometry": {
    "type": "Point",
    "coordinates": [
     37.6650967,
     55.8545022
    ]
   },
   "properties": {
    "route": 17,
    "direction_id": 1,
    "stop_sequence": 14,
    "stop_id": "osm:535516954",
    "stop_name": "Берингов проезд",
    "source": "OSM",
    "source_date": "2025-12-25",
    "direction_name": "Медведково — Останкино"
   }
  },
  {
   "type": "Feature",
   "geometry": {
    "type": "Point",
    "coordinates": [
     37.670591,
     55.8505492
    ]
   },
   "properties": {
    "route": 17,
    "direction_id": 1,
    "stop_sequence": 15,
    "stop_id": "osm:535516942",
    "stop_name": "Социальный фонд России",
    "source": "OSM",
    "source_date": "2025-12-25",
    "direction_name": "Медведково — Останкино"
   }
  },
  {
   "type": "Feature",
   "geometry": {
    "type": "Point",
    "coordinates": [
     37.6690538,
     55.8457135
    ]
   },
   "properties": {
    "route": 17,
    "direction_id": 1,
    "stop_sequence": 16,
    "stop_id": "osm:535516937",
    "stop_name": "Северянинский путепровод",
    "source": "OSM",
    "source_date": "2025-12-25",
    "direction_name": "Медведково — Останкино"
   }
  },
  {
   "type": "Feature",
   "geometry": {
    "type": "Point",
    "coordinates": [
     37.6652301,
     55.8429843
    ]
   },
   "properties": {
    "route": 17,
    "direction_id": 1,
    "stop_sequence": 17,
    "stop_id": "osm:535516930",
    "stop_name": "МЦК Ростокино",
    "source": "OSM",
    "source_date": "2025-12-25",
    "direction_name": "Медведково — Останкино"
   }
  },
  {
   "type": "Feature",
   "geometry": {
    "type": "Point",
    "coordinates": [
     37.657987,
     55.8369197
    ]
   },
   "properties": {
    "route": 17,
    "direction_id": 1,
    "stop_sequence": 18,
    "stop_id": "osm:535516927",
    "stop_name": "Улица Докукина",
    "source": "OSM",
    "source_date": "2025-12-25",
    "direction_name": "Медведково — Останкино"
   }
  },
  {
   "type": "Feature",
   "geometry": {
    "type": "Point",
    "coordinates": [
     37.6528158,
     55.8327291
    ]
   },
   "properties": {
    "route": 17,
    "direction_id": 1,
    "stop_sequence": 19,
    "stop_id": "osm:535516922",
    "stop_name": "Сельскохозяйственная улица",
    "source": "OSM",
    "source_date": "2025-12-25",
    "direction_name": "Медведково — Останкино"
   }
  },
  {
   "type": "Feature",
   "geometry": {
    "type": "Point",
    "coordinates": [
     37.6494839,
     55.8296408
    ]
   },
   "properties": {
    "route": 17,
    "direction_id": 1,
    "stop_sequence": 20,
    "stop_id": "osm:535516918",
    "stop_name": "Улица Сергея Эйзенштейна",
    "source": "OSM",
    "source_date": "2025-12-25",
    "direction_name": "Медведково — Останкино"
   }
  },
  {
   "type": "Feature",
   "geometry": {
    "type": "Point",
    "coordinates": [
     37.6460967,
     55.8272421
    ]
   },
   "properties": {
    "route": 17,
    "direction_id": 1,
    "stop_sequence": 21,
    "stop_id": "osm:535516914",
    "stop_name": "ВДНХ (северный вход)",
    "source": "OSM",
    "source_date": "2025-12-25",
    "direction_name": "Медведково — Останкино"
   }
  },
  {
   "type": "Feature",
   "geometry": {
    "type": "Point",
    "coordinates": [
     37.6382716,
     55.8238048
    ]
   },
   "properties": {
    "route": 17,
    "direction_id": 1,
    "stop_sequence": 22,
    "stop_id": "osm:535516842",
    "stop_name": "Метро «ВДНХ»",
    "source": "OSM",
    "source_date": "2025-12-25",
    "direction_name": "Медведково — Останкино"
   }
  },
  {
   "type": "Feature",
   "geometry": {
    "type": "Point",
    "coordinates": [
     37.6339085,
     55.822092
    ]
   },
   "properties": {
    "route": 17,
    "direction_id": 1,
    "stop_sequence": 23,
    "stop_id": "osm:1046562062",
    "stop_name": "ВДНХ (южный вход)",
    "source": "OSM",
    "source_date": "2025-12-25",
    "direction_name": "Медведково — Останкино"
   }
  },
  {
   "type": "Feature",
   "geometry": {
    "type": "Point",
    "coordinates": [
     37.6286054,
     55.8218406
    ]
   },
   "properties": {
    "route": 17,
    "direction_id": 1,
    "stop_sequence": 24,
    "stop_id": "osm:1046561946",
    "stop_name": "Улица Цандера",
    "source": "OSM",
    "source_date": "2025-12-25",
    "direction_name": "Медведково — Останкино"
   }
  },
  {
   "type": "Feature",
   "geometry": {
    "type": "Point",
    "coordinates": [
     37.6221282,
     55.8218859
    ]
   },
   "properties": {
    "route": 17,
    "direction_id": 1,
    "stop_sequence": 25,
    "stop_id": "osm:535516828",
    "stop_name": "Аргуновская улица",
    "source": "OSM",
    "source_date": "2025-12-25",
    "direction_name": "Медведково — Останкино"
   }
  },
  {
   "type": "Feature",
   "geometry": {
    "type": "Point",
    "coordinates": [
     37.6172291,
     55.8227374
    ]
   },
   "properties": {
    "route": 17,
    "direction_id": 1,
    "stop_sequence": 26,
    "stop_id": "osm:3236023227",
    "stop_name": "Останкино",
    "source": "OSM",
    "source_date": "2025-12-25",
    "direction_name": "Медведково — Останкино"
   }
  },
  {
   "type": "Feature",
   "geometry": {
    "type": "Point",
    "coordinates": [
     37.6157775,
     55.8235904
    ]
   },
   "properties": {
    "route": 25,
    "direction_id": 0,
    "stop_sequence": 1,
    "stop_id": "osm:444863659",
    "stop_name": "Останкино",
    "source": "OSM",
    "source_date": "2025-12-25",
    "direction_name": "Останкино — Метро «Сокольники»"
   }
  },
  {
   "type": "Feature",
   "geometry": {
    "type": "Point",
    "coordinates": [
     37.6213391,
     55.8218598
    ]
   },
   "properties": {
    "route": 25,
    "direction_id": 0,
    "stop_sequence": 2,
    "stop_id": "osm:535844745",
    "stop_name": "Аргуновская улица",
    "source": "OSM",
    "source_date": "2025-12-25",
    "direction_name": "Останкино — Метро «Сокольники»"
   }
  },
  {
   "type": "Feature",
   "geometry": {
    "type": "Point",
    "coordinates": [
     37.628137,
     55.821823
    ]
   },
   "properties": {
    "route": 25,
    "direction_id": 0,
    "stop_sequence": 3,
    "stop_id": "osm:639572174",
    "stop_name": "Улица Цандера",
    "source": "OSM",
    "source_date": "2025-12-25",
    "direction_name": "Останкино — Метро «Сокольники»"
   }
  },
  {
   "type": "Feature",
   "geometry": {
    "type": "Point",
    "coordinates": [
     37.6336906,
     55.8220741
    ]
   },
   "properties": {
    "route": 25,
    "direction_id": 0,
    "stop_sequence": 4,
    "stop_id": "osm:535844754",
    "stop_name": "ВДНХ (южный вход)",
    "source": "OSM",
    "source_date": "2025-12-25",
    "direction_name": "Останкино — Метро «Сокольники»"
   }
  },
  {
   "type": "Feature",
   "geometry": {
    "type": "Point",
    "coordinates": [
     37.6387399,
     55.8240069
    ]
   },
   "properties": {
    "route": 25,
    "direction_id": 0,
    "stop_sequence": 5,
    "stop_id": "osm:535844761",
    "stop_name": "Метро «ВДНХ»",
    "source": "OSM",
    "source_date": "2025-12-25",
    "direction_name": "Останкино — Метро «Сокольники»"
   }
  },
  {
   "type": "Feature",
   "geometry": {
    "type": "Point",
    "coordinates": [
     37.6460711,
     55.8272146
    ]
   },
   "properties": {
    "route": 25,
    "direction_id": 0,
    "stop_sequence": 6,
    "stop_id": "osm:243894862",
    "stop_name": "ВДНХ (северный вход)",
    "source": "OSM",
    "source_date": "2025-12-25",
    "direction_name": "Останкино — Метро «Сокольники»"
   }
  },
  {
   "type": "Feature",
   "geometry": {
    "type": "Point",
    "coordinates": [
     37.6522783,
     55.8249706
    ]
   },
   "properties": {
    "route": 25,
    "direction_id": 0,
    "stop_sequence": 7,
    "stop_id": "osm:1677617756",
    "stop_name": "Ярославская улица",
    "source": "OSM",
    "source_date": "2025-12-25",
    "direction_name": "Останкино — Метро «Сокольники»"
   }
  },
  {
   "type": "Feature",
   "geometry": {
    "type": "Point",
    "coordinates": [
     37.6586016,
     55.8228406
    ]
   },
   "properties": {
    "route": 25,
    "direction_id": 0,
    "stop_sequence": 8,
    "stop_id": "osm:1677617737",
    "stop_name": "улица Бориса Галушкина, 17",
    "source": "OSM",
    "source_date": "2025-12-25",
    "direction_name": "Останкино — Метро «Сокольники»"
   }
  },
  {
   "type": "Feature",
   "geometry": {
    "type": "Point",
    "coordinates": [
     37.6614911,
     55.8219602
    ]
   },
   "properties": {
    "route": 25,
    "direction_id": 0,
    "stop_sequence": 9,
    "stop_id": "osm:1677617709",
    "stop_name": "Площадь Академика Люльки",
    "source": "OSM",
    "source_date": "2025-12-25",
    "direction_name": "Останкино — Метро «Сокольники»"
   }
  },
  {
   "type": "Feature",
   "geometry": {
    "type": "Point",
    "coordinates": [
     37.6711136,
     55.8191388
    ]
   },
   "properties": {
    "route": 25,
    "direction_id": 0,
    "stop_sequence": 10,
    "stop_id": "osm:2447720025",
    "stop_name": "Станция юных натуралистов",
    "source": "OSM",
    "source_date": "2025-12-25",
    "direction_name": "Останкино — Метро «Сокольники»"
   }
  },
  {
   "type": "Feature",
   "geometry": {
    "type": "Point",
    "coordinates": [
     37.6787958,
     55.8173407
    ]
   },
   "properties": {
    "route": 25,
    "direction_id": 0,
    "stop_sequence": 11,
    "stop_id": "osm:287393729",
    "stop_name": "Институт иностранных языков",
    "source": "OSM",
    "source_date": "2025-12-25",
    "direction_name": "Останкино — Метро «Сокольники»"
   }
  },
  {
   "type": "Feature",
   "geometry": {
    "type": "Point",
    "coordinates": [
     37.6840045,
     55.8154337
    ]
   },
   "properties": {
    "route": 25,
    "direction_id": 0,
    "stop_sequence": 12,
    "stop_id": "osm:287393738",
    "stop_name": "Ростокинский проезд",
    "source": "OSM",
    "source_date": "2025-12-25",
    "direction_name": "Останкино — Метро «Сокольники»"
   }
  },
  {
   "type": "Feature",
   "geometry": {
    "type": "Point",
    "coordinates": [
     37.6853975,
     55.810502
    ]
   },
   "properties": {
    "route": 25,
    "direction_id": 0,
    "stop_sequence": 13,
    "stop_id": "osm:1992955354",
    "stop_name": "Большая Ширяевская улица",
    "source": "OSM",
    "source_date": "2025-12-25",
    "direction_name": "Останкино — Метро «Сокольники»"
   }
  },
  {
   "type": "Feature",
   "geometry": {
    "type": "Point",
    "coordinates": [
     37.6877084,
     55.8087622
    ]
   },
   "properties": {
    "route": 25,
    "direction_id": 0,
    "stop_sequence": 14,
    "stop_id": "osm:1992955357",
    "stop_name": "2-й Ширяевский переулок",
    "source": "OSM",
    "source_date": "2025-12-25",
    "direction_name": "Останкино — Метро «Сокольники»"
   }
  },
  {
   "type": "Feature",
   "geometry": {
    "type": "Point",
    "coordinates": [
     37.6915524,
     55.8058679
    ]
   },
   "properties": {
    "route": 25,
    "direction_id": 0,
    "stop_sequence": 15,
    "stop_id": "osm:1992955352",
    "stop_name": "Большая Оленья улица",
    "source": "OSM",
    "source_date": "2025-12-25",
    "direction_name": "Останкино — Метро «Сокольники»"
   }
  },
  {
   "type": "Feature",
   "geometry": {
    "type": "Point",
    "coordinates": [
     37.6884912,
     55.8026189
    ]
   },
   "properties": {
    "route": 25,
    "direction_id": 0,
    "stop_sequence": 16,
    "stop_id": "osm:1992955358",
    "stop_name": "Майский просек",
    "source": "OSM",
    "source_date": "2025-12-25",
    "direction_name": "Останкино — Метро «Сокольники»"
   }
  },
  {
   "type": "Feature",
   "geometry": {
    "type": "Point",
    "coordinates": [
     37.6861749,
     55.7995479
    ]
   },
   "properties": {
    "route": 25,
    "direction_id": 0,
    "stop_sequence": 17,
    "stop_id": "osm:1992955363",
    "stop_name": "Улица Короленко",
    "source": "OSM",
    "source_date": "2025-12-25",
    "direction_name": "Останкино — Метро «Сокольники»"
   }
  },
  {
   "type": "Feature",
   "geometry": {
    "type": "Point",
    "coordinates": [
     37.6828937,
     55.7958677
    ]
   },
   "properties": {
    "route": 25,
    "direction_id": 0,
    "stop_sequence": 18,
    "stop_id": "osm:1992955361",
    "stop_name": "Охотничья улица",
    "source": "OSM",
    "source_date": "2025-12-25",
    "direction_name": "Останкино — Метро «Сокольники»"
   }
  },
  {
   "type": "Feature",
   "geometry": {
    "type": "Point",
    "coordinates": [
     37.6807219,
     55.792629
    ]
   },
   "properties": {
    "route": 25,
    "direction_id": 0,
    "stop_sequence": 19,
    "stop_id": "osm:826381884",
    "stop_name": "ПКиО Сокольники",
    "source": "OSM",
    "source_date": "2025-12-25",
    "direction_name": "Останкино — Метро «Сокольники»"
   }
  },
  {
   "type": "Feature",
   "geometry": {
    "type": "Point",
    "coordinates": [
     37.6794659,
     55.7918534
    ]
   },
   "properties": {
    "route": 25,
    "direction_id": 0,
    "stop_sequence": 20,
    "stop_id": "osm:473133164",
    "stop_name": "Метро «Сокольники»",
    "source": "OSM",
    "source_date": "2025-12-25",
    "direction_name": "Останкино — Метро «Сокольники»"
   }
  },
  {
   "type": "Feature",
   "geometry": {
    "type": "Point",
    "coordinates": [
     37.6794659,
     55.7918534
    ]
   },
   "properties": {
    "route": 25,
    "direction_id": 1,
    "stop_sequence": 1,
    "stop_id": "osm:473133164",
    "stop_name": "Метро «Сокольники»",
    "source": "OSM",
    "source_date": "2025-12-25",
    "direction_name": "Метро «Сокольники» — Останкино"
   }
  },
  {
   "type": "Feature",
   "geometry": {
    "type": "Point",
    "coordinates": [
     37.681146,
     55.7926944
    ]
   },
   "properties": {
    "route": 25,
    "direction_id": 1,
    "stop_sequence": 2,
    "stop_id": "osm:1984517983",
    "stop_name": "ПКиО Сокольники",
    "source": "OSM",
    "source_date": "2025-12-25",
    "direction_name": "Метро «Сокольники» — Останкино"
   }
  },
  {
   "type": "Feature",
   "geometry": {
    "type": "Point",
    "coordinates": [
     37.6829494,
     55.7958552
    ]
   },
   "properties": {
    "route": 25,
    "direction_id": 1,
    "stop_sequence": 3,
    "stop_id": "osm:1992955360",
    "stop_name": "Охотничья улица",
    "source": "OSM",
    "source_date": "2025-12-25",
    "direction_name": "Метро «Сокольники» — Останкино"
   }
  },
  {
   "type": "Feature",
   "geometry": {
    "type": "Point",
    "coordinates": [
     37.6859668,
     55.7992914
    ]
   },
   "properties": {
    "route": 25,
    "direction_id": 1,
    "stop_sequence": 4,
    "stop_id": "osm:1992955362",
    "stop_name": "Улица Короленко",
    "source": "OSM",
    "source_date": "2025-12-25",
    "direction_name": "Метро «Сокольники» — Останкино"
   }
  },
  {
   "type": "Feature",
   "geometry": {
    "type": "Point",
    "coordinates": [
     37.6888615,
     55.8028831
    ]
   },
   "properties": {
    "route": 25,
    "direction_id": 1,
    "stop_sequence": 5,
    "stop_id": "osm:1992955359",
    "stop_name": "Майский просек",
    "source": "OSM",
    "source_date": "2025-12-25",
    "direction_name": "Метро «Сокольники» — Останкино"
   }
  },
  {
   "type": "Feature",
   "geometry": {
    "type": "Point",
    "coordinates": [
     37.6917199,
     55.8054757
    ]
   },
   "properties": {
    "route": 25,
    "direction_id": 1,
    "stop_sequence": 6,
    "stop_id": "osm:1992955355",
    "stop_name": "Большая Оленья улица",
    "source": "OSM",
    "source_date": "2025-12-25",
    "direction_name": "Метро «Сокольники» — Останкино"
   }
  },
  {
   "type": "Feature",
   "geometry": {
    "type": "Point",
    "coordinates": [
     37.6883116,
     55.8083611
    ]
   },
   "properties": {
    "route": 25,
    "direction_id": 1,
    "stop_sequence": 7,
    "stop_id": "osm:1992955356",
    "stop_name": "2-й Ширяевский переулок",
    "source": "OSM",
    "source_date": "2025-12-25",
    "direction_name": "Метро «Сокольники» — Останкино"
   }
  },
  {
   "type": "Feature",
   "geometry": {
    "type": "Point",
    "coordinates": [
     37.6854418,
     55.8105218
    ]
   },
   "properties": {
    "route": 25,
    "direction_id": 1,
    "stop_sequence": 8,
    "stop_id": "osm:1992955353",
    "stop_name": "Большая Ширяевская улица",
    "source": "OSM",
    "source_date": "2025-12-25",
    "direction_name": "Метро «Сокольники» — Останкино"
   }
  },
  {
   "type": "Feature",
   "geometry": {
    "type": "Point",
    "coordinates": [
     37.6854207,
     55.8151031
    ]
   },
   "properties": {
    "route": 25,
    "direction_id": 1,
    "stop_sequence": 9,
    "stop_id": "osm:1642815217",
    "stop_name": "Ростокинский проезд",
    "source": "OSM",
    "source_date": "2025-12-25",
    "direction_name": "Метро «Сокольники» — Останкино"
   }
  },
  {
   "type": "Feature",
   "geometry": {
    "type": "Point",
    "coordinates": [
     37.6786674,
     55.8173922
    ]
   },
   "properties": {
    "route": 25,
    "direction_id": 1,
    "stop_sequence": 10,
    "stop_id": "osm:718450763",
    "stop_name": "Институт иностранных языков",
    "source": "OSM",
    "source_date": "2025-12-25",
    "direction_name": "Метро «Сокольники» — Останкино"
   }
  },
  {
   "type": "Feature",
   "geometry": {
    "type": "Point",
    "coordinates": [
     37.6706581,
     55.8193086
    ]
   },
   "properties": {
    "route": 25,
    "direction_id": 1,
    "stop_sequence": 11,
    "stop_id": "osm:287393722",
    "stop_name": "Станция юных натуралистов",
    "source": "OSM",
    "source_date": "2025-12-25",
    "direction_name": "Метро «Сокольники» — Останкино"
   }
  },
  {
   "type": "Feature",
   "geometry": {
    "type": "Point",
    "coordinates": [
     37.6621394,
     55.8217922
    ]
   },
   "properties": {
    "route": 25,
    "direction_id": 1,
    "stop_sequence": 12,
    "stop_id": "osm:1677617703",
    "stop_name": "Площадь Академика Люльки",
    "source": "OSM",
    "source_date": "2025-12-25",
    "direction_name": "Метро «Сокольники» — Останкино"
   }
  },
  {
   "type": "Feature",
   "geometry": {
    "type": "Point",
    "coordinates": [
     37.658004,
     55.8230517
    ]
   },
   "properties": {
    "route": 25,
    "direction_id": 1,
    "stop_sequence": 13,
    "stop_id": "osm:1677617745",
    "stop_name": "улица Бориса Галушкина, 17",
    "source": "OSM",
    "source_date": "2025-12-25",
    "direction_name": "Метро «Сокольники» — Останкино"
   }
  },
  {
   "type": "Feature",
   "geometry": {
    "type": "Point",
    "coordinates": [
     37.6523865,
     55.8249588
    ]
   },
   "properties": {
    "route": 25,
    "direction_id": 1,
    "stop_sequence": 14,
    "stop_id": "osm:1677617750",
    "stop_name": "Ярославская улица",
    "source": "OSM",
    "source_date": "2025-12-25",
    "direction_name": "Метро «Сокольники» — Останкино"
   }
  },
  {
   "type": "Feature",
   "geometry": {
    "type": "Point",
    "coordinates": [
     37.6487246,
     55.8263898
    ]
   },
   "properties": {
    "route": 25,
    "direction_id": 1,
    "stop_sequence": 15,
    "stop_id": "osm:1677617714",
    "stop_name": "Проспект Мира",
    "source": "OSM",
    "source_date": "2025-12-25",
    "direction_name": "Метро «Сокольники» — Останкино"
   }
  },
  {
   "type": "Feature",
   "geometry": {
    "type": "Point",
    "coordinates": [
     37.6460967,
     55.8272421
    ]
   },
   "properties": {
    "route": 25,
    "direction_id": 1,
    "stop_sequence": 16,
    "stop_id": "osm:535516914",
    "stop_name": "ВДНХ (северный вход)",
    "source": "OSM",
    "source_date": "2025-12-25",
    "direction_name": "Метро «Сокольники» — Останкино"
   }
  },
  {
   "type": "Feature",
   "geometry": {
    "type": "Point",
    "coordinates": [
     37.6382716,
     55.8238048
    ]
   },
   "properties": {
    "route": 25,
    "direction_id": 1,
    "stop_sequence": 17,
    "stop_id": "osm:535516842",
    "stop_name": "Метро «ВДНХ»",
    "source": "OSM",
    "source_date": "2025-12-25",
    "direction_name": "Метро «Сокольники» — Останкино"
   }
  },
  {
   "type": "Feature",
   "geometry": {
    "type": "Point",
    "coordinates": [
     37.6339085,
     55.822092
    ]
   },
   "properties": {
    "route": 25,
    "direction_id": 1,
    "stop_sequence": 18,
    "stop_id": "osm:1046562062",
    "stop_name": "ВДНХ (южный вход)",
    "source": "OSM",
    "source_date": "2025-12-25",
    "direction_name": "Метро «Сокольники» — Останкино"
   }
  },
  {
   "type": "Feature",
   "geometry": {
    "type": "Point",
    "coordinates": [
     37.6286054,
     55.8218406
    ]
   },
   "properties": {
    "route": 25,
    "direction_id": 1,
    "stop_sequence": 19,
    "stop_id": "osm:1046561946",
    "stop_name": "Улица Цандера",
    "source": "OSM",
    "source_date": "2025-12-25",
    "direction_name": "Метро «Сокольники» — Останкино"
   }
  },
  {
   "type": "Feature",
   "geometry": {
    "type": "Point",
    "coordinates": [
     37.6221282,
     55.8218859
    ]
   },
   "properties": {
    "route": 25,
    "direction_id": 1,
    "stop_sequence": 20,
    "stop_id": "osm:535516828",
    "stop_name": "Аргуновская улица",
    "source": "OSM",
    "source_date": "2025-12-25",
    "direction_name": "Метро «Сокольники» — Останкино"
   }
  },
  {
   "type": "Feature",
   "geometry": {
    "type": "Point",
    "coordinates": [
     37.6172291,
     55.8227374
    ]
   },
   "properties": {
    "route": 25,
    "direction_id": 1,
    "stop_sequence": 21,
    "stop_id": "osm:3236023227",
    "stop_name": "Останкино",
    "source": "OSM",
    "source_date": "2025-12-25",
    "direction_name": "Метро «Сокольники» — Останкино"
   }
  },
  {
   "type": "Feature",
   "geometry": {
    "type": "Point",
    "coordinates": [
     37.5377142,
     55.6921111
    ]
   },
   "properties": {
    "route": 26,
    "direction_id": 0,
    "stop_sequence": 1,
    "stop_id": "osm:1376488524",
    "stop_name": "Метро «Университет»",
    "source": "OSM",
    "source_date": "2025-12-25",
    "direction_name": "Метро «Университет» — Метро «Октябрьская»"
   }
  },
  {
   "type": "Feature",
   "geometry": {
    "type": "Point",
    "coordinates": [
     37.539406,
     55.6911502
    ]
   },
   "properties": {
    "route": 26,
    "direction_id": 0,
    "stop_sequence": 2,
    "stop_id": "osm:1376488519",
    "stop_name": "Драмтеатр",
    "source": "OSM",
    "source_date": "2025-12-25",
    "direction_name": "Метро «Университет» — Метро «Октябрьская»"
   }
  },
  {
   "type": "Feature",
   "geometry": {
    "type": "Point",
    "coordinates": [
     37.5437852,
     55.6886447
    ]
   },
   "properties": {
    "route": 26,
    "direction_id": 0,
    "stop_sequence": 3,
    "stop_id": "osm:1376488523",
    "stop_name": "Ленинский проспект",
    "source": "OSM",
    "source_date": "2025-12-25",
    "direction_name": "Метро «Университет» — Метро «Октябрьская»"
   }
  },
  {
   "type": "Feature",
   "geometry": {
    "type": "Point",
    "coordinates": [
     37.5479437,
     55.6862314
    ]
   },
   "properties": {
    "route": 26,
    "direction_id": 0,
    "stop_sequence": 4,
    "stop_id": "osm:1376488521",
    "stop_name": "Центр здоровья детей",
    "source": "OSM",
    "source_date": "2025-12-25",
    "direction_name": "Метро «Университет» — Метро «Октябрьская»"
   }
  },
  {
   "type": "Feature",
   "geometry": {
    "type": "Point",
    "coordinates": [
     37.5513913,
     55.6842467
    ]
   },
   "properties": {
    "route": 26,
    "direction_id": 0,
    "stop_sequence": 5,
    "stop_id": "osm:1376488538",
    "stop_name": "Черёмушкинский рынок",
    "source": "OSM",
    "source_date": "2025-12-25",
    "direction_name": "Метро «Университет» — Метро «Октябрьская»"
   }
  },
  {
   "type": "Feature",
   "geometry": {
    "type": "Point",
    "coordinates": [
     37.5555395,
     55.6850675
    ]
   },
   "properties": {
    "route": 26,
    "direction_id": 0,
    "stop_sequence": 6,
    "stop_id": "osm:1376488529",
    "stop_name": "Улица Вавилова",
    "source": "OSM",
    "source_date": "2025-12-25",
    "direction_name": "Метро «Университет» — Метро «Октябрьская»"
   }
  },
  {
   "type": "Feature",
   "geometry": {
    "type": "Point",
    "coordinates": [
     37.5592693,
     55.6837857
    ]
   },
   "properties": {
    "route": 26,
    "direction_id": 0,
    "stop_sequence": 7,
    "stop_id": "osm:1376488760",
    "stop_name": "Улица Ивана Бабушкина",
    "source": "OSM",
    "source_date": "2025-12-25",
    "direction_name": "Метро «Университет» — Метро «Октябрьская»"
   }
  },
  {
   "type": "Feature",
   "geometry": {
    "type": "Point",
    "coordinates": [
     37.5658475,
     55.6815307
    ]
   },
   "properties": {
    "route": 26,
    "direction_id": 0,
    "stop_sequence": 8,
    "stop_id": "osm:1376488528",
    "stop_name": "Профсоюзная улица",
    "source": "OSM",
    "source_date": "2025-12-25",
    "direction_name": "Метро «Университет» — Метро «Октябрьская»"
   }
  },
  {
   "type": "Feature",
   "geometry": {
    "type": "Point",
    "coordinates": [
     37.5741684,
     55.678665
    ]
   },
   "properties": {
    "route": 26,
    "direction_id": 0,
    "stop_sequence": 9,
    "stop_id": "osm:1376488526",
    "stop_name": "Новочерёмушкинская улица",
    "source": "OSM",
    "source_date": "2025-12-25",
    "direction_name": "Метро «Университет» — Метро «Октябрьская»"
   }
  },
  {
   "type": "Feature",
   "geometry": {
    "type": "Point",
    "coordinates": [
     37.5783688,
     55.6772089
    ]
   },
   "properties": {
    "route": 26,
    "direction_id": 0,
    "stop_sequence": 10,
    "stop_id": "osm:1376488532",
    "stop_name": "Центр детского творчества",
    "source": "OSM",
    "source_date": "2025-12-25",
    "direction_name": "Метро «Университет» — Метро «Октябрьская»"
   }
  },
  {
   "type": "Feature",
   "geometry": {
    "type": "Point",
    "coordinates": [
     37.5843858,
     55.6795889
    ]
   },
   "properties": {
    "route": 26,
    "direction_id": 0,
    "stop_sequence": 11,
    "stop_id": "osm:1376488536",
    "stop_name": "Черёмушки",
    "source": "OSM",
    "source_date": "2025-12-25",
    "direction_name": "Метро «Университет» — Метро «Октябрьская»"
   }
  },
  {
   "type": "Feature",
   "geometry": {
    "type": "Point",
    "coordinates": [
     37.5899901,
     55.6829072
    ]
   },
   "properties": {
    "route": 26,
    "direction_id": 0,
    "stop_sequence": 12,
    "stop_id": "osm:1376500685",
    "stop_name": "Улица Дмитрия Ульянова",
    "source": "OSM",
    "source_date": "2025-12-25",
    "direction_name": "Метро «Университет» — Метро «Октябрьская»"
   }
  },
  {
   "type": "Feature",
   "geometry": {
    "type": "Point",
    "coordinates": [
     37.5938583,
     55.6864645
    ]
   },
   "properties": {
    "route": 26,
    "direction_id": 0,
    "stop_sequence": 13,
    "stop_id": "osm:1376500650",
    "stop_name": "Улица Винокурова",
    "source": "OSM",
    "source_date": "2025-12-25",
    "direction_name": "Метро «Университет» — Метро «Октябрьская»"
   }
  },
  {
   "type": "Feature",
   "geometry": {
    "type": "Point",
    "coordinates": [
     37.5960594,
     55.6885939
    ]
   },
   "properties": {
    "route": 26,
    "direction_id": 0,
    "stop_sequence": 14,
    "stop_id": "osm:1376500843",
    "stop_name": "Улица Шверника",
    "source": "OSM",
    "source_date": "2025-12-25",
    "direction_name": "Метро «Университет» — Метро «Октябрьская»"
   }
  },
  {
   "type": "Feature",
   "geometry": {
    "type": "Point",
    "coordinates": [
     37.6026133,
     55.6920783
    ]
   },
   "properties": {
    "route": 26,
    "direction_id": 0,
    "stop_sequence": 15,
    "stop_id": "osm:10735066095",
    "stop_name": "Загородное шоссе",
    "source": "OSM",
    "source_date": "2025-12-25",
    "direction_name": "Метро «Университет» — Метро «Октябрьская»"
   }
  },
  {
   "type": "Feature",
   "geometry": {
    "type": "Point",
    "coordinates": [
     37.6075406,
     55.6939474
    ]
   },
   "properties": {
    "route": 26,
    "direction_id": 0,
    "stop_sequence": 16,
    "stop_id": "osm:1376500701",
    "stop_name": "Севастопольский проспект, 1",
    "source": "OSM",
    "source_date": "2025-12-25",
    "direction_name": "Метро «Университет» — Метро «Октябрьская»"
   }
  },
  {
   "type": "Feature",
   "geometry": {
    "type": "Point",
    "coordinates": [
     37.6116657,
     55.6970517
    ]
   },
   "properties": {
    "route": 26,
    "direction_id": 0,
    "stop_sequence": 17,
    "stop_id": "osm:1376500632",
    "stop_name": "Больница имени Алексеева",
    "source": "OSM",
    "source_date": "2025-12-25",
    "direction_name": "Метро «Университет» — Метро «Октябрьская»"
   }
  },
  {
   "type": "Feature",
   "geometry": {
    "type": "Point",
    "coordinates": [
     37.6143137,
     55.6999147
    ]
   },
   "properties": {
    "route": 26,
    "direction_id": 0,
    "stop_sequence": 18,
    "stop_id": "osm:1376500706",
    "stop_name": "Спортивная школа «Тринта»",
    "source": "OSM",
    "source_date": "2025-12-25",
    "direction_name": "Метро «Университет» — Метро «Октябрьская»"
   }
  },
  {
   "type": "Feature",
   "geometry": {
    "type": "Point",
    "coordinates": [
     37.6125254,
     55.7042387
    ]
   },
   "properties": {
    "route": 26,
    "direction_id": 0,
    "stop_sequence": 19,
    "stop_id": "osm:1376500694",
    "stop_name": "Духовской переулок",
    "source": "OSM",
    "source_date": "2025-12-25",
    "direction_name": "Метро «Университет» — Метро «Октябрьская»"
   }
  },
  {
   "type": "Feature",
   "geometry": {
    "type": "Point",
    "coordinates": [
     37.6106132,
     55.7078634
    ]
   },
   "properties": {
    "route": 26,
    "direction_id": 0,
    "stop_sequence": 20,
    "stop_id": "osm:1376500849",
    "stop_name": "3-я Рощинская улица",
    "source": "OSM",
    "source_date": "2025-12-25",
    "direction_name": "Метро «Университет» — Метро «Октябрьская»"
   }
  },
  {
   "type": "Feature",
   "geometry": {
    "type": "Point",
    "coordinates": [
     37.606892,
     55.7087395
    ]
   },
   "properties": {
    "route": 26,
    "direction_id": 0,
    "stop_sequence": 21,
    "stop_id": "osm:1376500847",
    "stop_name": "3-й Верхний Михайловский проезд",
    "source": "OSM",
    "source_date": "2025-12-25",
    "direction_name": "Метро «Университет» — Метро «Октябрьская»"
   }
  },
  {
   "type": "Feature",
   "geometry": {
    "type": "Point",
    "coordinates": [
     37.6067033,
     55.7124896
    ]
   },
   "properties": {
    "route": 26,
    "direction_id": 0,
    "stop_sequence": 22,
    "stop_id": "osm:1376510977",
    "stop_name": "Серпуховский Вал",
    "source": "OSM",
    "source_date": "2025-12-25",
    "direction_name": "Метро «Университет» — Метро «Октябрьская»"
   }
  },
  {
   "type": "Feature",
   "geometry": {
    "type": "Point",
    "coordinates": [
     37.6080883,
     55.7161231
    ]
   },
   "properties": {
    "route": 26,
    "direction_id": 0,
    "stop_sequence": 23,
    "stop_id": "osm:1376510975",
    "stop_name": "Улица Лестева",
    "source": "OSM",
    "source_date": "2025-12-25",
    "direction_name": "Метро «Университет» — Метро «Октябрьская»"
   }
  },
  {
   "type": "Feature",
   "geometry": {
    "type": "Point",
    "coordinates": [
     37.6091413,
     55.7189065
    ]
   },
   "properties": {
    "route": 26,
    "direction_id": 0,
    "stop_sequence": 24,
    "stop_id": "osm:4370973807",
    "stop_name": "Метро «Шаболовская»",
    "source": "OSM",
    "source_date": "2025-12-25",
    "direction_name": "Метро «Университет» — Метро «Октябрьская»"
   }
  },
  {
   "type": "Feature",
   "geometry": {
    "type": "Point",
    "coordinates": [
     37.6106726,
     55.7229183
    ]
   },
   "properties": {
    "route": 26,
    "direction_id": 0,
    "stop_sequence": 25,
    "stop_id": "osm:1376510980",
    "stop_name": "Фабрика «Ударница»",
    "source": "OSM",
    "source_date": "2025-12-25",
    "direction_name": "Метро «Университет» — Метро «Октябрьская»"
   }
  },
  {
   "type": "Feature",
   "geometry": {
    "type": "Point",
    "coordinates": [
     37.6116597,
     55.7265831
    ]
   },
   "properties": {
    "route": 26,
    "direction_id": 0,
    "stop_sequence": 26,
    "stop_id": "osm:10871512070",
    "stop_name": "Метро «Октябрьская»",
    "source": "OSM",
    "source_date": "2025-12-25",
    "direction_name": "Метро «Университет» — Метро «Октябрьская»"
   }
  },
  {
   "type": "Feature",
   "geometry": {
    "type": "Point",
    "coordinates": [
     37.6116715,
     55.7268934
    ]
   },
   "properties": {
    "route": 26,
    "direction_id": 1,
    "stop_sequence": 1,
    "stop_id": "osm:1376510974",
    "stop_name": "Метро «Октябрьская»",
    "source": "OSM",
    "source_date": "2025-12-25",
    "direction_name": "Метро «Октябрьская» — Метро «Университет»"
   }
  },
  {
   "type": "Feature",
   "geometry": {
    "type": "Point",
    "coordinates": [
     37.6105282,
     55.7226797
    ]
   },
   "properties": {
    "route": 26,
    "direction_id": 1,
    "stop_sequence": 2,
    "stop_id": "osm:1376510981",
    "stop_name": "Фабрика «Ударница»",
    "source": "OSM",
    "source_date": "2025-12-25",
    "direction_name": "Метро «Октябрьская» — Метро «Университет»"
   }
  },
  {
   "type": "Feature",
   "geometry": {
    "type": "Point",
    "coordinates": [
     37.6089853,
     55.7186311
    ]
   },
   "properties": {
    "route": 26,
    "direction_id": 1,
    "stop_sequence": 3,
    "stop_id": "osm:1376510978",
    "stop_name": "Метро «Шаболовская»",
    "source": "OSM",
    "source_date": "2025-12-25",
    "direction_name": "Метро «Октябрьская» — Метро «Университет»"
   }
  },
  {
   "type": "Feature",
   "geometry": {
    "type": "Point",
    "coordinates": [
     37.6072739,
     55.7141415
    ]
   },
   "properties": {
    "route": 26,
    "direction_id": 1,
    "stop_sequence": 4,
    "stop_id": "osm:1376510976",
    "stop_name": "Улица Лестева",
    "source": "OSM",
    "source_date": "2025-12-25",
    "direction_name": "Метро «Октябрьская» — Метро «Университет»"
   }
  },
  {
   "type": "Feature",
   "geometry": {
    "type": "Point",
    "coordinates": [
     37.6061337,
     55.7106575
    ]
   },
   "properties": {
    "route": 26,
    "direction_id": 1,
    "stop_sequence": 5,
    "stop_id": "osm:1376500848",
    "stop_name": "Серпуховский Вал",
    "source": "OSM",
    "source_date": "2025-12-25",
    "direction_name": "Метро «Октябрьская» — Метро «Университет»"
   }
  },
  {
   "type": "Feature",
   "geometry": {
    "type": "Point",
    "coordinates": [
     37.6091785,
     55.7083293
    ]
   },
   "properties": {
    "route": 26,
    "direction_id": 1,
    "stop_sequence": 6,
    "stop_id": "osm:1376500850",
    "stop_name": "3-я Рощинская улица",
    "source": "OSM",
    "source_date": "2025-12-25",
    "direction_name": "Метро «Октябрьская» — Метро «Университет»"
   }
  },
  {
   "type": "Feature",
   "geometry": {
    "type": "Point",
    "coordinates": [
     37.6120453,
     55.7046676
    ]
   },
   "properties": {
    "route": 26,
    "direction_id": 1,
    "stop_sequence": 7,
    "stop_id": "osm:1376500695",
    "stop_name": "Духовской переулок",
    "source": "OSM",
    "source_date": "2025-12-25",
    "direction_name": "Метро «Октябрьская» — Метро «Университет»"
   }
  },
  {
   "type": "Feature",
   "geometry": {
    "type": "Point",
    "coordinates": [
     37.6145911,
     55.7003102
    ]
   },
   "properties": {
    "route": 26,
    "direction_id": 1,
    "stop_sequence": 8,
    "stop_id": "osm:1376500709",
    "stop_name": "Спортивная школа «Тринта»",
    "source": "OSM",
    "source_date": "2025-12-25",
    "direction_name": "Метро «Октябрьская» — Метро «Университет»"
   }
  },
  {
   "type": "Feature",
   "geometry": {
    "type": "Point",
    "coordinates": [
     37.6121834,
     55.6977119
    ]
   },
   "properties": {
    "route": 26,
    "direction_id": 1,
    "stop_sequence": 9,
    "stop_id": "osm:1376500648",
    "stop_name": "Больница имени Алексеева",
    "source": "OSM",
    "source_date": "2025-12-25",
    "direction_name": "Метро «Октябрьская» — Метро «Университет»"
   }
  },
  {
   "type": "Feature",
   "geometry": {
    "type": "Point",
    "coordinates": [
     37.6066745,
     55.6936589
    ]
   },
   "properties": {
    "route": 26,
    "direction_id": 1,
    "stop_sequence": 10,
    "stop_id": "osm:1376500704",
    "stop_name": "Севастопольский проспект, 1",
    "source": "OSM",
    "source_date": "2025-12-25",
    "direction_name": "Метро «Октябрьская» — Метро «Университет»"
   }
  },
  {
   "type": "Feature",
   "geometry": {
    "type": "Point",
    "coordinates": [
     37.6021874,
     55.6919581
    ]
   },
   "properties": {
    "route": 26,
    "direction_id": 1,
    "stop_sequence": 11,
    "stop_id": "osm:1376500698",
    "stop_name": "Загородное шоссе",
    "source": "OSM",
    "source_date": "2025-12-25",
    "direction_name": "Метро «Октябрьская» — Метро «Университет»"
   }
  },
  {
   "type": "Feature",
   "geometry": {
    "type": "Point",
    "coordinates": [
     37.5965512,
     55.6890945
    ]
   },
   "properties": {
    "route": 26,
    "direction_id": 1,
    "stop_sequence": 12,
    "stop_id": "osm:1376500846",
    "stop_name": "Улица Шверника",
    "source": "OSM",
    "source_date": "2025-12-25",
    "direction_name": "Метро «Октябрьская» — Метро «Университет»"
   }
  },
  {
   "type": "Feature",
   "geometry": {
    "type": "Point",
    "coordinates": [
     37.593587,
     55.6862682
    ]
   },
   "properties": {
    "route": 26,
    "direction_id": 1,
    "stop_sequence": 13,
    "stop_id": "osm:1376500684",
    "stop_name": "Улица Винокурова",
    "source": "OSM",
    "source_date": "2025-12-25",
    "direction_name": "Метро «Октябрьская» — Метро «Университет»"
   }
  },
  {
   "type": "Feature",
   "geometry": {
    "type": "Point",
    "coordinates": [
     37.589751,
     55.6827554
    ]
   },
   "properties": {
    "route": 26,
    "direction_id": 1,
    "stop_sequence": 14,
    "stop_id": "osm:1376500692",
    "stop_name": "Улица Дмитрия Ульянова",
    "source": "OSM",
    "source_date": "2025-12-25",
    "direction_name": "Метро «Октябрьская» — Метро «Университет»"
   }
  },
  {
   "type": "Feature",
   "geometry": {
    "type": "Point",
    "coordinates": [
     37.585235,
     55.6801747
    ]
   },
   "properties": {
    "route": 26,
    "direction_id": 1,
    "stop_sequence": 15,
    "stop_id": "osm:1376492012",
    "stop_name": "Черёмушки",
    "source": "OSM",
    "source_date": "2025-12-25",
    "direction_name": "Метро «Октябрьская» — Метро «Университет»"
   }
  },
  {
   "type": "Feature",
   "geometry": {
    "type": "Point",
    "coordinates": [
     37.5799934,
     55.6771724
    ]
   },
   "properties": {
    "route": 26,
    "direction_id": 1,
    "stop_sequence": 16,
    "stop_id": "osm:1376488531",
    "stop_name": "Центр детского творчества",
    "source": "OSM",
    "source_date": "2025-12-25",
    "direction_name": "Метро «Октябрьская» — Метро «Университет»"
   }
  },
  {
   "type": "Feature",
   "geometry": {
    "type": "Point",
    "coordinates": [
     37.5739747,
     55.6787811
    ]
   },
   "properties": {
    "route": 26,
    "direction_id": 1,
    "stop_sequence": 17,
    "stop_id": "osm:1376488525",
    "stop_name": "Новочерёмушкинская улица",
    "source": "OSM",
    "source_date": "2025-12-25",
    "direction_name": "Метро «Октябрьская» — Метро «Университет»"
   }
  },
  {
   "type": "Feature",
   "geometry": {
    "type": "Point",
    "coordinates": [
     37.5674395,
     55.6810388
    ]
   },
   "properties": {
    "route": 26,
    "direction_id": 1,
    "stop_sequence": 18,
    "stop_id": "osm:1376488527",
    "stop_name": "Профсоюзная улица",
    "source": "OSM",
    "source_date": "2025-12-25",
    "direction_name": "Метро «Октябрьская» — Метро «Университет»"
   }
  },
  {
   "type": "Feature",
   "geometry": {
    "type": "Point",
    "coordinates": [
     37.560052,
     55.6835674
    ]
   },
   "properties": {
    "route": 26,
    "direction_id": 1,
    "stop_sequence": 19,
    "stop_id": "osm:1376488759",
    "stop_name": "Улица Ивана Бабушкина",
    "source": "OSM",
    "source_date": "2025-12-25",
    "direction_name": "Метро «Октябрьская» — Метро «Университет»"
   }
  },
  {
   "type": "Feature",
   "geometry": {
    "type": "Point",
    "coordinates": [
     37.5547537,
     55.685378
    ]
   },
   "properties": {
    "route": 26,
    "direction_id": 1,
    "stop_sequence": 20,
    "stop_id": "osm:1376488530",
    "stop_name": "Улица Вавилова",
    "source": "OSM",
    "source_date": "2025-12-25",
    "direction_name": "Метро «Октябрьская» — Метро «Университет»"
   }
  },
  {
   "type": "Feature",
   "geometry": {
    "type": "Point",
    "coordinates": [
     37.5504371,
     55.6848546
    ]
   },
   "properties": {
    "route": 26,
    "direction_id": 1,
    "stop_sequence": 21,
    "stop_id": "osm:1376488537",
    "stop_name": "Черёмушкинский рынок",
    "source": "OSM",
    "source_date": "2025-12-25",
    "direction_name": "Метро «Октябрьская» — Метро «Университет»"
   }
  },
  {
   "type": "Feature",
   "geometry": {
    "type": "Point",
    "coordinates": [
     37.5478178,
     55.6863576
    ]
   },
   "properties": {
    "route": 26,
    "direction_id": 1,
    "stop_sequence": 22,
    "stop_id": "osm:1376488520",
    "stop_name": "Центр здоровья детей",
    "source": "OSM",
    "source_date": "2025-12-25",
    "direction_name": "Метро «Октябрьская» — Метро «Университет»"
   }
  },
  {
   "type": "Feature",
   "geometry": {
    "type": "Point",
    "coordinates": [
     37.5438414,
     55.6886766
    ]
   },
   "properties": {
    "route": 26,
    "direction_id": 1,
    "stop_sequence": 23,
    "stop_id": "osm:1376488522",
    "stop_name": "Ленинский проспект",
    "source": "OSM",
    "source_date": "2025-12-25",
    "direction_name": "Метро «Октябрьская» — Метро «Университет»"
   }
  },
  {
   "type": "Feature",
   "geometry": {
    "type": "Point",
    "coordinates": [
     37.5399283,
     55.6909162
    ]
   },
   "properties": {
    "route": 26,
    "direction_id": 1,
    "stop_sequence": 24,
    "stop_id": "osm:1376488518",
    "stop_name": "Драмтеатр",
    "source": "OSM",
    "source_date": "2025-12-25",
    "direction_name": "Метро «Октябрьская» — Метро «Университет»"
   }
  },
  {
   "type": "Feature",
   "geometry": {
    "type": "Point",
    "coordinates": [
     37.5369453,
     55.6926426
    ]
   },
   "properties": {
    "route": 26,
    "direction_id": 1,
    "stop_sequence": 25,
    "stop_id": "osm:1376495190",
    "stop_name": "Метро «Университет»",
    "source": "OSM",
    "source_date": "2025-12-25",
    "direction_name": "Метро «Октябрьская» — Метро «Университет»"
   }
  },
  {
   "type": "Feature",
   "geometry": {
    "type": "Point",
    "coordinates": [
     37.5086983,
     55.805802
    ]
   },
   "properties": {
    "route": 28,
    "direction_id": 0,
    "stop_sequence": 1,
    "stop_id": "osm:2424418056",
    "stop_name": "Метро «Сокол»",
    "source": "OSM",
    "source_date": "2025-12-25",
    "direction_name": "Метро «Сокол» — Проспект Маршала Жукова"
   }
  },
  {
   "type": "Feature",
   "geometry": {
    "type": "Point",
    "coordinates": [
     37.5052959,
     55.8067505
    ]
   },
   "properties": {
    "route": 28,
    "direction_id": 0,
    "stop_sequence": 2,
    "stop_id": "osm:2424327579",
    "stop_name": "Гидропроект",
    "source": "OSM",
    "source_date": "2025-12-25",
    "direction_name": "Метро «Сокол» — Проспект Маршала Жукова"
   }
  },
  {
   "type": "Feature",
   "geometry": {
    "type": "Point",
    "coordinates": [
     37.4988346,
     55.8079649
    ]
   },
   "properties": {
    "route": 28,
    "direction_id": 0,
    "stop_sequence": 3,
    "stop_id": "osm:2424320147",
    "stop_name": "Университет РОСБИОТЕХ",
    "source": "OSM",
    "source_date": "2025-12-25",
    "direction_name": "Метро «Сокол» — Проспект Маршала Жукова"
   }
  },
  {
   "type": "Feature",
   "geometry": {
    "type": "Point",
    "coordinates": [
     37.4939005,
     55.8089822
    ]
   },
   "properties": {
    "route": 28,
    "direction_id": 0,
    "stop_sequence": 4,
    "stop_id": "osm:2424317942",
    "stop_name": "Улица Панфилова",
    "source": "OSM",
    "source_date": "2025-12-25",
    "direction_name": "Метро «Сокол» — Проспект Маршала Жукова"
   }
  },
  {
   "type": "Feature",
   "geometry": {
    "type": "Point",
    "coordinates": [
     37.4825773,
     55.8106388
    ]
   },
   "properties": {
    "route": 28,
    "direction_id": 0,
    "stop_sequence": 5,
    "stop_id": "osm:825877090",
    "stop_name": "Пехотная улица",
    "source": "OSM",
    "source_date": "2025-12-25",
    "direction_name": "Метро «Сокол» — Проспект Маршала Жукова"
   }
  },
  {
   "type": "Feature",
   "geometry": {
    "type": "Point",
    "coordinates": [
     37.4762634,
     55.8104056
    ]
   },
   "properties": {
    "route": 28,
    "direction_id": 0,
    "stop_sequence": 6,
    "stop_id": "osm:798645928",
    "stop_name": "Улица Академика Курчатова",
    "source": "OSM",
    "source_date": "2025-12-25",
    "direction_name": "Метро «Сокол» — Проспект Маршала Жукова"
   }
  },
  {
   "type": "Feature",
   "geometry": {
    "type": "Point",
    "coordinates": [
     37.4697611,
     55.8102117
    ]
   },
   "properties": {
    "route": 28,
    "direction_id": 0,
    "stop_sequence": 7,
    "stop_id": "osm:945438226",
    "stop_name": "Диспансер",
    "source": "OSM",
    "source_date": "2025-12-25",
    "direction_name": "Метро «Сокол» — Проспект Маршала Жукова"
   }
  },
  {
   "type": "Feature",
   "geometry": {
    "type": "Point",
    "coordinates": [
     37.4631335,
     55.8099877
    ]
   },
   "properties": {
    "route": 28,
    "direction_id": 0,
    "stop_sequence": 8,
    "stop_id": "osm:303302468",
    "stop_name": "Метро «Щукинская»",
    "source": "OSM",
    "source_date": "2025-12-25",
    "direction_name": "Метро «Сокол» — Проспект Маршала Жукова"
   }
  },
  {
   "type": "Feature",
   "geometry": {
    "type": "Point",
    "coordinates": [
     37.4581526,
     55.8068443
    ]
   },
   "properties": {
    "route": 28,
    "direction_id": 0,
    "stop_sequence": 9,
    "stop_id": "osm:711057604",
    "stop_name": "Медицинский центр имени Бурназяна",
    "source": "OSM",
    "source_date": "2025-12-25",
    "direction_name": "Метро «Сокол» — Проспект Маршала Жукова"
   }
  },
  {
   "type": "Feature",
   "geometry": {
    "type": "Point",
    "coordinates": [
     37.4535993,
     55.8056539
    ]
   },
   "properties": {
    "route": 28,
    "direction_id": 0,
    "stop_sequence": 10,
    "stop_id": "osm:943820342",
    "stop_name": "Детская поликлиника",
    "source": "OSM",
    "source_date": "2025-12-25",
    "direction_name": "Метро «Сокол» — Проспект Маршала Жукова"
   }
  },
  {
   "type": "Feature",
   "geometry": {
    "type": "Point",
    "coordinates": [
     37.4502931,
     55.8013013
    ]
   },
   "properties": {
    "route": 28,
    "direction_id": 0,
    "stop_sequence": 11,
    "stop_id": "osm:943820347",
    "stop_name": "Улица Живописная, 50",
    "source": "OSM",
    "source_date": "2025-12-25",
    "direction_name": "Метро «Сокол» — Проспект Маршала Жукова"
   }
  },
  {
   "type": "Feature",
   "geometry": {
    "type": "Point",
    "coordinates": [
     37.4543868,
     55.7940982
    ]
   },
   "properties": {
    "route": 28,
    "direction_id": 0,
    "stop_sequence": 12,
    "stop_id": "osm:943820345",
    "stop_name": "Улица Рогова",
    "source": "OSM",
    "source_date": "2025-12-25",
    "direction_name": "Метро «Сокол» — Проспект Маршала Жукова"
   }
  },
  {
   "type": "Feature",
   "geometry": {
    "type": "Point",
    "coordinates": [
     37.4541559,
     55.7893539
    ]
   },
   "properties": {
    "route": 28,
    "direction_id": 0,
    "stop_sequence": 13,
    "stop_id": "osm:825976719",
    "stop_name": "Бассейн",
    "source": "OSM",
    "source_date": "2025-12-25",
    "direction_name": "Метро «Сокол» — Проспект Маршала Жукова"
   }
  },
  {
   "type": "Feature",
   "geometry": {
    "type": "Point",
    "coordinates": [
     37.4551867,
     55.7848201
    ]
   },
   "properties": {
    "route": 28,
    "direction_id": 0,
    "stop_sequence": 14,
    "stop_id": "osm:943820332",
    "stop_name": "Улица Маршала Тухачевского",
    "source": "OSM",
    "source_date": "2025-12-25",
    "direction_name": "Метро «Сокол» — Проспект Маршала Жукова"
   }
  },
  {
   "type": "Feature",
   "geometry": {
    "type": "Point",
    "coordinates": [
     37.4538925,
     55.7802392
    ]
   },
   "properties": {
    "route": 28,
    "direction_id": 0,
    "stop_sequence": 15,
    "stop_id": "osm:11126908381",
    "stop_name": "Проспект Маршала Жукова",
    "source": "OSM",
    "source_date": "2025-12-25",
    "direction_name": "Метро «Сокол» — Проспект Маршала Жукова"
   }
  },
  {
   "type": "Feature",
   "geometry": {
    "type": "Point",
    "coordinates": [
     37.4549434,
     55.7804252
    ]
   },
   "properties": {
    "route": 28,
    "direction_id": 1,
    "stop_sequence": 1,
    "stop_id": "osm:825879399",
    "stop_name": "Проспект Маршала Жукова",
    "source": "OSM",
    "source_date": "2025-12-25",
    "direction_name": "Проспект Маршала Жукова — Метро «Сокол»"
   }
  },
  {
   "type": "Feature",
   "geometry": {
    "type": "Point",
    "coordinates": [
     37.4553494,
     55.7846637
    ]
   },
   "properties": {
    "route": 28,
    "direction_id": 1,
    "stop_sequence": 2,
    "stop_id": "osm:944176908",
    "stop_name": "Улица Маршала Тухачевского",
    "source": "OSM",
    "source_date": "2025-12-25",
    "direction_name": "Проспект Маршала Жукова — Метро «Сокол»"
   }
  },
  {
   "type": "Feature",
   "geometry": {
    "type": "Point",
    "coordinates": [
     37.4541926,
     55.788883
    ]
   },
   "properties": {
    "route": 28,
    "direction_id": 1,
    "stop_sequence": 3,
    "stop_id": "osm:825953891",
    "stop_name": "Бассейн",
    "source": "OSM",
    "source_date": "2025-12-25",
    "direction_name": "Проспект Маршала Жукова — Метро «Сокол»"
   }
  },
  {
   "type": "Feature",
   "geometry": {
    "type": "Point",
    "coordinates": [
     37.4544357,
     55.794318
    ]
   },
   "properties": {
    "route": 28,
    "direction_id": 1,
    "stop_sequence": 4,
    "stop_id": "osm:944176922",
    "stop_name": "Улица Рогова",
    "source": "OSM",
    "source_date": "2025-12-25",
    "direction_name": "Проспект Маршала Жукова — Метро «Сокол»"
   }
  },
  {
   "type": "Feature",
   "geometry": {
    "type": "Point",
    "coordinates": [
     37.4503483,
     55.8011484
    ]
   },
   "properties": {
    "route": 28,
    "direction_id": 1,
    "stop_sequence": 5,
    "stop_id": "osm:944176905",
    "stop_name": "Улица Живописная, 50",
    "source": "OSM",
    "source_date": "2025-12-25",
    "direction_name": "Проспект Маршала Жукова — Метро «Сокол»"
   }
  },
  {
   "type": "Feature",
   "geometry": {
    "type": "Point",
    "coordinates": [
     37.4532373,
     55.8055914
    ]
   },
   "properties": {
    "route": 28,
    "direction_id": 1,
    "stop_sequence": 6,
    "stop_id": "osm:944176914",
    "stop_name": "Детская поликлиника",
    "source": "OSM",
    "source_date": "2025-12-25",
    "direction_name": "Проспект Маршала Жукова — Метро «Сокол»"
   }
  },
  {
   "type": "Feature",
   "geometry": {
    "type": "Point",
    "coordinates": [
     37.4622295,
     55.8099037
    ]
   },
   "properties": {
    "route": 28,
    "direction_id": 1,
    "stop_sequence": 7,
    "stop_id": "osm:946177826",
    "stop_name": "Метро «Щукинская»",
    "source": "OSM",
    "source_date": "2025-12-25",
    "direction_name": "Проспект Маршала Жукова — Метро «Сокол»"
   }
  },
  {
   "type": "Feature",
   "geometry": {
    "type": "Point",
    "coordinates": [
     37.4689969,
     55.8101418
    ]
   },
   "properties": {
    "route": 28,
    "direction_id": 1,
    "stop_sequence": 8,
    "stop_id": "osm:946177823",
    "stop_name": "Диспансер",
    "source": "OSM",
    "source_date": "2025-12-25",
    "direction_name": "Проспект Маршала Жукова — Метро «Сокол»"
   }
  },
  {
   "type": "Feature",
   "geometry": {
    "type": "Point",
    "coordinates": [
     37.4743843,
     55.8103108
    ]
   },
   "properties": {
    "route": 28,
    "direction_id": 1,
    "stop_sequence": 9,
    "stop_id": "osm:6162356566",
    "stop_name": "Покровское-Стрешнево",
    "source": "OSM",
    "source_date": "2025-12-25",
    "direction_name": "Проспект Маршала Жукова — Метро «Сокол»"
   }
  },
  {
   "type": "Feature",
   "geometry": {
    "type": "Point",
    "coordinates": [
     37.4769147,
     55.8103898
    ]
   },
   "properties": {
    "route": 28,
    "direction_id": 1,
    "stop_sequence": 10,
    "stop_id": "osm:943034221",
    "stop_name": "Улица Академика Курчатова",
    "source": "OSM",
    "source_date": "2025-12-25",
    "direction_name": "Проспект Маршала Жукова — Метро «Сокол»"
   }
  },
  {
   "type": "Feature",
   "geometry": {
    "type": "Point",
    "coordinates": [
     37.4831449,
     55.8106182
    ]
   },
   "properties": {
    "route": 28,
    "direction_id": 1,
    "stop_sequence": 11,
    "stop_id": "osm:943034197",
    "stop_name": "Пехотная улица",
    "source": "OSM",
    "source_date": "2025-12-25",
    "direction_name": "Проспект Маршала Жукова — Метро «Сокол»"
   }
  },
  {
   "type": "Feature",
   "geometry": {
    "type": "Point",
    "coordinates": [
     37.4942834,
     55.8088711
    ]
   },
   "properties": {
    "route": 28,
    "direction_id": 1,
    "stop_sequence": 12,
    "stop_id": "osm:2424317941",
    "stop_name": "Улица Панфилова",
    "source": "OSM",
    "source_date": "2025-12-25",
    "direction_name": "Проспект Маршала Жукова — Метро «Сокол»"
   }
  },
  {
   "type": "Feature",
   "geometry": {
    "type": "Point",
    "coordinates": [
     37.4996145,
     55.8077868
    ]
   },
   "properties": {
    "route": 28,
    "direction_id": 1,
    "stop_sequence": 13,
    "stop_id": "osm:2424320142",
    "stop_name": "Университет РОСБИОТЕХ",
    "source": "OSM",
    "source_date": "2025-12-25",
    "direction_name": "Проспект Маршала Жукова — Метро «Сокол»"
   }
  },
  {
   "type": "Feature",
   "geometry": {
    "type": "Point",
    "coordinates": [
     37.5048796,
     55.8067939
    ]
   },
   "properties": {
    "route": 28,
    "direction_id": 1,
    "stop_sequence": 14,
    "stop_id": "osm:2424327578",
    "stop_name": "Гидропроект",
    "source": "OSM",
    "source_date": "2025-12-25",
    "direction_name": "Проспект Маршала Жукова — Метро «Сокол»"
   }
  },
  {
   "type": "Feature",
   "geometry": {
    "type": "Point",
    "coordinates": [
     37.5086983,
     55.805802
    ]
   },
   "properties": {
    "route": 28,
    "direction_id": 1,
    "stop_sequence": 15,
    "stop_id": "osm:2424418056",
    "stop_name": "Метро «Сокол»",
    "source": "OSM",
    "source_date": "2025-12-25",
    "direction_name": "Проспект Маршала Жукова — Метро «Сокол»"
   }
  },
  {
   "type": "Feature",
   "geometry": {
    "type": "Point",
    "coordinates": [
     37.7238732,
     55.7530488
    ]
   },
   "properties": {
    "route": 50,
    "direction_id": 0,
    "stop_sequence": 1,
    "stop_id": "osm:800886899",
    "stop_name": "Дом культуры «Компрессор»",
    "source": "OSM",
    "source_date": "2025-12-25",
    "direction_name": "Дом культуры «Компрессор» — Метро «Новослободская»"
   }
  },
  {
   "type": "Feature",
   "geometry": {
    "type": "Point",
    "coordinates": [
     37.7205977,
     55.7524097
    ]
   },
   "properties": {
    "route": 50,
    "direction_id": 0,
    "stop_sequence": 2,
    "stop_id": "osm:7618078829",
    "stop_name": "Метро «Авиамоторная»",
    "source": "OSM",
    "source_date": "2025-12-25",
    "direction_name": "Дом культуры «Компрессор» — Метро «Новослободская»"
   }
  },
  {
   "type": "Feature",
   "geometry": {
    "type": "Point",
    "coordinates": [
     37.7157334,
     55.7515035
    ]
   },
   "properties": {
    "route": 50,
    "direction_id": 0,
    "stop_sequence": 3,
    "stop_id": "osm:800886916",
    "stop_name": "Метро «Авиамоторная»",
    "source": "OSM",
    "source_date": "2025-12-25",
    "direction_name": "Дом культуры «Компрессор» — Метро «Новослободская»"
   }
  },
  {
   "type": "Feature",
   "geometry": {
    "type": "Point",
    "coordinates": [
     37.7087173,
     55.7542282
    ]
   },
   "properties": {
    "route": 50,
    "direction_id": 0,
    "stop_sequence": 4,
    "stop_id": "osm:1507754589",
    "stop_name": "МЭИ",
    "source": "OSM",
    "source_date": "2025-12-25",
    "direction_name": "Дом культуры «Компрессор» — Метро «Новослободская»"
   }
  },
  {
   "type": "Feature",
   "geometry": {
    "type": "Point",
    "coordinates": [
     37.6987546,
     55.7575325
    ]
   },
   "properties": {
    "route": 50,
    "direction_id": 0,
    "stop_sequence": 5,
    "stop_id": "osm:1507754571",
    "stop_name": "Улица Лефортовский Вал",
    "source": "OSM",
    "source_date": "2025-12-25",
    "direction_name": "Дом культуры «Компрессор» — Метро «Новослободская»"
   }
  },
  {
   "type": "Feature",
   "geometry": {
    "type": "Point",
    "coordinates": [
     37.6932552,
     55.7593737
    ]
   },
   "properties": {
    "route": 50,
    "direction_id": 0,
    "stop_sequence": 6,
    "stop_id": "osm:1507754852",
    "stop_name": "1-й Краснокурсантский проезд",
    "source": "OSM",
    "source_date": "2025-12-25",
    "direction_name": "Дом культуры «Компрессор» — Метро «Новослободская»"
   }
  },
  {
   "type": "Feature",
   "geometry": {
    "type": "Point",
    "coordinates": [
     37.6880219,
     55.7612358
    ]
   },
   "properties": {
    "route": 50,
    "direction_id": 0,
    "stop_sequence": 7,
    "stop_id": "osm:1507754587",
    "stop_name": "Лефортовский мост",
    "source": "OSM",
    "source_date": "2025-12-25",
    "direction_name": "Дом культуры «Компрессор» — Метро «Новослободская»"
   }
  },
  {
   "type": "Feature",
   "geometry": {
    "type": "Point",
    "coordinates": [
     37.682302,
     55.7628491
    ]
   },
   "properties": {
    "route": 50,
    "direction_id": 0,
    "stop_sequence": 8,
    "stop_id": "osm:2360761231",
    "stop_name": "Лефортовская набережная",
    "source": "OSM",
    "source_date": "2025-12-25",
    "direction_name": "Дом культуры «Компрессор» — Метро «Новослободская»"
   }
  },
  {
   "type": "Feature",
   "geometry": {
    "type": "Point",
    "coordinates": [
     37.6801323,
     55.7652327
    ]
   },
   "properties": {
    "route": 50,
    "direction_id": 0,
    "stop_sequence": 9,
    "stop_id": "osm:2360708033",
    "stop_name": "МГТУ имени Баумана",
    "source": "OSM",
    "source_date": "2025-12-25",
    "direction_name": "Дом культуры «Компрессор» — Метро «Новослободская»"
   }
  },
  {
   "type": "Feature",
   "geometry": {
    "type": "Point",
    "coordinates": [
     37.6796233,
     55.768105
    ]
   },
   "properties": {
    "route": 50,
    "direction_id": 0,
    "stop_sequence": 10,
    "stop_id": "osm:2360708026",
    "stop_name": "Аптекарский переулок",
    "source": "OSM",
    "source_date": "2025-12-25",
    "direction_name": "Дом культуры «Компрессор» — Метро «Новослободская»"
   }
  },
  {
   "type": "Feature",
   "geometry": {
    "type": "Point",
    "coordinates": [
     37.6786612,
     55.772195
    ]
   },
   "properties": {
    "route": 50,
    "direction_id": 0,
    "stop_sequence": 11,
    "stop_id": "osm:2360708034",
    "stop_name": "Метро «Бауманская»",
    "source": "OSM",
    "source_date": "2025-12-25",
    "direction_name": "Дом культуры «Компрессор» — Метро «Новослободская»"
   }
  },
  {
   "type": "Feature",
   "geometry": {
    "type": "Point",
    "coordinates": [
     37.6778637,
     55.7751735
    ]
   },
   "properties": {
    "route": 50,
    "direction_id": 0,
    "stop_sequence": 12,
    "stop_id": "osm:2358271807",
    "stop_name": "Басманный двор",
    "source": "OSM",
    "source_date": "2025-12-25",
    "direction_name": "Дом культуры «Компрессор» — Метро «Новослободская»"
   }
  },
  {
   "type": "Feature",
   "geometry": {
    "type": "Point",
    "coordinates": [
     37.6734216,
     55.777094
    ]
   },
   "properties": {
    "route": 50,
    "direction_id": 0,
    "stop_sequence": 13,
    "stop_id": "osm:2358271811",
    "stop_name": "Поликлиника",
    "source": "OSM",
    "source_date": "2025-12-25",
    "direction_name": "Дом культуры «Компрессор» — Метро «Новослободская»"
   }
  },
  {
   "type": "Feature",
   "geometry": {
    "type": "Point",
    "coordinates": [
     37.6703821,
     55.7763944
    ]
   },
   "properties": {
    "route": 50,
    "direction_id": 0,
    "stop_sequence": 14,
    "stop_id": "osm:2358271809",
    "stop_name": "Ольховская улица",
    "source": "OSM",
    "source_date": "2025-12-25",
    "direction_name": "Дом культуры «Компрессор» — Метро «Новослободская»"
   }
  },
  {
   "type": "Feature",
   "geometry": {
    "type": "Point",
    "coordinates": [
     37.6668325,
     55.7790764
    ]
   },
   "properties": {
    "route": 50,
    "direction_id": 0,
    "stop_sequence": 15,
    "stop_id": "osm:2358271813",
    "stop_name": "Метро «Красносельская»",
    "source": "OSM",
    "source_date": "2025-12-25",
    "direction_name": "Дом культуры «Компрессор» — Метро «Новослободская»"
   }
  },
  {
   "type": "Feature",
   "geometry": {
    "type": "Point",
    "coordinates": [
     37.6563076,
     55.7754616
    ]
   },
   "properties": {
    "route": 50,
    "direction_id": 0,
    "stop_sequence": 16,
    "stop_id": "osm:387747233",
    "stop_name": "Метро «Комсомольская»",
    "source": "OSM",
    "source_date": "2025-12-25",
    "direction_name": "Дом культуры «Компрессор» — Метро «Новослободская»"
   }
  },
  {
   "type": "Feature",
   "geometry": {
    "type": "Point",
    "coordinates": [
     37.6527737,
     55.7746859
    ]
   },
   "properties": {
    "route": 50,
    "direction_id": 0,
    "stop_sequence": 17,
    "stop_id": "osm:13134322142",
    "stop_name": "МЦД Площадь трёх вокзалов",
    "source": "OSM",
    "source_date": "2025-12-25",
    "direction_name": "Дом культуры «Компрессор» — Метро «Новослободская»"
   }
  },
  {
   "type": "Feature",
   "geometry": {
    "type": "Point",
    "coordinates": [
     37.6496992,
     55.7762135
    ]
   },
   "properties": {
    "route": 50,
    "direction_id": 0,
    "stop_sequence": 18,
    "stop_id": "osm:2214943613",
    "stop_name": "Каланчёвская улица",
    "source": "OSM",
    "source_date": "2025-12-25",
    "direction_name": "Дом культуры «Компрессор» — Метро «Новослободская»"
   }
  },
  {
   "type": "Feature",
   "geometry": {
    "type": "Point",
    "coordinates": [
     37.6451873,
     55.7795661
    ]
   },
   "properties": {
    "route": 50,
    "direction_id": 0,
    "stop_sequence": 19,
    "stop_id": "osm:697485006",
    "stop_name": "Пантелеевская улица",
    "source": "OSM",
    "source_date": "2025-12-25",
    "direction_name": "Дом культуры «Компрессор» — Метро «Новослободская»"
   }
  },
  {
   "type": "Feature",
   "geometry": {
    "type": "Point",
    "coordinates": [
     37.6414789,
     55.7797137
    ]
   },
   "properties": {
    "route": 50,
    "direction_id": 0,
    "stop_sequence": 20,
    "stop_id": "osm:473120403",
    "stop_name": "Астраханский переулок",
    "source": "OSM",
    "source_date": "2025-12-25",
    "direction_name": "Дом культуры «Компрессор» — Метро «Новослободская»"
   }
  },
  {
   "type": "Feature",
   "geometry": {
    "type": "Point",
    "coordinates": [
     37.6391258,
     55.7799462
    ]
   },
   "properties": {
    "route": 50,
    "direction_id": 0,
    "stop_sequence": 21,
    "stop_id": "osm:697485002",
    "stop_name": "Ботанический переулок",
    "source": "OSM",
    "source_date": "2025-12-25",
    "direction_name": "Дом культуры «Компрессор» — Метро «Новослободская»"
   }
  },
  {
   "type": "Feature",
   "geometry": {
    "type": "Point",
    "coordinates": [
     37.6345339,
     55.7804252
    ]
   },
   "properties": {
    "route": 50,
    "direction_id": 0,
    "stop_sequence": 22,
    "stop_id": "osm:697485003",
    "stop_name": "Метро «Проспект Мира»",
    "source": "OSM",
    "source_date": "2025-12-25",
    "direction_name": "Дом культуры «Компрессор» — Метро «Новослободская»"
   }
  },
  {
   "type": "Feature",
   "geometry": {
    "type": "Point",
    "coordinates": [
     37.6322647,
     55.7806765
    ]
   },
   "properties": {
    "route": 50,
    "direction_id": 0,
    "stop_sequence": 23,
    "stop_id": "osm:4656724436",
    "stop_name": "Спорткомплекс «Олимпийский»",
    "source": "OSM",
    "source_date": "2025-12-25",
    "direction_name": "Дом культуры «Компрессор» — Метро «Новослободская»"
   }
  },
  {
   "type": "Feature",
   "geometry": {
    "type": "Point",
    "coordinates": [
     37.6309371,
     55.7797081
    ]
   },
   "properties": {
    "route": 50,
    "direction_id": 0,
    "stop_sequence": 24,
    "stop_id": "osm:1257401479",
    "stop_name": "Улица Гиляровского",
    "source": "OSM",
    "source_date": "2025-12-25",
    "direction_name": "Дом культуры «Компрессор» — Метро «Новослободская»"
   }
  },
  {
   "type": "Feature",
   "geometry": {
    "type": "Point",
    "coordinates": [
     37.6295646,
     55.7783415
    ]
   },
   "properties": {
    "route": 50,
    "direction_id": 0,
    "stop_sequence": 25,
    "stop_id": "osm:1257401483",
    "stop_name": "Улица Щепкина",
    "source": "OSM",
    "source_date": "2025-12-25",
    "direction_name": "Дом культуры «Компрессор» — Метро «Новослободская»"
   }
  },
  {
   "type": "Feature",
   "geometry": {
    "type": "Point",
    "coordinates": [
     37.6237388,
     55.7789735
    ]
   },
   "properties": {
    "route": 50,
    "direction_id": 0,
    "stop_sequence": 26,
    "stop_id": "osm:3016214907",
    "stop_name": "Театр зверей имени Дурова",
    "source": "OSM",
    "source_date": "2025-12-25",
    "direction_name": "Дом культуры «Компрессор» — Метро «Новослободская»"
   }
  },
  {
   "type": "Feature",
   "geometry": {
    "type": "Point",
    "coordinates": [
     37.6168427,
     55.7785719
    ]
   },
   "properties": {
    "route": 50,
    "direction_id": 0,
    "stop_sequence": 27,
    "stop_id": "osm:3598834231",
    "stop_name": "Самотёчная улица",
    "source": "OSM",
    "source_date": "2025-12-25",
    "direction_name": "Дом культуры «Компрессор» — Метро «Новослободская»"
   }
  },
  {
   "type": "Feature",
   "geometry": {
    "type": "Point",
    "coordinates": [
     37.6131408,
     55.7794186
    ]
   },
   "properties": {
    "route": 50,
    "direction_id": 0,
    "stop_sequence": 28,
    "stop_id": "osm:1257401477",
    "stop_name": "4-й Самотёчный переулок",
    "source": "OSM",
    "source_date": "2025-12-25",
    "direction_name": "Дом культуры «Компрессор» — Метро «Новослободская»"
   }
  },
  {
   "type": "Feature",
   "geometry": {
    "type": "Point",
    "coordinates": [
     37.6090907,
     55.7805585
    ]
   },
   "properties": {
    "route": 50,
    "direction_id": 0,
    "stop_sequence": 29,
    "stop_id": "osm:3016716232",
    "stop_name": "Селезнёвская улица",
    "source": "OSM",
    "source_date": "2025-12-25",
    "direction_name": "Дом культуры «Компрессор» — Метро «Новослободская»"
   }
  },
  {
   "type": "Feature",
   "geometry": {
    "type": "Point",
    "coordinates": [
     37.6108477,
     55.7826567
    ]
   },
   "properties": {
    "route": 50,
    "direction_id": 0,
    "stop_sequence": 30,
    "stop_id": "osm:1257401460",
    "stop_name": "Улица Достоевского",
    "source": "OSM",
    "source_date": "2025-12-25",
    "direction_name": "Дом культуры «Компрессор» — Метро «Новослободская»"
   }
  },
  {
   "type": "Feature",
   "geometry": {
    "type": "Point",
    "coordinates": [
     37.6067729,
     55.7851841
    ]
   },
   "properties": {
    "route": 50,
    "direction_id": 0,
    "stop_sequence": 31,
    "stop_id": "osm:12464911097",
    "stop_name": "Площадь Борьбы",
    "source": "OSM",
    "source_date": "2025-12-25",
    "direction_name": "Дом культуры «Компрессор» — Метро «Новослободская»"
   }
  },
  {
   "type": "Feature",
   "geometry": {
    "type": "Point",
    "coordinates": [
     37.6087215,
     55.787001
    ]
   },
   "properties": {
    "route": 50,
    "direction_id": 0,
    "stop_sequence": 32,
    "stop_id": "osm:2631470100",
    "stop_name": "Главный корпус МИИТ",
    "source": "OSM",
    "source_date": "2025-12-25",
    "direction_name": "Дом культуры «Компрессор» — Метро «Новослободская»"
   }
  },
  {
   "type": "Feature",
   "geometry": {
    "type": "Point",
    "coordinates": [
     37.6099502,
     55.7889435
    ]
   },
   "properties": {
    "route": 50,
    "direction_id": 0,
    "stop_sequence": 33,
    "stop_id": "osm:13388798130",
    "stop_name": "МИИТ",
    "source": "OSM",
    "source_date": "2025-12-25",
    "direction_name": "Дом культуры «Компрессор» — Метро «Новослободская»"
   }
  },
  {
   "type": "Feature",
   "geometry": {
    "type": "Point",
    "coordinates": [
     37.6093138,
     55.790079
    ]
   },
   "properties": {
    "route": 50,
    "direction_id": 0,
    "stop_sequence": 34,
    "stop_id": "osm:2631470114",
    "stop_name": "Улица Образцова",
    "source": "OSM",
    "source_date": "2025-12-25",
    "direction_name": "Дом культуры «Компрессор» — Метро «Новослободская»"
   }
  },
  {
   "type": "Feature",
   "geometry": {
    "type": "Point",
    "coordinates": [
     37.6045073,
     55.7897343
    ]
   },
   "properties": {
    "route": 50,
    "direction_id": 0,
    "stop_sequence": 35,
    "stop_id": "osm:2631470097",
    "stop_name": "Дворец культуры МИИТ",
    "source": "OSM",
    "source_date": "2025-12-25",
    "direction_name": "Дом культуры «Компрессор» — Метро «Новослободская»"
   }
  },
  {
   "type": "Feature",
   "geometry": {
    "type": "Point",
    "coordinates": [
     37.6011028,
     55.7894817
    ]
   },
   "properties": {
    "route": 50,
    "direction_id": 0,
    "stop_sequence": 36,
    "stop_id": "osm:2631470108",
    "stop_name": "Минаевский переулок",
    "source": "OSM",
    "source_date": "2025-12-25",
    "direction_name": "Дом культуры «Компрессор» — Метро «Новослободская»"
   }
  },
  {
   "type": "Feature",
   "geometry": {
    "type": "Point",
    "coordinates": [
     37.6005454,
     55.7880228
    ]
   },
   "properties": {
    "route": 50,
    "direction_id": 0,
    "stop_sequence": 37,
    "stop_id": "osm:2631470112",
    "stop_name": "Тихвинский переулок",
    "source": "OSM",
    "source_date": "2025-12-25",
    "direction_name": "Дом культуры «Компрессор» — Метро «Новослободская»"
   }
  },
  {
   "type": "Feature",
   "geometry": {
    "type": "Point",
    "coordinates": [
     37.6012202,
     55.7843331
    ]
   },
   "properties": {
    "route": 50,
    "direction_id": 0,
    "stop_sequence": 38,
    "stop_id": "osm:3007026870",
    "stop_name": "Улица Палиха",
    "source": "OSM",
    "source_date": "2025-12-25",
    "direction_name": "Дом культуры «Компрессор» — Метро «Новослободская»"
   }
  },
  {
   "type": "Feature",
   "geometry": {
    "type": "Point",
    "coordinates": [
     37.6016624,
     55.7819789
    ]
   },
   "properties": {
    "route": 50,
    "direction_id": 0,
    "stop_sequence": 39,
    "stop_id": "osm:4291992589",
    "stop_name": "Метро «Менделеевская»",
    "source": "OSM",
    "source_date": "2025-12-25",
    "direction_name": "Дом культуры «Компрессор» — Метро «Новослободская»"
   }
  },
  {
   "type": "Feature",
   "geometry": {
    "type": "Point",
    "coordinates": [
     37.6022115,
     55.7797846
    ]
   },
   "properties": {
    "route": 50,
    "direction_id": 0,
    "stop_sequence": 40,
    "stop_id": "osm:3016749921",
    "stop_name": "Метро «Новослободская»",
    "source": "OSM",
    "source_date": "2025-12-25",
    "direction_name": "Дом культуры «Компрессор» — Метро «Новослободская»"
   }
  },
  {
   "type": "Feature",
   "geometry": {
    "type": "Point",
    "coordinates": [
     37.6044974,
     55.7788865
    ]
   },
   "properties": {
    "route": 50,
    "direction_id": 0,
    "stop_sequence": 41,
    "stop_id": "osm:3016750433",
    "stop_name": "Метро «Новослободская»",
    "source": "OSM",
    "source_date": "2025-12-25",
    "direction_name": "Дом культуры «Компрессор» — Метро «Новослободская»"
   }
  },
  {
   "type": "Feature",
   "geometry": {
    "type": "Point",
    "coordinates": [
     37.6044974,
     55.7788865
    ]
   },
   "properties": {
    "route": 50,
    "direction_id": 1,
    "stop_sequence": 1,
    "stop_id": "osm:3016750433",
    "stop_name": "Метро «Новослободская»",
    "source": "OSM",
    "source_date": "2025-12-25",
    "direction_name": "Метро «Новослободская» — Дом культуры «Компрессор»"
   }
  },
  {
   "type": "Feature",
   "geometry": {
    "type": "Point",
    "coordinates": [
     37.6021809,
     55.7799775
    ]
   },
   "properties": {
    "route": 50,
    "direction_id": 1,
    "stop_sequence": 2,
    "stop_id": "osm:3016750453",
    "stop_name": "Метро «Новослободская»",
    "source": "OSM",
    "source_date": "2025-12-25",
    "direction_name": "Метро «Новослободская» — Дом культуры «Компрессор»"
   }
  },
  {
   "type": "Feature",
   "geometry": {
    "type": "Point",
    "coordinates": [
     37.6016908,
     55.7822532
    ]
   },
   "properties": {
    "route": 50,
    "direction_id": 1,
    "stop_sequence": 3,
    "stop_id": "osm:679350543",
    "stop_name": "Метро «Менделеевская»",
    "source": "OSM",
    "source_date": "2025-12-25",
    "direction_name": "Метро «Новослободская» — Дом культуры «Компрессор»"
   }
  },
  {
   "type": "Feature",
   "geometry": {
    "type": "Point",
    "coordinates": [
     37.6015668,
     55.7856552
    ]
   },
   "properties": {
    "route": 50,
    "direction_id": 1,
    "stop_sequence": 4,
    "stop_id": "osm:2631470110",
    "stop_name": "Улица Палиха",
    "source": "OSM",
    "source_date": "2025-12-25",
    "direction_name": "Метро «Новослободская» — Дом культуры «Компрессор»"
   }
  },
  {
   "type": "Feature",
   "geometry": {
    "type": "Point",
    "coordinates": [
     37.6007055,
     55.7876989
    ]
   },
   "properties": {
    "route": 50,
    "direction_id": 1,
    "stop_sequence": 5,
    "stop_id": "osm:2631470111",
    "stop_name": "Тихвинский переулок",
    "source": "OSM",
    "source_date": "2025-12-25",
    "direction_name": "Метро «Новослободская» — Дом культуры «Компрессор»"
   }
  },
  {
   "type": "Feature",
   "geometry": {
    "type": "Point",
    "coordinates": [
     37.6025232,
     55.7895582
    ]
   },
   "properties": {
    "route": 50,
    "direction_id": 1,
    "stop_sequence": 6,
    "stop_id": "osm:4291992590",
    "stop_name": "Минаевский переулок",
    "source": "OSM",
    "source_date": "2025-12-25",
    "direction_name": "Метро «Новослободская» — Дом культуры «Компрессор»"
   }
  },
  {
   "type": "Feature",
   "geometry": {
    "type": "Point",
    "coordinates": [
     37.6050345,
     55.7897464
    ]
   },
   "properties": {
    "route": 50,
    "direction_id": 1,
    "stop_sequence": 7,
    "stop_id": "osm:2631470095",
    "stop_name": "Дворец культуры МИИТ",
    "source": "OSM",
    "source_date": "2025-12-25",
    "direction_name": "Метро «Новослободская» — Дом культуры «Компрессор»"
   }
  },
  {
   "type": "Feature",
   "geometry": {
    "type": "Point",
    "coordinates": [
     37.6088081,
     55.7900162
    ]
   },
   "properties": {
    "route": 50,
    "direction_id": 1,
    "stop_sequence": 8,
    "stop_id": "osm:2631470113",
    "stop_name": "Улица Образцова",
    "source": "OSM",
    "source_date": "2025-12-25",
    "direction_name": "Метро «Новослободская» — Дом культуры «Компрессор»"
   }
  },
  {
   "type": "Feature",
   "geometry": {
    "type": "Point",
    "coordinates": [
     37.6099015,
     55.7889999
    ]
   },
   "properties": {
    "route": 50,
    "direction_id": 1,
    "stop_sequence": 9,
    "stop_id": "osm:13388798128",
    "stop_name": "МИИТ",
    "source": "OSM",
    "source_date": "2025-12-25",
    "direction_name": "Метро «Новослободская» — Дом культуры «Компрессор»"
   }
  },
  {
   "type": "Feature",
   "geometry": {
    "type": "Point",
    "coordinates": [
     37.6090542,
     55.7873851
    ]
   },
   "properties": {
    "route": 50,
    "direction_id": 1,
    "stop_sequence": 10,
    "stop_id": "osm:2631470105",
    "stop_name": "Главный корпус МИИТ",
    "source": "OSM",
    "source_date": "2025-12-25",
    "direction_name": "Метро «Новослободская» — Дом культуры «Компрессор»"
   }
  },
  {
   "type": "Feature",
   "geometry": {
    "type": "Point",
    "coordinates": [
     37.6069101,
     55.7843377
    ]
   },
   "properties": {
    "route": 50,
    "direction_id": 1,
    "stop_sequence": 11,
    "stop_id": "osm:12464935104",
    "stop_name": "Площадь Борьбы",
    "source": "OSM",
    "source_date": "2025-12-25",
    "direction_name": "Метро «Новослободская» — Дом культуры «Компрессор»"
   }
  },
  {
   "type": "Feature",
   "geometry": {
    "type": "Point",
    "coordinates": [
     37.6104435,
     55.783144
    ]
   },
   "properties": {
    "route": 50,
    "direction_id": 1,
    "stop_sequence": 12,
    "stop_id": "osm:3007312924",
    "stop_name": "Улица Достоевского",
    "source": "OSM",
    "source_date": "2025-12-25",
    "direction_name": "Метро «Новослободская» — Дом культуры «Компрессор»"
   }
  },
  {
   "type": "Feature",
   "geometry": {
    "type": "Point",
    "coordinates": [
     37.6091909,
     55.7811663
    ]
   },
   "properties": {
    "route": 50,
    "direction_id": 1,
    "stop_sequence": 13,
    "stop_id": "osm:3016721033",
    "stop_name": "Селезнёвская улица",
    "source": "OSM",
    "source_date": "2025-12-25",
    "direction_name": "Метро «Новослободская» — Дом культуры «Компрессор»"
   }
  },
  {
   "type": "Feature",
   "geometry": {
    "type": "Point",
    "coordinates": [
     37.6128558,
     55.7795009
    ]
   },
   "properties": {
    "route": 50,
    "direction_id": 1,
    "stop_sequence": 14,
    "stop_id": "osm:473120396",
    "stop_name": "4-й Самотёчный переулок",
    "source": "OSM",
    "source_date": "2025-12-25",
    "direction_name": "Метро «Новослободская» — Дом культуры «Компрессор»"
   }
  },
  {
   "type": "Feature",
   "geometry": {
    "type": "Point",
    "coordinates": [
     37.6169873,
     55.778521
    ]
   },
   "properties": {
    "route": 50,
    "direction_id": 1,
    "stop_sequence": 15,
    "stop_id": "osm:473120397",
    "stop_name": "Самотёчная улица",
    "source": "OSM",
    "source_date": "2025-12-25",
    "direction_name": "Метро «Новослободская» — Дом культуры «Компрессор»"
   }
  },
  {
   "type": "Feature",
   "geometry": {
    "type": "Point",
    "coordinates": [
     37.6232957,
     55.7790421
    ]
   },
   "properties": {
    "route": 50,
    "direction_id": 1,
    "stop_sequence": 16,
    "stop_id": "osm:3016214896",
    "stop_name": "Театр зверей имени Дурова",
    "source": "OSM",
    "source_date": "2025-12-25",
    "direction_name": "Метро «Новослободская» — Дом культуры «Компрессор»"
   }
  },
  {
   "type": "Feature",
   "geometry": {
    "type": "Point",
    "coordinates": [
     37.6286886,
     55.778312
    ]
   },
   "properties": {
    "route": 50,
    "direction_id": 1,
    "stop_sequence": 17,
    "stop_id": "osm:473120399",
    "stop_name": "Улица Щепкина",
    "source": "OSM",
    "source_date": "2025-12-25",
    "direction_name": "Метро «Новослободская» — Дом культуры «Компрессор»"
   }
  },
  {
   "type": "Feature",
   "geometry": {
    "type": "Point",
    "coordinates": [
     37.630905,
     55.7792951
    ]
   },
   "properties": {
    "route": 50,
    "direction_id": 1,
    "stop_sequence": 18,
    "stop_id": "osm:473120400",
    "stop_name": "Улица Гиляровского",
    "source": "OSM",
    "source_date": "2025-12-25",
    "direction_name": "Метро «Новослободская» — Дом культуры «Компрессор»"
   }
  },
  {
   "type": "Feature",
   "geometry": {
    "type": "Point",
    "coordinates": [
     37.6323751,
     55.7806137
    ]
   },
   "properties": {
    "route": 50,
    "direction_id": 1,
    "stop_sequence": 19,
    "stop_id": "osm:4656724435",
    "stop_name": "Спорткомплекс «Олимпийский»",
    "source": "OSM",
    "source_date": "2025-12-25",
    "direction_name": "Метро «Новослободская» — Дом культуры «Компрессор»"
   }
  },
  {
   "type": "Feature",
   "geometry": {
    "type": "Point",
    "coordinates": [
     37.6343838,
     55.7804065
    ]
   },
   "properties": {
    "route": 50,
    "direction_id": 1,
    "stop_sequence": 20,
    "stop_id": "osm:473120401",
    "stop_name": "Метро «Проспект Мира»",
    "source": "OSM",
    "source_date": "2025-12-25",
    "direction_name": "Метро «Новослободская» — Дом культуры «Компрессор»"
   }
  },
  {
   "type": "Feature",
   "geometry": {
    "type": "Point",
    "coordinates": [
     37.6399804,
     55.7798197
    ]
   },
   "properties": {
    "route": 50,
    "direction_id": 1,
    "stop_sequence": 21,
    "stop_id": "osm:473120402",
    "stop_name": "Ботанический переулок",
    "source": "OSM",
    "source_date": "2025-12-25",
    "direction_name": "Метро «Новослободская» — Дом культуры «Компрессор»"
   }
  },
  {
   "type": "Feature",
   "geometry": {
    "type": "Point",
    "coordinates": [
     37.6420429,
     55.7796845
    ]
   },
   "properties": {
    "route": 50,
    "direction_id": 1,
    "stop_sequence": 22,
    "stop_id": "osm:4291989484",
    "stop_name": "Астраханский переулок",
    "source": "OSM",
    "source_date": "2025-12-25",
    "direction_name": "Метро «Новослободская» — Дом культуры «Компрессор»"
   }
  },
  {
   "type": "Feature",
   "geometry": {
    "type": "Point",
    "coordinates": [
     37.6454248,
     55.7793525
    ]
   },
   "properties": {
    "route": 50,
    "direction_id": 1,
    "stop_sequence": 23,
    "stop_id": "osm:473120404",
    "stop_name": "Пантелеевская улица",
    "source": "OSM",
    "source_date": "2025-12-25",
    "direction_name": "Метро «Новослободская» — Дом культуры «Компрессор»"
   }
  },
  {
   "type": "Feature",
   "geometry": {
    "type": "Point",
    "coordinates": [
     37.650312,
     55.7757977
    ]
   },
   "properties": {
    "route": 50,
    "direction_id": 1,
    "stop_sequence": 24,
    "stop_id": "osm:11987259526",
    "stop_name": "Каланчёвская улица",
    "source": "OSM",
    "source_date": "2025-12-25",
    "direction_name": "Метро «Новослободская» — Дом культуры «Компрессор»"
   }
  },
  {
   "type": "Feature",
   "geometry": {
    "type": "Point",
    "coordinates": [
     37.6531564,
     55.7746318
    ]
   },
   "properties": {
    "route": 50,
    "direction_id": 1,
    "stop_sequence": 25,
    "stop_id": "osm:13134322144",
    "stop_name": "МЦД Площадь трёх вокзалов",
    "source": "OSM",
    "source_date": "2025-12-25",
    "direction_name": "Метро «Новослободская» — Дом культуры «Компрессор»"
   }
  },
  {
   "type": "Feature",
   "geometry": {
    "type": "Point",
    "coordinates": [
     37.6555161,
     55.7752772
    ]
   },
   "properties": {
    "route": 50,
    "direction_id": 1,
    "stop_sequence": 26,
    "stop_id": "osm:471943151",
    "stop_name": "Метро «Комсомольская»",
    "source": "OSM",
    "source_date": "2025-12-25",
    "direction_name": "Метро «Новослободская» — Дом культуры «Компрессор»"
   }
  },
  {
   "type": "Feature",
   "geometry": {
    "type": "Point",
    "coordinates": [
     37.665607,
     55.7792274
    ]
   },
   "properties": {
    "route": 50,
    "direction_id": 1,
    "stop_sequence": 27,
    "stop_id": "osm:471943152",
    "stop_name": "Метро «Красносельская»",
    "source": "OSM",
    "source_date": "2025-12-25",
    "direction_name": "Метро «Новослободская» — Дом культуры «Компрессор»"
   }
  },
  {
   "type": "Feature",
   "geometry": {
    "type": "Point",
    "coordinates": [
     37.6669072,
     55.7789857
    ]
   },
   "properties": {
    "route": 50,
    "direction_id": 1,
    "stop_sequence": 28,
    "stop_id": "osm:2358271808",
    "stop_name": "Нижняя Красносельская улица",
    "source": "OSM",
    "source_date": "2025-12-25",
    "direction_name": "Метро «Новослободская» — Дом культуры «Компрессор»"
   }
  },
  {
   "type": "Feature",
   "geometry": {
    "type": "Point",
    "coordinates": [
     37.6699352,
     55.7766865
    ]
   },
   "properties": {
    "route": 50,
    "direction_id": 1,
    "stop_sequence": 29,
    "stop_id": "osm:2358271810",
    "stop_name": "Ольховская улица",
    "source": "OSM",
    "source_date": "2025-12-25",
    "direction_name": "Метро «Новослободская» — Дом культуры «Компрессор»"
   }
  },
  {
   "type": "Feature",
   "geometry": {
    "type": "Point",
    "coordinates": [
     37.6735399,
     55.777121
    ]
   },
   "properties": {
    "route": 50,
    "direction_id": 1,
    "stop_sequence": 30,
    "stop_id": "osm:2358271812",
    "stop_name": "Поликлиника",
    "source": "OSM",
    "source_date": "2025-12-25",
    "direction_name": "Метро «Новослободская» — Дом культуры «Компрессор»"
   }
  },
  {
   "type": "Feature",
   "geometry": {
    "type": "Point",
    "coordinates": [
     37.6777957,
     55.7752275
    ]
   },
   "properties": {
    "route": 50,
    "direction_id": 1,
    "stop_sequence": 31,
    "stop_id": "osm:2360708029",
    "stop_name": "Басманный двор",
    "source": "OSM",
    "source_date": "2025-12-25",
    "direction_name": "Метро «Новослободская» — Дом культуры «Компрессор»"
   }
  },
  {
   "type": "Feature",
   "geometry": {
    "type": "Point",
    "coordinates": [
     37.6785273,
     55.7725615
    ]
   },
   "properties": {
    "route": 50,
    "direction_id": 1,
    "stop_sequence": 32,
    "stop_id": "osm:2360708036",
    "stop_name": "Метро «Бауманская»",
    "source": "OSM",
    "source_date": "2025-12-25",
    "direction_name": "Метро «Новослободская» — Дом культуры «Компрессор»"
   }
  },
  {
   "type": "Feature",
   "geometry": {
    "type": "Point",
    "coordinates": [
     37.6793595,
     55.7691394
    ]
   },
   "properties": {
    "route": 50,
    "direction_id": 1,
    "stop_sequence": 33,
    "stop_id": "osm:2360708027",
    "stop_name": "Аптекарский переулок",
    "source": "OSM",
    "source_date": "2025-12-25",
    "direction_name": "Метро «Новослободская» — Дом культуры «Компрессор»"
   }
  },
  {
   "type": "Feature",
   "geometry": {
    "type": "Point",
    "coordinates": [
     37.680003,
     55.7656992
    ]
   },
   "properties": {
    "route": 50,
    "direction_id": 1,
    "stop_sequence": 34,
    "stop_id": "osm:2360708032",
    "stop_name": "МГТУ имени Баумана",
    "source": "OSM",
    "source_date": "2025-12-25",
    "direction_name": "Метро «Новослободская» — Дом культуры «Компрессор»"
   }
  },
  {
   "type": "Feature",
   "geometry": {
    "type": "Point",
    "coordinates": [
     37.6815409,
     55.7628785
    ]
   },
   "properties": {
    "route": 50,
    "direction_id": 1,
    "stop_sequence": 35,
    "stop_id": "osm:2360761234",
    "stop_name": "Лефортовская набережная",
    "source": "OSM",
    "source_date": "2025-12-25",
    "direction_name": "Метро «Новослободская» — Дом культуры «Компрессор»"
   }
  },
  {
   "type": "Feature",
   "geometry": {
    "type": "Point",
    "coordinates": [
     37.688202,
     55.76114
    ]
   },
   "properties": {
    "route": 50,
    "direction_id": 1,
    "stop_sequence": 36,
    "stop_id": "osm:1507754582",
    "stop_name": "Лефортовский мост",
    "source": "OSM",
    "source_date": "2025-12-25",
    "direction_name": "Метро «Новослободская» — Дом культуры «Компрессор»"
   }
  },
  {
   "type": "Feature",
   "geometry": {
    "type": "Point",
    "coordinates": [
     37.6949228,
     55.7587729
    ]
   },
   "properties": {
    "route": 50,
    "direction_id": 1,
    "stop_sequence": 37,
    "stop_id": "osm:1507754858",
    "stop_name": "1-й Краснокурсантский проезд",
    "source": "OSM",
    "source_date": "2025-12-25",
    "direction_name": "Метро «Новослободская» — Дом культуры «Компрессор»"
   }
  },
  {
   "type": "Feature",
   "geometry": {
    "type": "Point",
    "coordinates": [
     37.699614,
     55.7572129
    ]
   },
   "properties": {
    "route": 50,
    "direction_id": 1,
    "stop_sequence": 38,
    "stop_id": "osm:1507754577",
    "stop_name": "Улица Лефортовский Вал",
    "source": "OSM",
    "source_date": "2025-12-25",
    "direction_name": "Метро «Новослободская» — Дом культуры «Компрессор»"
   }
  },
  {
   "type": "Feature",
   "geometry": {
    "type": "Point",
    "coordinates": [
     37.707971,
     55.7544512
    ]
   },
   "properties": {
    "route": 50,
    "direction_id": 1,
    "stop_sequence": 39,
    "stop_id": "osm:1507754592",
    "stop_name": "МЭИ",
    "source": "OSM",
    "source_date": "2025-12-25",
    "direction_name": "Метро «Новослободская» — Дом культуры «Компрессор»"
   }
  },
  {
   "type": "Feature",
   "geometry": {
    "type": "Point",
    "coordinates": [
     37.7161454,
     55.7515552
    ]
   },
   "properties": {
    "route": 50,
    "direction_id": 1,
    "stop_sequence": 40,
    "stop_id": "osm:250722843",
    "stop_name": "Метро «Авиамоторная»",
    "source": "OSM",
    "source_date": "2025-12-25",
    "direction_name": "Метро «Новослободская» — Дом культуры «Компрессор»"
   }
  },
  {
   "type": "Feature",
   "geometry": {
    "type": "Point",
    "coordinates": [
     37.7203255,
     55.7523273
    ]
   },
   "properties": {
    "route": 50,
    "direction_id": 1,
    "stop_sequence": 41,
    "stop_id": "osm:7618078828",
    "stop_name": "Метро «Авиамоторная»",
    "source": "OSM",
    "source_date": "2025-12-25",
    "direction_name": "Метро «Новослободская» — Дом культуры «Компрессор»"
   }
  },
  {
   "type": "Feature",
   "geometry": {
    "type": "Point",
    "coordinates": [
     37.7237671,
     55.7529882
    ]
   },
   "properties": {
    "route": 50,
    "direction_id": 1,
    "stop_sequence": 42,
    "stop_id": "osm:695081254",
    "stop_name": "Дом культуры «Компрессор»",
    "source": "OSM",
    "source_date": "2025-12-25",
    "direction_name": "Метро «Новослободская» — Дом культуры «Компрессор»"
   }
  }
 ]
}